record_id,cpse,original_description,normalized_description,canonical_id,canonical_description,category,description_similarity
0,CPSE-C,4CX25 SQMM PVC CABLE 1.1KV,4CX25 SQMM PVC CABLE 1.1KV,CM0061,1C X 2.5 SQMM PVC CABLE 1.1KV,ELECTRICAL_CABLE,87.27272727272728
0,CPSE-C,4CX25 SQMM PVC CABLE 1.1KV,4CX25 SQMM PVC CABLE 1.1KV,CM0062,1C X 4 SQMM PVC CABLE 1.1KV,ELECTRICAL_CABLE,86.95652173913044
0,CPSE-C,4CX25 SQMM PVC CABLE 1.1KV,4CX25 SQMM PVC CABLE 1.1KV,CM0063,3C X 2.5 SQMM PVC CABLE 1.1KV,ELECTRICAL_CABLE,86.95652173913044
0,CPSE-C,4CX25 SQMM PVC CABLE 1.1KV,4CX25 SQMM PVC CABLE 1.1KV,CM0064,3C X 4 SQMM PVC CABLE 1.1KV,ELECTRICAL_CABLE,86.95652173913044
0,CPSE-C,4CX25 SQMM PVC CABLE 1.1KV,4CX25 SQMM PVC CABLE 1.1KV,CM0065,3C X 6 SQMM PVC CABLE 1.1KV,ELECTRICAL_CABLE,86.95652173913044
0,CPSE-C,4CX25 SQMM PVC CABLE 1.1KV,4CX25 SQMM PVC CABLE 1.1KV,CM0066,4C X 10 SQMM PVC CABLE 1.1KV,ELECTRICAL_CABLE,88.88888888888889
0,CPSE-C,4CX25 SQMM PVC CABLE 1.1KV,4CX25 SQMM PVC CABLE 1.1KV,CM0067,4C X 16 SQMM PVC CABLE 1.1KV,ELECTRICAL_CABLE,88.88888888888889
0,CPSE-C,4CX25 SQMM PVC CABLE 1.1KV,4CX25 SQMM PVC CABLE 1.1KV,CM0068,4C X 25 SQMM PVC CABLE 1.1KV,ELECTRICAL_CABLE,88.88888888888889
0,CPSE-C,4CX25 SQMM PVC CABLE 1.1KV,4CX25 SQMM PVC CABLE 1.1KV,CM0069,3C X 35 SQMM PVC CABLE 1.1KV,ELECTRICAL_CABLE,86.95652173913044
0,CPSE-C,4CX25 SQMM PVC CABLE 1.1KV,4CX25 SQMM PVC CABLE 1.1KV,CM0070,4C X 50 SQMM PVC CABLE 1.1KV,ELECTRICAL_CABLE,88.88888888888889
1,CPSE-C,C/PMP 250 M3/H 70M HEAD 55KW,C PUMP 250 M3 H 70M HEAD 55KW,CM0081,CENTRIFUGAL PUMP 20 M3/H 30M HEAD 5.5KW,PUMP,64.70588235294117
1,CPSE-C,C/PMP 250 M3/H 70M HEAD 55KW,C PUMP 250 M3 H 70M HEAD 55KW,CM0082,CENTRIFUGAL PUMP 30 M3/H 40M HEAD 7.5KW,PUMP,58.8235294117647
1,CPSE-C,C/PMP 250 M3/H 70M HEAD 55KW,C PUMP 250 M3 H 70M HEAD 55KW,CM0083,CENTRIFUGAL PUMP 50 M3/H 50M HEAD 11KW,PUMP,62.6865671641791
1,CPSE-C,C/PMP 250 M3/H 70M HEAD 55KW,C PUMP 250 M3 H 70M HEAD 55KW,CM0084,CENTRIFUGAL PUMP 75 M3/H 40M HEAD 15KW,PUMP,62.6865671641791
1,CPSE-C,C/PMP 250 M3/H 70M HEAD 55KW,C PUMP 250 M3 H 70M HEAD 55KW,CM0085,CENTRIFUGAL PUMP 100 M3/H 50M HEAD 22KW,PUMP,64.70588235294117
1,CPSE-C,C/PMP 250 M3/H 70M HEAD 55KW,C PUMP 250 M3 H 70M HEAD 55KW,CM0086,CENTRIFUGAL PUMP 120 M3/H 60M HEAD 30KW,PUMP,67.64705882352942
1,CPSE-C,C/PMP 250 M3/H 70M HEAD 55KW,C PUMP 250 M3 H 70M HEAD 55KW,CM0087,CENTRIFUGAL PUMP 150 M3/H 50M HEAD 37KW,PUMP,67.64705882352942
1,CPSE-C,C/PMP 250 M3/H 70M HEAD 55KW,C PUMP 250 M3 H 70M HEAD 55KW,CM0088,CENTRIFUGAL PUMP 200 M3/H 60M HEAD 45KW,PUMP,70.58823529411765
1,CPSE-C,C/PMP 250 M3/H 70M HEAD 55KW,C PUMP 250 M3 H 70M HEAD 55KW,CM0089,CENTRIFUGAL PUMP 250 M3/H 70M HEAD 55KW,PUMP,86.27450980392157
1,CPSE-C,C/PMP 250 M3/H 70M HEAD 55KW,C PUMP 250 M3 H 70M HEAD 55KW,CM0090,CENTRIFUGAL PUMP 300 M3/H 80M HEAD 75KW,PUMP,67.64705882352942
2,CPSE-C,2 IN SW SS GRAPHITE GASKET 150 CLASS,2IN SW SS GRAPHITE GASKET 150 CLASS,CM0051,2 IN SPIRAL WOUND SS GRAPHITE GASKET 150 CLASS,GASKET,88.88888888888889
2,CPSE-C,2 IN SW SS GRAPHITE GASKET 150 CLASS,2IN SW SS GRAPHITE GASKET 150 CLASS,CM0052,3 IN SPIRAL WOUND SS GRAPHITE GASKET 150 CLASS,GASKET,88.88888888888889
2,CPSE-C,2 IN SW SS GRAPHITE GASKET 150 CLASS,2IN SW SS GRAPHITE GASKET 150 CLASS,CM0053,4 IN SPIRAL WOUND GRAPHITE GASKET 300 CLASS,GASKET,76.92307692307692
2,CPSE-C,2 IN SW SS GRAPHITE GASKET 150 CLASS,2IN SW SS GRAPHITE GASKET 150 CLASS,CM0054,6 IN SPIRAL WOUND GRAPHITE GASKET 150 CLASS,GASKET,83.33333333333333
2,CPSE-C,2 IN SW SS GRAPHITE GASKET 150 CLASS,2IN SW SS GRAPHITE GASKET 150 CLASS,CM0055,8 IN PTFE FULL FACE GASKET 150 CLASS,GASKET,64.7887323943662
2,CPSE-C,2 IN SW SS GRAPHITE GASKET 150 CLASS,2IN SW SS GRAPHITE GASKET 150 CLASS,CM0056,2 IN PTFE FULL FACE GASKET 150 CLASS,GASKET,67.6056338028169
2,CPSE-C,2 IN SW SS GRAPHITE GASKET 150 CLASS,2IN SW SS GRAPHITE GASKET 150 CLASS,CM0057,4 IN SS GRAPHITE GASKET 150 CLASS,GASKET,91.80327868852459
2,CPSE-C,2 IN SW SS GRAPHITE GASKET 150 CLASS,2IN SW SS GRAPHITE GASKET 150 CLASS,CM0058,6 IN PTFE FULL FACE GASKET 300 CLASS,GASKET,59.15492957746479
2,CPSE-C,2 IN SW SS GRAPHITE GASKET 150 CLASS,2IN SW SS GRAPHITE GASKET 150 CLASS,CM0059,10 IN GRAPHITE SPIRAL WOUND GASKET 150 CLASS,GASKET,83.33333333333333
2,CPSE-C,2 IN SW SS GRAPHITE GASKET 150 CLASS,2IN SW SS GRAPHITE GASKET 150 CLASS,CM0060,12 IN GRAPHITE SPIRAL WOUND GASKET 300 CLASS,GASKET,78.48101265822785
3,CPSE-A,M16 X 60 CS HEX BOLT,M16X60 CARBON STEEL HEX BOLT,CM0001,M10 X 50 SS304 HEX BOLT,FASTENER,58.8235294117647
3,CPSE-A,M16 X 60 CS HEX BOLT,M16X60 CARBON STEEL HEX BOLT,CM0002,M12 X 50 SS304 HEX BOLT,FASTENER,54.90196078431372
3,CPSE-A,M16 X 60 CS HEX BOLT,M16X60 CARBON STEEL HEX BOLT,CM0003,M10 X 75 SS316 HEX BOLT,FASTENER,58.8235294117647
3,CPSE-A,M16 X 60 CS HEX BOLT,M16X60 CARBON STEEL HEX BOLT,CM0004,M16 X 60 CARBON STEEL HEX BOLT,FASTENER,89.65517241379311
3,CPSE-A,M16 X 60 CS HEX BOLT,M16X60 CARBON STEEL HEX BOLT,CM0005,M20 X 80 GALVANIZED STEEL HEX BOLT,FASTENER,66.66666666666666
3,CPSE-A,M16 X 60 CS HEX BOLT,M16X60 CARBON STEEL HEX BOLT,CM0006,M8 X 40 CARBON STEEL HEX BOLT,FASTENER,85.71428571428571
3,CPSE-A,M16 X 60 CS HEX BOLT,M16X60 CARBON STEEL HEX BOLT,CM0007,M12 X 80 SS316 HEX BOLT,FASTENER,54.90196078431372
3,CPSE-A,M16 X 60 CS HEX BOLT,M16X60 CARBON STEEL HEX BOLT,CM0008,M16 X 75 SS304 HEX BOLT,FASTENER,58.8235294117647
3,CPSE-A,M16 X 60 CS HEX BOLT,M16X60 CARBON STEEL HEX BOLT,CM0009,M20 X 100 CARBON STEEL HEX BOLT,FASTENER,85.71428571428571
3,CPSE-A,M16 X 60 CS HEX BOLT,M16X60 CARBON STEEL HEX BOLT,CM0010,M10 X 30 SS304 HEX BOLT,FASTENER,58.8235294117647
4,CPSE-C,3 PHASE IND MTR 37KW 415V 50HZ,3 PHASE IND MOTOR 37KW 415V 50HZ,CM0071,3 PHASE INDUCTION MOTOR 5.5KW 415V 50HZ,MOTOR,84.50704225352112
4,CPSE-C,3 PHASE IND MTR 37KW 415V 50HZ,3 PHASE IND MOTOR 37KW 415V 50HZ,CM0072,3 PHASE INDUCTION MOTOR 7.5KW 415V 50HZ,MOTOR,87.32394366197182
4,CPSE-C,3 PHASE IND MTR 37KW 415V 50HZ,3 PHASE IND MOTOR 37KW 415V 50HZ,CM0073,3 PHASE INDUCTION MOTOR 11KW 415V 50HZ,MOTOR,85.71428571428571
4,CPSE-C,3 PHASE IND MTR 37KW 415V 50HZ,3 PHASE IND MOTOR 37KW 415V 50HZ,CM0074,3 PHASE INDUCTION MOTOR 15KW 415V 50HZ,MOTOR,85.71428571428571
4,CPSE-C,3 PHASE IND MTR 37KW 415V 50HZ,3 PHASE IND MOTOR 37KW 415V 50HZ,CM0075,3 PHASE INDUCTION MOTOR 18.5KW 415V 50HZ,MOTOR,83.63636363636364
4,CPSE-C,3 PHASE IND MTR 37KW 415V 50HZ,3 PHASE IND MOTOR 37KW 415V 50HZ,CM0076,3 PHASE INDUCTION MOTOR 22KW 415V 50HZ,MOTOR,85.71428571428571
4,CPSE-C,3 PHASE IND MTR 37KW 415V 50HZ,3 PHASE IND MOTOR 37KW 415V 50HZ,CM0077,3 PHASE INDUCTION MOTOR 30KW 415V 50HZ,MOTOR,88.57142857142857
4,CPSE-C,3 PHASE IND MTR 37KW 415V 50HZ,3 PHASE IND MOTOR 37KW 415V 50HZ,CM0078,3 PHASE INDUCTION MOTOR 37KW 415V 50HZ,MOTOR,93.33333333333333
4,CPSE-C,3 PHASE IND MTR 37KW 415V 50HZ,3 PHASE IND MOTOR 37KW 415V 50HZ,CM0079,3 PHASE INDUCTION MOTOR 45KW 415V 50HZ,MOTOR,85.71428571428571
4,CPSE-C,3 PHASE IND MTR 37KW 415V 50HZ,3 PHASE IND MOTOR 37KW 415V 50HZ,CM0080,3 PHASE INDUCTION MOTOR 55KW 415V 50HZ,MOTOR,85.71428571428571
5,CPSE-B,3 PHASE INDUCTION MOTOR 22KW 415V 50HZ,3 PHASE INDUCTION MOTOR 22KW 415V 50HZ,CM0071,3 PHASE INDUCTION MOTOR 5.5KW 415V 50HZ,MOTOR,93.50649350649351
5,CPSE-B,3 PHASE INDUCTION MOTOR 22KW 415V 50HZ,3 PHASE INDUCTION MOTOR 22KW 415V 50HZ,CM0072,3 PHASE INDUCTION MOTOR 7.5KW 415V 50HZ,MOTOR,93.50649350649351
5,CPSE-B,3 PHASE INDUCTION MOTOR 22KW 415V 50HZ,3 PHASE INDUCTION MOTOR 22KW 415V 50HZ,CM0073,3 PHASE INDUCTION MOTOR 11KW 415V 50HZ,MOTOR,94.73684210526315
5,CPSE-B,3 PHASE INDUCTION MOTOR 22KW 415V 50HZ,3 PHASE INDUCTION MOTOR 22KW 415V 50HZ,CM0074,3 PHASE INDUCTION MOTOR 15KW 415V 50HZ,MOTOR,94.73684210526315
5,CPSE-B,3 PHASE INDUCTION MOTOR 22KW 415V 50HZ,3 PHASE INDUCTION MOTOR 22KW 415V 50HZ,CM0075,3 PHASE INDUCTION MOTOR 18.5KW 415V 50HZ,MOTOR,92.95774647887323
5,CPSE-B,3 PHASE INDUCTION MOTOR 22KW 415V 50HZ,3 PHASE INDUCTION MOTOR 22KW 415V 50HZ,CM0076,3 PHASE INDUCTION MOTOR 22KW 415V 50HZ,MOTOR,100.0
5,CPSE-B,3 PHASE INDUCTION MOTOR 22KW 415V 50HZ,3 PHASE INDUCTION MOTOR 22KW 415V 50HZ,CM0077,3 PHASE INDUCTION MOTOR 30KW 415V 50HZ,MOTOR,94.73684210526315
5,CPSE-B,3 PHASE INDUCTION MOTOR 22KW 415V 50HZ,3 PHASE INDUCTION MOTOR 22KW 415V 50HZ,CM0078,3 PHASE INDUCTION MOTOR 37KW 415V 50HZ,MOTOR,94.73684210526315
5,CPSE-B,3 PHASE INDUCTION MOTOR 22KW 415V 50HZ,3 PHASE INDUCTION MOTOR 22KW 415V 50HZ,CM0079,3 PHASE INDUCTION MOTOR 45KW 415V 50HZ,MOTOR,94.73684210526315
5,CPSE-B,3 PHASE INDUCTION MOTOR 22KW 415V 50HZ,3 PHASE INDUCTION MOTOR 22KW 415V 50HZ,CM0080,3 PHASE INDUCTION MOTOR 55KW 415V 50HZ,MOTOR,94.73684210526315
6,CPSE-B,4CX10 SQMM PVC CABLE 1.1KV,4CX10 SQMM PVC CABLE 1.1KV,CM0061,1C X 2.5 SQMM PVC CABLE 1.1KV,ELECTRICAL_CABLE,86.95652173913044
6,CPSE-B,4CX10 SQMM PVC CABLE 1.1KV,4CX10 SQMM PVC CABLE 1.1KV,CM0062,1C X 4 SQMM PVC CABLE 1.1KV,ELECTRICAL_CABLE,86.95652173913044
6,CPSE-B,4CX10 SQMM PVC CABLE 1.1KV,4CX10 SQMM PVC CABLE 1.1KV,CM0063,3C X 2.5 SQMM PVC CABLE 1.1KV,ELECTRICAL_CABLE,86.95652173913044
6,CPSE-B,4CX10 SQMM PVC CABLE 1.1KV,4CX10 SQMM PVC CABLE 1.1KV,CM0064,3C X 4 SQMM PVC CABLE 1.1KV,ELECTRICAL_CABLE,86.95652173913044
6,CPSE-B,4CX10 SQMM PVC CABLE 1.1KV,4CX10 SQMM PVC CABLE 1.1KV,CM0065,3C X 6 SQMM PVC CABLE 1.1KV,ELECTRICAL_CABLE,86.95652173913044
6,CPSE-B,4CX10 SQMM PVC CABLE 1.1KV,4CX10 SQMM PVC CABLE 1.1KV,CM0066,4C X 10 SQMM PVC CABLE 1.1KV,ELECTRICAL_CABLE,88.88888888888889
6,CPSE-B,4CX10 SQMM PVC CABLE 1.1KV,4CX10 SQMM PVC CABLE 1.1KV,CM0067,4C X 16 SQMM PVC CABLE 1.1KV,ELECTRICAL_CABLE,88.88888888888889
6,CPSE-B,4CX10 SQMM PVC CABLE 1.1KV,4CX10 SQMM PVC CABLE 1.1KV,CM0068,4C X 25 SQMM PVC CABLE 1.1KV,ELECTRICAL_CABLE,88.88888888888889
6,CPSE-B,4CX10 SQMM PVC CABLE 1.1KV,4CX10 SQMM PVC CABLE 1.1KV,CM0069,3C X 35 SQMM PVC CABLE 1.1KV,ELECTRICAL_CABLE,86.95652173913044
6,CPSE-B,4CX10 SQMM PVC CABLE 1.1KV,4CX10 SQMM PVC CABLE 1.1KV,CM0070,4C X 50 SQMM PVC CABLE 1.1KV,ELECTRICAL_CABLE,88.88888888888889
7,CPSE-B,"3""SS316 SEAMLESS PIPE SCH40",3INSS316 SEAMLESS PIPE SCH40,CM0031,2 IN CS SEAMLESS PIPE SCH40,PIPE,82.6086956521739
7,CPSE-B,"3""SS316 SEAMLESS PIPE SCH40",3INSS316 SEAMLESS PIPE SCH40,CM0032,3 IN CS SEAMLESS PIPE SCH40,PIPE,83.63636363636364
7,CPSE-B,"3""SS316 SEAMLESS PIPE SCH40",3INSS316 SEAMLESS PIPE SCH40,CM0033,4 IN SS304 SEAMLESS PIPE SCH40,PIPE,86.20689655172414
7,CPSE-B,"3""SS316 SEAMLESS PIPE SCH40",3INSS316 SEAMLESS PIPE SCH40,CM0034,6 IN CS SEAMLESS PIPE SCH80,PIPE,76.36363636363636
7,CPSE-B,"3""SS316 SEAMLESS PIPE SCH40",3INSS316 SEAMLESS PIPE SCH40,CM0035,8 IN SS316 SEAMLESS PIPE SCH40,PIPE,93.10344827586206
7,CPSE-B,"3""SS316 SEAMLESS PIPE SCH40",3INSS316 SEAMLESS PIPE SCH40,CM0036,2 IN SS304 SEAMLESS PIPE SCH10,PIPE,72.41379310344828
7,CPSE-B,"3""SS316 SEAMLESS PIPE SCH40",3INSS316 SEAMLESS PIPE SCH40,CM0037,3 IN SS316 SEAMLESS PIPE SCH40,PIPE,96.55172413793103
7,CPSE-B,"3""SS316 SEAMLESS PIPE SCH40",3INSS316 SEAMLESS PIPE SCH40,CM0038,4 IN CS SEAMLESS PIPE SCH80,PIPE,76.36363636363636
7,CPSE-B,"3""SS316 SEAMLESS PIPE SCH40",3INSS316 SEAMLESS PIPE SCH40,CM0039,6 IN SS304 SEAMLESS PIPE SCH40,PIPE,86.20689655172414
7,CPSE-B,"3""SS316 SEAMLESS PIPE SCH40",3INSS316 SEAMLESS PIPE SCH40,CM0040,8 IN CS SEAMLESS PIPE SCH80,PIPE,76.36363636363636
8,CPSE-C,M12X50 SS304 HEX BOLT,M12X50 SS304 HEX BOLT,CM0001,M10 X 50 SS304 HEX BOLT,FASTENER,81.81818181818181
8,CPSE-C,M12X50 SS304 HEX BOLT,M12X50 SS304 HEX BOLT,CM0002,M12 X 50 SS304 HEX BOLT,FASTENER,86.36363636363636
8,CPSE-C,M12X50 SS304 HEX BOLT,M12X50 SS304 HEX BOLT,CM0003,M10 X 75 SS316 HEX BOLT,FASTENER,72.72727272727272
8,CPSE-C,M12X50 SS304 HEX BOLT,M12X50 SS304 HEX BOLT,CM0004,M16 X 60 CARBON STEEL HEX BOLT,FASTENER,55.172413793103445
8,CPSE-C,M12X50 SS304 HEX BOLT,M12X50 SS304 HEX BOLT,CM0005,M20 X 80 GALVANIZED STEEL HEX BOLT,FASTENER,55.172413793103445
8,CPSE-C,M12X50 SS304 HEX BOLT,M12X50 SS304 HEX BOLT,CM0006,M8 X 40 CARBON STEEL HEX BOLT,FASTENER,55.172413793103445
8,CPSE-C,M12X50 SS304 HEX BOLT,M12X50 SS304 HEX BOLT,CM0007,M12 X 80 SS316 HEX BOLT,FASTENER,72.72727272727272
8,CPSE-C,M12X50 SS304 HEX BOLT,M12X50 SS304 HEX BOLT,CM0008,M16 X 75 SS304 HEX BOLT,FASTENER,81.81818181818181
8,CPSE-C,M12X50 SS304 HEX BOLT,M12X50 SS304 HEX BOLT,CM0009,M20 X 100 CARBON STEEL HEX BOLT,FASTENER,55.172413793103445
8,CPSE-C,M12X50 SS304 HEX BOLT,M12X50 SS304 HEX BOLT,CM0010,M10 X 30 SS304 HEX BOLT,FASTENER,81.81818181818181
9,CPSE-B,"10""GRAPHITE SPIRAL WOUND GASK 150#",10INGRAPHITE SPIRAL WOUND GASK 150#,CM0051,2 IN SPIRAL WOUND SS GRAPHITE GASKET 150 CLASS,GASKET,64.19753086419753
9,CPSE-B,"10""GRAPHITE SPIRAL WOUND GASK 150#",10INGRAPHITE SPIRAL WOUND GASK 150#,CM0052,3 IN SPIRAL WOUND SS GRAPHITE GASKET 150 CLASS,GASKET,64.19753086419753
9,CPSE-B,"10""GRAPHITE SPIRAL WOUND GASK 150#",10INGRAPHITE SPIRAL WOUND GASK 150#,CM0053,4 IN SPIRAL WOUND GRAPHITE GASKET 300 CLASS,GASKET,58.97435897435897
9,CPSE-B,"10""GRAPHITE SPIRAL WOUND GASK 150#",10INGRAPHITE SPIRAL WOUND GASK 150#,CM0054,6 IN SPIRAL WOUND GRAPHITE GASKET 150 CLASS,GASKET,61.53846153846154
9,CPSE-B,"10""GRAPHITE SPIRAL WOUND GASK 150#",10INGRAPHITE SPIRAL WOUND GASK 150#,CM0055,8 IN PTFE FULL FACE GASKET 150 CLASS,GASKET,36.61971830985915
9,CPSE-B,"10""GRAPHITE SPIRAL WOUND GASK 150#",10INGRAPHITE SPIRAL WOUND GASK 150#,CM0056,2 IN PTFE FULL FACE GASKET 150 CLASS,GASKET,36.61971830985915
9,CPSE-B,"10""GRAPHITE SPIRAL WOUND GASK 150#",10INGRAPHITE SPIRAL WOUND GASK 150#,CM0057,4 IN SS GRAPHITE GASKET 150 CLASS,GASKET,41.1764705882353
9,CPSE-B,"10""GRAPHITE SPIRAL WOUND GASK 150#",10INGRAPHITE SPIRAL WOUND GASK 150#,CM0058,6 IN PTFE FULL FACE GASKET 300 CLASS,GASKET,33.80281690140845
9,CPSE-B,"10""GRAPHITE SPIRAL WOUND GASK 150#",10INGRAPHITE SPIRAL WOUND GASK 150#,CM0059,10 IN GRAPHITE SPIRAL WOUND GASKET 150 CLASS,GASKET,60.75949367088607
9,CPSE-B,"10""GRAPHITE SPIRAL WOUND GASK 150#",10INGRAPHITE SPIRAL WOUND GASK 150#,CM0060,12 IN GRAPHITE SPIRAL WOUND GASKET 300 CLASS,GASKET,60.75949367088607
10,CPSE-A,3 PHASE INDUCTION MTR 55KW 415V 50HZ,3 PHASE INDUCTION MOTOR 55KW 415V 50HZ,CM0071,3 PHASE INDUCTION MOTOR 5.5KW 415V 50HZ,MOTOR,98.7012987012987
10,CPSE-A,3 PHASE INDUCTION MTR 55KW 415V 50HZ,3 PHASE INDUCTION MOTOR 55KW 415V 50HZ,CM0072,3 PHASE INDUCTION MOTOR 7.5KW 415V 50HZ,MOTOR,96.1038961038961
10,CPSE-A,3 PHASE INDUCTION MTR 55KW 415V 50HZ,3 PHASE INDUCTION MOTOR 55KW 415V 50HZ,CM0073,3 PHASE INDUCTION MOTOR 11KW 415V 50HZ,MOTOR,94.73684210526315
10,CPSE-A,3 PHASE INDUCTION MTR 55KW 415V 50HZ,3 PHASE INDUCTION MOTOR 55KW 415V 50HZ,CM0074,3 PHASE INDUCTION MOTOR 15KW 415V 50HZ,MOTOR,97.36842105263158
10,CPSE-A,3 PHASE INDUCTION MTR 55KW 415V 50HZ,3 PHASE INDUCTION MOTOR 55KW 415V 50HZ,CM0075,3 PHASE INDUCTION MOTOR 18.5KW 415V 50HZ,MOTOR,94.87179487179488
10,CPSE-A,3 PHASE INDUCTION MTR 55KW 415V 50HZ,3 PHASE INDUCTION MOTOR 55KW 415V 50HZ,CM0076,3 PHASE INDUCTION MOTOR 22KW 415V 50HZ,MOTOR,94.73684210526315
10,CPSE-A,3 PHASE INDUCTION MTR 55KW 415V 50HZ,3 PHASE INDUCTION MOTOR 55KW 415V 50HZ,CM0077,3 PHASE INDUCTION MOTOR 30KW 415V 50HZ,MOTOR,94.73684210526315
10,CPSE-A,3 PHASE INDUCTION MTR 55KW 415V 50HZ,3 PHASE INDUCTION MOTOR 55KW 415V 50HZ,CM0078,3 PHASE INDUCTION MOTOR 37KW 415V 50HZ,MOTOR,94.73684210526315
10,CPSE-A,3 PHASE INDUCTION MTR 55KW 415V 50HZ,3 PHASE INDUCTION MOTOR 55KW 415V 50HZ,CM0079,3 PHASE INDUCTION MOTOR 45KW 415V 50HZ,MOTOR,97.36842105263158
10,CPSE-A,3 PHASE INDUCTION MTR 55KW 415V 50HZ,3 PHASE INDUCTION MOTOR 55KW 415V 50HZ,CM0080,3 PHASE INDUCTION MOTOR 55KW 415V 50HZ,MOTOR,100.0
11,CPSE-A,SPHERICAL ROLLER BRG 22205,SPHERICAL ROLLER BEARING 22205,CM0011,DEEP GROOVE BALL BEARING 6205,BEARING,57.6271186440678
11,CPSE-A,SPHERICAL ROLLER BRG 22205,SPHERICAL ROLLER BEARING 22205,CM0012,DEEP GROOVE BALL BEARING 6206,BEARING,54.23728813559322
11,CPSE-A,SPHERICAL ROLLER BRG 22205,SPHERICAL ROLLER BEARING 22205,CM0013,DEEP GROOVE BALL BEARING 6207,BEARING,54.23728813559322
11,CPSE-A,SPHERICAL ROLLER BRG 22205,SPHERICAL ROLLER BEARING 22205,CM0014,DEEP GROOVE BALL BEARING 6305,BEARING,54.23728813559322
11,CPSE-A,SPHERICAL ROLLER BRG 22205,SPHERICAL ROLLER BEARING 22205,CM0015,DEEP GROOVE BALL BEARING 6306,BEARING,50.847457627118644
11,CPSE-A,SPHERICAL ROLLER BRG 22205,SPHERICAL ROLLER BEARING 22205,CM0016,DEEP GROOVE BALL BEARING 6307,BEARING,50.847457627118644
11,CPSE-A,SPHERICAL ROLLER BRG 22205,SPHERICAL ROLLER BEARING 22205,CM0017,TAPERED ROLLER BEARING 30205,BEARING,75.86206896551724
11,CPSE-A,SPHERICAL ROLLER BRG 22205,SPHERICAL ROLLER BEARING 22205,CM0018,TAPERED ROLLER BEARING 30206,BEARING,72.41379310344828
11,CPSE-A,SPHERICAL ROLLER BRG 22205,SPHERICAL ROLLER BEARING 22205,CM0019,TAPERED ROLLER BEARING 30305,BEARING,72.41379310344828
11,CPSE-A,SPHERICAL ROLLER BRG 22205,SPHERICAL ROLLER BEARING 22205,CM0020,SPHERICAL ROLLER BEARING 22205,BEARING,100.0
12,CPSE-C,3 PHASE IND MTR 11KW 415V 50HZ,3 PHASE IND MOTOR 11KW 415V 50HZ,CM0071,3 PHASE INDUCTION MOTOR 5.5KW 415V 50HZ,MOTOR,84.50704225352112
12,CPSE-C,3 PHASE IND MTR 11KW 415V 50HZ,3 PHASE IND MOTOR 11KW 415V 50HZ,CM0072,3 PHASE INDUCTION MOTOR 7.5KW 415V 50HZ,MOTOR,84.50704225352112
12,CPSE-C,3 PHASE IND MTR 11KW 415V 50HZ,3 PHASE IND MOTOR 11KW 415V 50HZ,CM0073,3 PHASE INDUCTION MOTOR 11KW 415V 50HZ,MOTOR,93.33333333333333
12,CPSE-C,3 PHASE IND MTR 11KW 415V 50HZ,3 PHASE IND MOTOR 11KW 415V 50HZ,CM0074,3 PHASE INDUCTION MOTOR 15KW 415V 50HZ,MOTOR,88.57142857142857
12,CPSE-C,3 PHASE IND MTR 11KW 415V 50HZ,3 PHASE IND MOTOR 11KW 415V 50HZ,CM0075,3 PHASE INDUCTION MOTOR 18.5KW 415V 50HZ,MOTOR,86.11111111111111
12,CPSE-C,3 PHASE IND MTR 11KW 415V 50HZ,3 PHASE IND MOTOR 11KW 415V 50HZ,CM0076,3 PHASE INDUCTION MOTOR 22KW 415V 50HZ,MOTOR,85.71428571428571
12,CPSE-C,3 PHASE IND MTR 11KW 415V 50HZ,3 PHASE IND MOTOR 11KW 415V 50HZ,CM0077,3 PHASE INDUCTION MOTOR 30KW 415V 50HZ,MOTOR,85.71428571428571
12,CPSE-C,3 PHASE IND MTR 11KW 415V 50HZ,3 PHASE IND MOTOR 11KW 415V 50HZ,CM0078,3 PHASE INDUCTION MOTOR 37KW 415V 50HZ,MOTOR,85.71428571428571
12,CPSE-C,3 PHASE IND MTR 11KW 415V 50HZ,3 PHASE IND MOTOR 11KW 415V 50HZ,CM0079,3 PHASE INDUCTION MOTOR 45KW 415V 50HZ,MOTOR,85.71428571428571
12,CPSE-C,3 PHASE IND MTR 11KW 415V 50HZ,3 PHASE IND MOTOR 11KW 415V 50HZ,CM0080,3 PHASE INDUCTION MOTOR 55KW 415V 50HZ,MOTOR,85.71428571428571
13,CPSE-A,DEEP GROOVE BALL BRG 6307,DEEP GROOVE BALL BEARING 6307,CM0011,DEEP GROOVE BALL BEARING 6205,BEARING,93.10344827586206
13,CPSE-A,DEEP GROOVE BALL BRG 6307,DEEP GROOVE BALL BEARING 6307,CM0012,DEEP GROOVE BALL BEARING 6206,BEARING,93.10344827586206
13,CPSE-A,DEEP GROOVE BALL BRG 6307,DEEP GROOVE BALL BEARING 6307,CM0013,DEEP GROOVE BALL BEARING 6207,BEARING,96.55172413793103
13,CPSE-A,DEEP GROOVE BALL BRG 6307,DEEP GROOVE BALL BEARING 6307,CM0014,DEEP GROOVE BALL BEARING 6305,BEARING,96.55172413793103
13,CPSE-A,DEEP GROOVE BALL BRG 6307,DEEP GROOVE BALL BEARING 6307,CM0015,DEEP GROOVE BALL BEARING 6306,BEARING,96.55172413793103
13,CPSE-A,DEEP GROOVE BALL BRG 6307,DEEP GROOVE BALL BEARING 6307,CM0016,DEEP GROOVE BALL BEARING 6307,BEARING,100.0
13,CPSE-A,DEEP GROOVE BALL BRG 6307,DEEP GROOVE BALL BEARING 6307,CM0017,TAPERED ROLLER BEARING 30205,BEARING,59.64912280701754
13,CPSE-A,DEEP GROOVE BALL BRG 6307,DEEP GROOVE BALL BEARING 6307,CM0018,TAPERED ROLLER BEARING 30206,BEARING,59.64912280701754
13,CPSE-A,DEEP GROOVE BALL BRG 6307,DEEP GROOVE BALL BEARING 6307,CM0019,TAPERED ROLLER BEARING 30305,BEARING,59.64912280701754
13,CPSE-A,DEEP GROOVE BALL BRG 6307,DEEP GROOVE BALL BEARING 6307,CM0020,SPHERICAL ROLLER BEARING 22205,BEARING,50.847457627118644
14,CPSE-C,1CX2.5 SQMM PVC CABLE 1.1KV,1CX2.5 SQMM PVC CABLE 1.1KV,CM0061,1C X 2.5 SQMM PVC CABLE 1.1KV,ELECTRICAL_CABLE,92.85714285714286
14,CPSE-C,1CX2.5 SQMM PVC CABLE 1.1KV,1CX2.5 SQMM PVC CABLE 1.1KV,CM0062,1C X 4 SQMM PVC CABLE 1.1KV,ELECTRICAL_CABLE,88.88888888888889
14,CPSE-C,1CX2.5 SQMM PVC CABLE 1.1KV,1CX2.5 SQMM PVC CABLE 1.1KV,CM0063,3C X 2.5 SQMM PVC CABLE 1.1KV,ELECTRICAL_CABLE,85.71428571428571
14,CPSE-C,1CX2.5 SQMM PVC CABLE 1.1KV,1CX2.5 SQMM PVC CABLE 1.1KV,CM0064,3C X 4 SQMM PVC CABLE 1.1KV,ELECTRICAL_CABLE,85.18518518518519
14,CPSE-C,1CX2.5 SQMM PVC CABLE 1.1KV,1CX2.5 SQMM PVC CABLE 1.1KV,CM0065,3C X 6 SQMM PVC CABLE 1.1KV,ELECTRICAL_CABLE,85.18518518518519
14,CPSE-C,1CX2.5 SQMM PVC CABLE 1.1KV,1CX2.5 SQMM PVC CABLE 1.1KV,CM0066,4C X 10 SQMM PVC CABLE 1.1KV,ELECTRICAL_CABLE,87.27272727272728
14,CPSE-C,1CX2.5 SQMM PVC CABLE 1.1KV,1CX2.5 SQMM PVC CABLE 1.1KV,CM0067,4C X 16 SQMM PVC CABLE 1.1KV,ELECTRICAL_CABLE,87.27272727272728
14,CPSE-C,1CX2.5 SQMM PVC CABLE 1.1KV,1CX2.5 SQMM PVC CABLE 1.1KV,CM0068,4C X 25 SQMM PVC CABLE 1.1KV,ELECTRICAL_CABLE,85.1063829787234
14,CPSE-C,1CX2.5 SQMM PVC CABLE 1.1KV,1CX2.5 SQMM PVC CABLE 1.1KV,CM0069,3C X 35 SQMM PVC CABLE 1.1KV,ELECTRICAL_CABLE,85.1063829787234
14,CPSE-C,1CX2.5 SQMM PVC CABLE 1.1KV,1CX2.5 SQMM PVC CABLE 1.1KV,CM0070,4C X 50 SQMM PVC CABLE 1.1KV,ELECTRICAL_CABLE,85.1063829787234
15,CPSE-C,3 PHASE IND MTR 15KW 415V 50HZ,3 PHASE IND MOTOR 15KW 415V 50HZ,CM0071,3 PHASE INDUCTION MOTOR 5.5KW 415V 50HZ,MOTOR,87.32394366197182
15,CPSE-C,3 PHASE IND MTR 15KW 415V 50HZ,3 PHASE IND MOTOR 15KW 415V 50HZ,CM0072,3 PHASE INDUCTION MOTOR 7.5KW 415V 50HZ,MOTOR,87.32394366197182
15,CPSE-C,3 PHASE IND MTR 15KW 415V 50HZ,3 PHASE IND MOTOR 15KW 415V 50HZ,CM0073,3 PHASE INDUCTION MOTOR 11KW 415V 50HZ,MOTOR,88.57142857142857
15,CPSE-C,3 PHASE IND MTR 15KW 415V 50HZ,3 PHASE IND MOTOR 15KW 415V 50HZ,CM0074,3 PHASE INDUCTION MOTOR 15KW 415V 50HZ,MOTOR,93.33333333333333
15,CPSE-C,3 PHASE IND MTR 15KW 415V 50HZ,3 PHASE IND MOTOR 15KW 415V 50HZ,CM0075,3 PHASE INDUCTION MOTOR 18.5KW 415V 50HZ,MOTOR,88.88888888888889
15,CPSE-C,3 PHASE IND MTR 15KW 415V 50HZ,3 PHASE IND MOTOR 15KW 415V 50HZ,CM0076,3 PHASE INDUCTION MOTOR 22KW 415V 50HZ,MOTOR,85.71428571428571
15,CPSE-C,3 PHASE IND MTR 15KW 415V 50HZ,3 PHASE IND MOTOR 15KW 415V 50HZ,CM0077,3 PHASE INDUCTION MOTOR 30KW 415V 50HZ,MOTOR,85.71428571428571
15,CPSE-C,3 PHASE IND MTR 15KW 415V 50HZ,3 PHASE IND MOTOR 15KW 415V 50HZ,CM0078,3 PHASE INDUCTION MOTOR 37KW 415V 50HZ,MOTOR,85.71428571428571
15,CPSE-C,3 PHASE IND MTR 15KW 415V 50HZ,3 PHASE IND MOTOR 15KW 415V 50HZ,CM0079,3 PHASE INDUCTION MOTOR 45KW 415V 50HZ,MOTOR,88.57142857142857
15,CPSE-C,3 PHASE IND MTR 15KW 415V 50HZ,3 PHASE IND MOTOR 15KW 415V 50HZ,CM0080,3 PHASE INDUCTION MOTOR 55KW 415V 50HZ,MOTOR,88.57142857142857
16,CPSE-B,CUTTING MACHINE 355MM 2000W,CUTTING MACHINE 355MM 2000W,CM0091,ANGLE GRINDER 100MM 750W,INDUSTRIAL_TOOL,43.13725490196079
16,CPSE-B,CUTTING MACHINE 355MM 2000W,CUTTING MACHINE 355MM 2000W,CM0092,ANGLE GRINDER 115MM 900W,INDUSTRIAL_TOOL,39.21568627450981
16,CPSE-B,CUTTING MACHINE 355MM 2000W,CUTTING MACHINE 355MM 2000W,CM0093,ANGLE GRINDER 125MM 1100W,INDUSTRIAL_TOOL,53.84615384615385
16,CPSE-B,CUTTING MACHINE 355MM 2000W,CUTTING MACHINE 355MM 2000W,CM0094,ELECTRIC DRILL 10MM 650W,INDUSTRIAL_TOOL,35.294117647058826
16,CPSE-B,CUTTING MACHINE 355MM 2000W,CUTTING MACHINE 355MM 2000W,CM0095,ELECTRIC DRILL 13MM 800W,INDUSTRIAL_TOOL,35.294117647058826
16,CPSE-B,CUTTING MACHINE 355MM 2000W,CUTTING MACHINE 355MM 2000W,CM0096,IMPACT WRENCH 1/2 IN 500W,INDUSTRIAL_TOOL,50.0
16,CPSE-B,CUTTING MACHINE 355MM 2000W,CUTTING MACHINE 355MM 2000W,CM0097,CUTTING MACHINE 355MM 2000W,INDUSTRIAL_TOOL,100.0
16,CPSE-B,CUTTING MACHINE 355MM 2000W,CUTTING MACHINE 355MM 2000W,CM0098,WELDING MACHINE 200A,INDUSTRIAL_TOOL,63.829787234042556
16,CPSE-B,CUTTING MACHINE 355MM 2000W,CUTTING MACHINE 355MM 2000W,CM0099,TORQUE WRENCH 50-250NM,INDUSTRIAL_TOOL,32.65306122448979
16,CPSE-B,CUTTING MACHINE 355MM 2000W,CUTTING MACHINE 355MM 2000W,CM0100,BENCH GRINDER 200MM 550W,INDUSTRIAL_TOOL,50.98039215686274
17,CPSE-B,3 PHASE INDUCTION MOTOR 5.5KW 415V 50HZ,3 PHASE INDUCTION MOTOR 5.5KW 415V 50HZ,CM0071,3 PHASE INDUCTION MOTOR 5.5KW 415V 50HZ,MOTOR,100.0
17,CPSE-B,3 PHASE INDUCTION MOTOR 5.5KW 415V 50HZ,3 PHASE INDUCTION MOTOR 5.5KW 415V 50HZ,CM0072,3 PHASE INDUCTION MOTOR 7.5KW 415V 50HZ,MOTOR,97.43589743589743
17,CPSE-B,3 PHASE INDUCTION MOTOR 5.5KW 415V 50HZ,3 PHASE INDUCTION MOTOR 5.5KW 415V 50HZ,CM0073,3 PHASE INDUCTION MOTOR 11KW 415V 50HZ,MOTOR,93.50649350649351
17,CPSE-B,3 PHASE INDUCTION MOTOR 5.5KW 415V 50HZ,3 PHASE INDUCTION MOTOR 5.5KW 415V 50HZ,CM0074,3 PHASE INDUCTION MOTOR 15KW 415V 50HZ,MOTOR,96.1038961038961
17,CPSE-B,3 PHASE INDUCTION MOTOR 5.5KW 415V 50HZ,3 PHASE INDUCTION MOTOR 5.5KW 415V 50HZ,CM0075,3 PHASE INDUCTION MOTOR 18.5KW 415V 50HZ,MOTOR,96.20253164556962
17,CPSE-B,3 PHASE INDUCTION MOTOR 5.5KW 415V 50HZ,3 PHASE INDUCTION MOTOR 5.5KW 415V 50HZ,CM0076,3 PHASE INDUCTION MOTOR 22KW 415V 50HZ,MOTOR,93.50649350649351
17,CPSE-B,3 PHASE INDUCTION MOTOR 5.5KW 415V 50HZ,3 PHASE INDUCTION MOTOR 5.5KW 415V 50HZ,CM0077,3 PHASE INDUCTION MOTOR 30KW 415V 50HZ,MOTOR,93.50649350649351
17,CPSE-B,3 PHASE INDUCTION MOTOR 5.5KW 415V 50HZ,3 PHASE INDUCTION MOTOR 5.5KW 415V 50HZ,CM0078,3 PHASE INDUCTION MOTOR 37KW 415V 50HZ,MOTOR,93.50649350649351
17,CPSE-B,3 PHASE INDUCTION MOTOR 5.5KW 415V 50HZ,3 PHASE INDUCTION MOTOR 5.5KW 415V 50HZ,CM0079,3 PHASE INDUCTION MOTOR 45KW 415V 50HZ,MOTOR,96.1038961038961
17,CPSE-B,3 PHASE INDUCTION MOTOR 5.5KW 415V 50HZ,3 PHASE INDUCTION MOTOR 5.5KW 415V 50HZ,CM0080,3 PHASE INDUCTION MOTOR 55KW 415V 50HZ,MOTOR,98.7012987012987
18,CPSE-B,"6""SS316 WELD NECK FLG 150#",6INSS316 WELD NECK FLANGE 150#,CM0041,2 IN CS WELD NECK FLANGE 150 CLASS,FLANGE,71.875
18,CPSE-B,"6""SS316 WELD NECK FLG 150#",6INSS316 WELD NECK FLANGE 150#,CM0042,2 IN SS304 WELD NECK FLANGE 150 CLASS,FLANGE,77.61194029850746
18,CPSE-B,"6""SS316 WELD NECK FLG 150#",6INSS316 WELD NECK FLANGE 150#,CM0043,3 IN CS SLIP ON FLANGE 150 CLASS,FLANGE,54.83870967741935
18,CPSE-B,"6""SS316 WELD NECK FLG 150#",6INSS316 WELD NECK FLANGE 150#,CM0044,4 IN SS316 WELD NECK FLANGE 300 CLASS,FLANGE,77.61194029850746
18,CPSE-B,"6""SS316 WELD NECK FLG 150#",6INSS316 WELD NECK FLANGE 150#,CM0045,6 IN CS SLIP ON FLANGE 150 CLASS,FLANGE,58.064516129032256
18,CPSE-B,"6""SS316 WELD NECK FLG 150#",6INSS316 WELD NECK FLANGE 150#,CM0046,8 IN CS WELD NECK FLANGE 300 CLASS,FLANGE,69.56521739130434
18,CPSE-B,"6""SS316 WELD NECK FLG 150#",6INSS316 WELD NECK FLANGE 150#,CM0047,10 IN SS304 SLIP ON FLANGE 150 CLASS,FLANGE,51.515151515151516
18,CPSE-B,"6""SS316 WELD NECK FLG 150#",6INSS316 WELD NECK FLANGE 150#,CM0048,12 IN CS WELD NECK FLANGE 150 CLASS,FLANGE,70.76923076923077
18,CPSE-B,"6""SS316 WELD NECK FLG 150#",6INSS316 WELD NECK FLANGE 150#,CM0049,4 IN SS304 SLIP ON FLANGE 300 CLASS,FLANGE,46.15384615384615
18,CPSE-B,"6""SS316 WELD NECK FLG 150#",6INSS316 WELD NECK FLANGE 150#,CM0050,6 IN SS316 WELD NECK FLANGE 150 CLASS,FLANGE,86.56716417910448
19,CPSE-A,2 IN PTFE FULL FACE GKT 150 CLASS,2IN PTFE FULL FACE GASKET 150 CLASS,CM0051,2 IN SPIRAL WOUND SS GRAPHITE GASKET 150 CLASS,GASKET,62.745098039215684
19,CPSE-A,2 IN PTFE FULL FACE GKT 150 CLASS,2IN PTFE FULL FACE GASKET 150 CLASS,CM0052,3 IN SPIRAL WOUND SS GRAPHITE GASKET 150 CLASS,GASKET,62.745098039215684
19,CPSE-A,2 IN PTFE FULL FACE GKT 150 CLASS,2IN PTFE FULL FACE GASKET 150 CLASS,CM0053,4 IN SPIRAL WOUND GRAPHITE GASKET 300 CLASS,GASKET,53.84615384615385
19,CPSE-A,2 IN PTFE FULL FACE GKT 150 CLASS,2IN PTFE FULL FACE GASKET 150 CLASS,CM0054,6 IN SPIRAL WOUND GRAPHITE GASKET 150 CLASS,GASKET,62.745098039215684
19,CPSE-A,2 IN PTFE FULL FACE GKT 150 CLASS,2IN PTFE FULL FACE GASKET 150 CLASS,CM0055,8 IN PTFE FULL FACE GASKET 150 CLASS,GASKET,95.77464788732394
19,CPSE-A,2 IN PTFE FULL FACE GKT 150 CLASS,2IN PTFE FULL FACE GASKET 150 CLASS,CM0056,2 IN PTFE FULL FACE GASKET 150 CLASS,GASKET,98.59154929577466
19,CPSE-A,2 IN PTFE FULL FACE GKT 150 CLASS,2IN PTFE FULL FACE GASKET 150 CLASS,CM0057,4 IN SS GRAPHITE GASKET 150 CLASS,GASKET,65.3061224489796
19,CPSE-A,2 IN PTFE FULL FACE GKT 150 CLASS,2IN PTFE FULL FACE GASKET 150 CLASS,CM0058,6 IN PTFE FULL FACE GASKET 300 CLASS,GASKET,90.14084507042253
19,CPSE-A,2 IN PTFE FULL FACE GKT 150 CLASS,2IN PTFE FULL FACE GASKET 150 CLASS,CM0059,10 IN GRAPHITE SPIRAL WOUND GASKET 150 CLASS,GASKET,62.745098039215684
19,CPSE-A,2 IN PTFE FULL FACE GKT 150 CLASS,2IN PTFE FULL FACE GASKET 150 CLASS,CM0060,12 IN GRAPHITE SPIRAL WOUND GASKET 300 CLASS,GASKET,55.69620253164557
20,CPSE-A,6 IN SS316 BALL VLV 300 CLASS,6IN SS316 BALL VALVE 300 CLASS,CM0021,2 IN SS304 GATE VALVE 150 CLASS,VALVE,65.57377049180329
20,CPSE-A,6 IN SS316 BALL VLV 300 CLASS,6IN SS316 BALL VALVE 300 CLASS,CM0022,2 IN SS304 GATE VALVE 300 CLASS,VALVE,72.1311475409836
20,CPSE-A,6 IN SS316 BALL VLV 300 CLASS,6IN SS316 BALL VALVE 300 CLASS,CM0023,3 IN CS GATE VALVE 150 CLASS,VALVE,58.62068965517241
20,CPSE-A,6 IN SS316 BALL VLV 300 CLASS,6IN SS316 BALL VALVE 300 CLASS,CM0024,4 IN SS316 BALL VALVE 150 CLASS,VALVE,88.52459016393442
20,CPSE-A,6 IN SS316 BALL VLV 300 CLASS,6IN SS316 BALL VALVE 300 CLASS,CM0025,6 IN CS BUTTERFLY VALVE 150 CLASS,VALVE,63.492063492063494
20,CPSE-A,6 IN SS316 BALL VLV 300 CLASS,6IN SS316 BALL VALVE 300 CLASS,CM0026,4 IN SS304 GATE VALVE 150 CLASS,VALVE,65.57377049180329
20,CPSE-A,6 IN SS316 BALL VLV 300 CLASS,6IN SS316 BALL VALVE 300 CLASS,CM0027,6 IN SS316 BALL VALVE 300 CLASS,VALVE,98.36065573770492
20,CPSE-A,6 IN SS316 BALL VLV 300 CLASS,6IN SS316 BALL VALVE 300 CLASS,CM0028,8 IN CS GATE VALVE 300 CLASS,VALVE,69.76744186046511
20,CPSE-A,6 IN SS316 BALL VLV 300 CLASS,6IN SS316 BALL VALVE 300 CLASS,CM0029,10 IN CS BUTTERFLY VALVE 150 CLASS,VALVE,59.375
20,CPSE-A,6 IN SS316 BALL VLV 300 CLASS,6IN SS316 BALL VALVE 300 CLASS,CM0030,2 IN CS GLOBE VALVE 150 CLASS,VALVE,57.6271186440678
21,CPSE-C,4 IN CS SEAMLESS PIPE SCH80,4IN CARBON STEEL SEAMLESS PIPE SCH80,CM0031,2 IN CS SEAMLESS PIPE SCH40,PIPE,69.84126984126985
21,CPSE-C,4 IN CS SEAMLESS PIPE SCH80,4IN CARBON STEEL SEAMLESS PIPE SCH80,CM0032,3 IN CS SEAMLESS PIPE SCH40,PIPE,69.84126984126985
21,CPSE-C,4 IN CS SEAMLESS PIPE SCH80,4IN CARBON STEEL SEAMLESS PIPE SCH80,CM0033,4 IN SS304 SEAMLESS PIPE SCH40,PIPE,72.72727272727272
21,CPSE-C,4 IN CS SEAMLESS PIPE SCH80,4IN CARBON STEEL SEAMLESS PIPE SCH80,CM0034,6 IN CS SEAMLESS PIPE SCH80,PIPE,82.6086956521739
21,CPSE-C,4 IN CS SEAMLESS PIPE SCH80,4IN CARBON STEEL SEAMLESS PIPE SCH80,CM0035,8 IN SS316 SEAMLESS PIPE SCH40,PIPE,69.69696969696969
21,CPSE-C,4 IN CS SEAMLESS PIPE SCH80,4IN CARBON STEEL SEAMLESS PIPE SCH80,CM0036,2 IN SS304 SEAMLESS PIPE SCH10,PIPE,69.69696969696969
21,CPSE-C,4 IN CS SEAMLESS PIPE SCH80,4IN CARBON STEEL SEAMLESS PIPE SCH80,CM0037,3 IN SS316 SEAMLESS PIPE SCH40,PIPE,69.69696969696969
21,CPSE-C,4 IN CS SEAMLESS PIPE SCH80,4IN CARBON STEEL SEAMLESS PIPE SCH80,CM0038,4 IN CS SEAMLESS PIPE SCH80,PIPE,82.6086956521739
21,CPSE-C,4 IN CS SEAMLESS PIPE SCH80,4IN CARBON STEEL SEAMLESS PIPE SCH80,CM0039,6 IN SS304 SEAMLESS PIPE SCH40,PIPE,69.69696969696969
21,CPSE-C,4 IN CS SEAMLESS PIPE SCH80,4IN CARBON STEEL SEAMLESS PIPE SCH80,CM0040,8 IN CS SEAMLESS PIPE SCH80,PIPE,82.6086956521739
22,CPSE-A,CENT PMP 75 M3/H 40M HEAD 15KW,CENT PUMP 75 M3 H 40M HEAD 15KW,CM0081,CENTRIFUGAL PUMP 20 M3/H 30M HEAD 5.5KW,PUMP,65.71428571428572
22,CPSE-A,CENT PMP 75 M3/H 40M HEAD 15KW,CENT PUMP 75 M3 H 40M HEAD 15KW,CM0082,CENTRIFUGAL PUMP 30 M3/H 40M HEAD 7.5KW,PUMP,71.42857142857143
22,CPSE-A,CENT PMP 75 M3/H 40M HEAD 15KW,CENT PUMP 75 M3 H 40M HEAD 15KW,CM0083,CENTRIFUGAL PUMP 50 M3/H 50M HEAD 11KW,PUMP,72.46376811594203
22,CPSE-A,CENT PMP 75 M3/H 40M HEAD 15KW,CENT PUMP 75 M3 H 40M HEAD 15KW,CM0084,CENTRIFUGAL PUMP 75 M3/H 40M HEAD 15KW,PUMP,84.05797101449275
22,CPSE-A,CENT PMP 75 M3/H 40M HEAD 15KW,CENT PUMP 75 M3 H 40M HEAD 15KW,CM0085,CENTRIFUGAL PUMP 100 M3/H 50M HEAD 22KW,PUMP,68.57142857142857
22,CPSE-A,CENT PMP 75 M3/H 40M HEAD 15KW,CENT PUMP 75 M3 H 40M HEAD 15KW,CM0086,CENTRIFUGAL PUMP 120 M3/H 60M HEAD 30KW,PUMP,68.57142857142857
22,CPSE-A,CENT PMP 75 M3/H 40M HEAD 15KW,CENT PUMP 75 M3 H 40M HEAD 15KW,CM0087,CENTRIFUGAL PUMP 150 M3/H 50M HEAD 37KW,PUMP,71.42857142857143
22,CPSE-A,CENT PMP 75 M3/H 40M HEAD 15KW,CENT PUMP 75 M3 H 40M HEAD 15KW,CM0088,CENTRIFUGAL PUMP 200 M3/H 60M HEAD 45KW,PUMP,68.57142857142857
22,CPSE-A,CENT PMP 75 M3/H 40M HEAD 15KW,CENT PUMP 75 M3 H 40M HEAD 15KW,CM0089,CENTRIFUGAL PUMP 250 M3/H 70M HEAD 55KW,PUMP,68.57142857142857
22,CPSE-A,CENT PMP 75 M3/H 40M HEAD 15KW,CENT PUMP 75 M3 H 40M HEAD 15KW,CM0090,CENTRIFUGAL PUMP 300 M3/H 80M HEAD 75KW,PUMP,68.57142857142857
23,CPSE-B,CENTRIF PUMP 75 M3/H 40M HEAD 15KW,CENTRIF PUMP 75 M3 H 40M HEAD 15KW,CM0081,CENTRIFUGAL PUMP 20 M3/H 30M HEAD 5.5KW,PUMP,71.23287671232876
23,CPSE-B,CENTRIF PUMP 75 M3/H 40M HEAD 15KW,CENTRIF PUMP 75 M3 H 40M HEAD 15KW,CM0082,CENTRIFUGAL PUMP 30 M3/H 40M HEAD 7.5KW,PUMP,76.7123287671233
23,CPSE-B,CENTRIF PUMP 75 M3/H 40M HEAD 15KW,CENTRIF PUMP 75 M3 H 40M HEAD 15KW,CM0083,CENTRIFUGAL PUMP 50 M3/H 50M HEAD 11KW,PUMP,77.77777777777777
23,CPSE-B,CENTRIF PUMP 75 M3/H 40M HEAD 15KW,CENTRIF PUMP 75 M3 H 40M HEAD 15KW,CM0084,CENTRIFUGAL PUMP 75 M3/H 40M HEAD 15KW,PUMP,88.88888888888889
23,CPSE-B,CENTRIF PUMP 75 M3/H 40M HEAD 15KW,CENTRIF PUMP 75 M3 H 40M HEAD 15KW,CM0085,CENTRIFUGAL PUMP 100 M3/H 50M HEAD 22KW,PUMP,73.97260273972603
23,CPSE-B,CENTRIF PUMP 75 M3/H 40M HEAD 15KW,CENTRIF PUMP 75 M3 H 40M HEAD 15KW,CM0086,CENTRIFUGAL PUMP 120 M3/H 60M HEAD 30KW,PUMP,73.97260273972603
23,CPSE-B,CENTRIF PUMP 75 M3/H 40M HEAD 15KW,CENTRIF PUMP 75 M3 H 40M HEAD 15KW,CM0087,CENTRIFUGAL PUMP 150 M3/H 50M HEAD 37KW,PUMP,76.7123287671233
23,CPSE-B,CENTRIF PUMP 75 M3/H 40M HEAD 15KW,CENTRIF PUMP 75 M3 H 40M HEAD 15KW,CM0088,CENTRIFUGAL PUMP 200 M3/H 60M HEAD 45KW,PUMP,73.97260273972603
23,CPSE-B,CENTRIF PUMP 75 M3/H 40M HEAD 15KW,CENTRIF PUMP 75 M3 H 40M HEAD 15KW,CM0089,CENTRIFUGAL PUMP 250 M3/H 70M HEAD 55KW,PUMP,73.97260273972603
23,CPSE-B,CENTRIF PUMP 75 M3/H 40M HEAD 15KW,CENTRIF PUMP 75 M3 H 40M HEAD 15KW,CM0090,CENTRIFUGAL PUMP 300 M3/H 80M HEAD 75KW,PUMP,73.97260273972603
24,CPSE-C,8 IN SS316 SEAMLESS PIPE SCH40,8IN SS316 SEAMLESS PIPE SCH40,CM0031,2 IN CS SEAMLESS PIPE SCH40,PIPE,82.6086956521739
24,CPSE-C,8 IN SS316 SEAMLESS PIPE SCH40,8IN SS316 SEAMLESS PIPE SCH40,CM0032,3 IN CS SEAMLESS PIPE SCH40,PIPE,82.6086956521739
24,CPSE-C,8 IN SS316 SEAMLESS PIPE SCH40,8IN SS316 SEAMLESS PIPE SCH40,CM0033,4 IN SS304 SEAMLESS PIPE SCH40,PIPE,88.13559322033899
24,CPSE-C,8 IN SS316 SEAMLESS PIPE SCH40,8IN SS316 SEAMLESS PIPE SCH40,CM0034,6 IN CS SEAMLESS PIPE SCH80,PIPE,75.0
24,CPSE-C,8 IN SS316 SEAMLESS PIPE SCH40,8IN SS316 SEAMLESS PIPE SCH40,CM0035,8 IN SS316 SEAMLESS PIPE SCH40,PIPE,98.30508474576271
24,CPSE-C,8 IN SS316 SEAMLESS PIPE SCH40,8IN SS316 SEAMLESS PIPE SCH40,CM0036,2 IN SS304 SEAMLESS PIPE SCH10,PIPE,84.7457627118644
24,CPSE-C,8 IN SS316 SEAMLESS PIPE SCH40,8IN SS316 SEAMLESS PIPE SCH40,CM0037,3 IN SS316 SEAMLESS PIPE SCH40,PIPE,94.91525423728814
24,CPSE-C,8 IN SS316 SEAMLESS PIPE SCH40,8IN SS316 SEAMLESS PIPE SCH40,CM0038,4 IN CS SEAMLESS PIPE SCH80,PIPE,75.0
24,CPSE-C,8 IN SS316 SEAMLESS PIPE SCH40,8IN SS316 SEAMLESS PIPE SCH40,CM0039,6 IN SS304 SEAMLESS PIPE SCH40,PIPE,88.13559322033899
24,CPSE-C,8 IN SS316 SEAMLESS PIPE SCH40,8IN SS316 SEAMLESS PIPE SCH40,CM0040,8 IN CS SEAMLESS PIPE SCH80,PIPE,78.57142857142857
25,CPSE-A,DEEP GROOVE BALL BRG 6306,DEEP GROOVE BALL BEARING 6306,CM0011,DEEP GROOVE BALL BEARING 6205,BEARING,93.10344827586206
25,CPSE-A,DEEP GROOVE BALL BRG 6306,DEEP GROOVE BALL BEARING 6306,CM0012,DEEP GROOVE BALL BEARING 6206,BEARING,96.55172413793103
25,CPSE-A,DEEP GROOVE BALL BRG 6306,DEEP GROOVE BALL BEARING 6306,CM0013,DEEP GROOVE BALL BEARING 6207,BEARING,93.10344827586206
25,CPSE-A,DEEP GROOVE BALL BRG 6306,DEEP GROOVE BALL BEARING 6306,CM0014,DEEP GROOVE BALL BEARING 6305,BEARING,96.55172413793103
25,CPSE-A,DEEP GROOVE BALL BRG 6306,DEEP GROOVE BALL BEARING 6306,CM0015,DEEP GROOVE BALL BEARING 6306,BEARING,100.0
25,CPSE-A,DEEP GROOVE BALL BRG 6306,DEEP GROOVE BALL BEARING 6306,CM0016,DEEP GROOVE BALL BEARING 6307,BEARING,96.55172413793103
25,CPSE-A,DEEP GROOVE BALL BRG 6306,DEEP GROOVE BALL BEARING 6306,CM0017,TAPERED ROLLER BEARING 30205,BEARING,59.64912280701754
25,CPSE-A,DEEP GROOVE BALL BRG 6306,DEEP GROOVE BALL BEARING 6306,CM0018,TAPERED ROLLER BEARING 30206,BEARING,63.1578947368421
25,CPSE-A,DEEP GROOVE BALL BRG 6306,DEEP GROOVE BALL BEARING 6306,CM0019,TAPERED ROLLER BEARING 30305,BEARING,59.64912280701754
25,CPSE-A,DEEP GROOVE BALL BRG 6306,DEEP GROOVE BALL BEARING 6306,CM0020,SPHERICAL ROLLER BEARING 22205,BEARING,50.847457627118644
26,CPSE-C,E-DRILL 10MM 650W,E-DRILL 10MM 650W,CM0091,ANGLE GRINDER 100MM 750W,INDUSTRIAL_TOOL,58.53658536585366
26,CPSE-C,E-DRILL 10MM 650W,E-DRILL 10MM 650W,CM0092,ANGLE GRINDER 115MM 900W,INDUSTRIAL_TOOL,48.78048780487805
26,CPSE-C,E-DRILL 10MM 650W,E-DRILL 10MM 650W,CM0093,ANGLE GRINDER 125MM 1100W,INDUSTRIAL_TOOL,38.095238095238095
26,CPSE-C,E-DRILL 10MM 650W,E-DRILL 10MM 650W,CM0094,ELECTRIC DRILL 10MM 650W,INDUSTRIAL_TOOL,73.17073170731707
26,CPSE-C,E-DRILL 10MM 650W,E-DRILL 10MM 650W,CM0095,ELECTRIC DRILL 13MM 800W,INDUSTRIAL_TOOL,58.53658536585366
26,CPSE-C,E-DRILL 10MM 650W,E-DRILL 10MM 650W,CM0096,IMPACT WRENCH 1/2 IN 500W,INDUSTRIAL_TOOL,33.33333333333333
26,CPSE-C,E-DRILL 10MM 650W,E-DRILL 10MM 650W,CM0097,CUTTING MACHINE 355MM 2000W,INDUSTRIAL_TOOL,27.272727272727266
26,CPSE-C,E-DRILL 10MM 650W,E-DRILL 10MM 650W,CM0098,WELDING MACHINE 200A,INDUSTRIAL_TOOL,37.83783783783784
26,CPSE-C,E-DRILL 10MM 650W,E-DRILL 10MM 650W,CM0099,TORQUE WRENCH 50-250NM,INDUSTRIAL_TOOL,30.769230769230774
26,CPSE-C,E-DRILL 10MM 650W,E-DRILL 10MM 650W,CM0100,BENCH GRINDER 200MM 550W,INDUSTRIAL_TOOL,53.65853658536585
27,CPSE-B,TORQUE WRENCH 50-250NM,TORQUE WRENCH 50-250NM,CM0091,ANGLE GRINDER 100MM 750W,INDUSTRIAL_TOOL,34.78260869565217
27,CPSE-B,TORQUE WRENCH 50-250NM,TORQUE WRENCH 50-250NM,CM0092,ANGLE GRINDER 115MM 900W,INDUSTRIAL_TOOL,34.78260869565217
27,CPSE-B,TORQUE WRENCH 50-250NM,TORQUE WRENCH 50-250NM,CM0093,ANGLE GRINDER 125MM 1100W,INDUSTRIAL_TOOL,38.297872340425535
27,CPSE-B,TORQUE WRENCH 50-250NM,TORQUE WRENCH 50-250NM,CM0094,ELECTRIC DRILL 10MM 650W,INDUSTRIAL_TOOL,34.78260869565217
27,CPSE-B,TORQUE WRENCH 50-250NM,TORQUE WRENCH 50-250NM,CM0095,ELECTRIC DRILL 13MM 800W,INDUSTRIAL_TOOL,30.434782608695656
27,CPSE-B,TORQUE WRENCH 50-250NM,TORQUE WRENCH 50-250NM,CM0096,IMPACT WRENCH 1/2 IN 500W,INDUSTRIAL_TOOL,51.06382978723404
27,CPSE-B,TORQUE WRENCH 50-250NM,TORQUE WRENCH 50-250NM,CM0097,CUTTING MACHINE 355MM 2000W,INDUSTRIAL_TOOL,32.65306122448979
27,CPSE-B,TORQUE WRENCH 50-250NM,TORQUE WRENCH 50-250NM,CM0098,WELDING MACHINE 200A,INDUSTRIAL_TOOL,38.095238095238095
27,CPSE-B,TORQUE WRENCH 50-250NM,TORQUE WRENCH 50-250NM,CM0099,TORQUE WRENCH 50-250NM,INDUSTRIAL_TOOL,100.0
27,CPSE-B,TORQUE WRENCH 50-250NM,TORQUE WRENCH 50-250NM,CM0100,BENCH GRINDER 200MM 550W,INDUSTRIAL_TOOL,39.130434782608695
28,CPSE-B,"4""SPIRAL WOUND GRAPHITE GASK 300#",4INSPIRAL WOUND GRAPHITE GASK 300#,CM0051,2 IN SPIRAL WOUND SS GRAPHITE GASKET 150 CLASS,GASKET,67.5
28,CPSE-B,"4""SPIRAL WOUND GRAPHITE GASK 300#",4INSPIRAL WOUND GRAPHITE GASK 300#,CM0052,3 IN SPIRAL WOUND SS GRAPHITE GASKET 150 CLASS,GASKET,67.5
28,CPSE-B,"4""SPIRAL WOUND GRAPHITE GASK 300#",4INSPIRAL WOUND GRAPHITE GASK 300#,CM0053,4 IN SPIRAL WOUND GRAPHITE GASKET 300 CLASS,GASKET,72.72727272727272
28,CPSE-B,"4""SPIRAL WOUND GRAPHITE GASK 300#",4INSPIRAL WOUND GRAPHITE GASK 300#,CM0054,6 IN SPIRAL WOUND GRAPHITE GASKET 150 CLASS,GASKET,64.93506493506493
28,CPSE-B,"4""SPIRAL WOUND GRAPHITE GASK 300#",4INSPIRAL WOUND GRAPHITE GASK 300#,CM0055,8 IN PTFE FULL FACE GASKET 150 CLASS,GASKET,40.0
28,CPSE-B,"4""SPIRAL WOUND GRAPHITE GASK 300#",4INSPIRAL WOUND GRAPHITE GASK 300#,CM0056,2 IN PTFE FULL FACE GASKET 150 CLASS,GASKET,40.0
28,CPSE-B,"4""SPIRAL WOUND GRAPHITE GASK 300#",4INSPIRAL WOUND GRAPHITE GASK 300#,CM0057,4 IN SS GRAPHITE GASKET 150 CLASS,GASKET,59.701492537313435
28,CPSE-B,"4""SPIRAL WOUND GRAPHITE GASK 300#",4INSPIRAL WOUND GRAPHITE GASK 300#,CM0058,6 IN PTFE FULL FACE GASKET 300 CLASS,GASKET,45.714285714285715
28,CPSE-B,"4""SPIRAL WOUND GRAPHITE GASK 300#",4INSPIRAL WOUND GRAPHITE GASK 300#,CM0059,10 IN GRAPHITE SPIRAL WOUND GASKET 150 CLASS,GASKET,66.66666666666666
28,CPSE-B,"4""SPIRAL WOUND GRAPHITE GASK 300#",4INSPIRAL WOUND GRAPHITE GASK 300#,CM0060,12 IN GRAPHITE SPIRAL WOUND GASKET 300 CLASS,GASKET,69.23076923076923
29,CPSE-B,3 PHASE INDUCTION MOTOR 55KW 415V 50HZ,3 PHASE INDUCTION MOTOR 55KW 415V 50HZ,CM0071,3 PHASE INDUCTION MOTOR 5.5KW 415V 50HZ,MOTOR,98.7012987012987
29,CPSE-B,3 PHASE INDUCTION MOTOR 55KW 415V 50HZ,3 PHASE INDUCTION MOTOR 55KW 415V 50HZ,CM0072,3 PHASE INDUCTION MOTOR 7.5KW 415V 50HZ,MOTOR,96.1038961038961
29,CPSE-B,3 PHASE INDUCTION MOTOR 55KW 415V 50HZ,3 PHASE INDUCTION MOTOR 55KW 415V 50HZ,CM0073,3 PHASE INDUCTION MOTOR 11KW 415V 50HZ,MOTOR,94.73684210526315
29,CPSE-B,3 PHASE INDUCTION MOTOR 55KW 415V 50HZ,3 PHASE INDUCTION MOTOR 55KW 415V 50HZ,CM0074,3 PHASE INDUCTION MOTOR 15KW 415V 50HZ,MOTOR,97.36842105263158
29,CPSE-B,3 PHASE INDUCTION MOTOR 55KW 415V 50HZ,3 PHASE INDUCTION MOTOR 55KW 415V 50HZ,CM0075,3 PHASE INDUCTION MOTOR 18.5KW 415V 50HZ,MOTOR,94.87179487179488
29,CPSE-B,3 PHASE INDUCTION MOTOR 55KW 415V 50HZ,3 PHASE INDUCTION MOTOR 55KW 415V 50HZ,CM0076,3 PHASE INDUCTION MOTOR 22KW 415V 50HZ,MOTOR,94.73684210526315
29,CPSE-B,3 PHASE INDUCTION MOTOR 55KW 415V 50HZ,3 PHASE INDUCTION MOTOR 55KW 415V 50HZ,CM0077,3 PHASE INDUCTION MOTOR 30KW 415V 50HZ,MOTOR,94.73684210526315
29,CPSE-B,3 PHASE INDUCTION MOTOR 55KW 415V 50HZ,3 PHASE INDUCTION MOTOR 55KW 415V 50HZ,CM0078,3 PHASE INDUCTION MOTOR 37KW 415V 50HZ,MOTOR,94.73684210526315
29,CPSE-B,3 PHASE INDUCTION MOTOR 55KW 415V 50HZ,3 PHASE INDUCTION MOTOR 55KW 415V 50HZ,CM0079,3 PHASE INDUCTION MOTOR 45KW 415V 50HZ,MOTOR,97.36842105263158
29,CPSE-B,3 PHASE INDUCTION MOTOR 55KW 415V 50HZ,3 PHASE INDUCTION MOTOR 55KW 415V 50HZ,CM0080,3 PHASE INDUCTION MOTOR 55KW 415V 50HZ,MOTOR,100.0
30,CPSE-C,M8X40 CS HEX BOLT,M8X40 CARBON STEEL HEX BOLT,CM0001,M10 X 50 SS304 HEX BOLT,FASTENER,56.0
30,CPSE-C,M8X40 CS HEX BOLT,M8X40 CARBON STEEL HEX BOLT,CM0002,M12 X 50 SS304 HEX BOLT,FASTENER,52.0
30,CPSE-C,M8X40 CS HEX BOLT,M8X40 CARBON STEEL HEX BOLT,CM0003,M10 X 75 SS316 HEX BOLT,FASTENER,56.0
30,CPSE-C,M8X40 CS HEX BOLT,M8X40 CARBON STEEL HEX BOLT,CM0004,M16 X 60 CARBON STEEL HEX BOLT,FASTENER,87.5
30,CPSE-C,M8X40 CS HEX BOLT,M8X40 CARBON STEEL HEX BOLT,CM0005,M20 X 80 GALVANIZED STEEL HEX BOLT,FASTENER,68.29268292682927
30,CPSE-C,M8X40 CS HEX BOLT,M8X40 CARBON STEEL HEX BOLT,CM0006,M8 X 40 CARBON STEEL HEX BOLT,FASTENER,89.28571428571429
30,CPSE-C,M8X40 CS HEX BOLT,M8X40 CARBON STEEL HEX BOLT,CM0007,M12 X 80 SS316 HEX BOLT,FASTENER,52.0
30,CPSE-C,M8X40 CS HEX BOLT,M8X40 CARBON STEEL HEX BOLT,CM0008,M16 X 75 SS304 HEX BOLT,FASTENER,52.0
30,CPSE-C,M8X40 CS HEX BOLT,M8X40 CARBON STEEL HEX BOLT,CM0009,M20 X 100 CARBON STEEL HEX BOLT,FASTENER,87.5
30,CPSE-C,M8X40 CS HEX BOLT,M8X40 CARBON STEEL HEX BOLT,CM0010,M10 X 30 SS304 HEX BOLT,FASTENER,56.0
31,CPSE-C,8 IN PTFE FF GASKET 150 CLASS,8IN PTFE FF GASKET 150 CLASS,CM0051,2 IN SPIRAL WOUND SS GRAPHITE GASKET 150 CLASS,GASKET,72.72727272727272
31,CPSE-C,8 IN PTFE FF GASKET 150 CLASS,8IN PTFE FF GASKET 150 CLASS,CM0052,3 IN SPIRAL WOUND SS GRAPHITE GASKET 150 CLASS,GASKET,72.72727272727272
31,CPSE-C,8 IN PTFE FF GASKET 150 CLASS,8IN PTFE FF GASKET 150 CLASS,CM0053,4 IN SPIRAL WOUND GRAPHITE GASKET 300 CLASS,GASKET,60.0
31,CPSE-C,8 IN PTFE FF GASKET 150 CLASS,8IN PTFE FF GASKET 150 CLASS,CM0054,6 IN SPIRAL WOUND GRAPHITE GASKET 150 CLASS,GASKET,72.72727272727272
31,CPSE-C,8 IN PTFE FF GASKET 150 CLASS,8IN PTFE FF GASKET 150 CLASS,CM0055,8 IN PTFE FULL FACE GASKET 150 CLASS,GASKET,85.71428571428571
31,CPSE-C,8 IN PTFE FF GASKET 150 CLASS,8IN PTFE FF GASKET 150 CLASS,CM0056,2 IN PTFE FULL FACE GASKET 150 CLASS,GASKET,85.71428571428571
31,CPSE-C,8 IN PTFE FF GASKET 150 CLASS,8IN PTFE FF GASKET 150 CLASS,CM0057,4 IN SS GRAPHITE GASKET 150 CLASS,GASKET,72.72727272727272
31,CPSE-C,8 IN PTFE FF GASKET 150 CLASS,8IN PTFE FF GASKET 150 CLASS,CM0058,6 IN PTFE FULL FACE GASKET 300 CLASS,GASKET,75.55555555555556
31,CPSE-C,8 IN PTFE FF GASKET 150 CLASS,8IN PTFE FF GASKET 150 CLASS,CM0059,10 IN GRAPHITE SPIRAL WOUND GASKET 150 CLASS,GASKET,72.72727272727272
31,CPSE-C,8 IN PTFE FF GASKET 150 CLASS,8IN PTFE FF GASKET 150 CLASS,CM0060,12 IN GRAPHITE SPIRAL WOUND GASKET 300 CLASS,GASKET,60.0
32,CPSE-A,DEEP GROOVE BALL BRG 6206,DEEP GROOVE BALL BEARING 6206,CM0011,DEEP GROOVE BALL BEARING 6205,BEARING,96.55172413793103
32,CPSE-A,DEEP GROOVE BALL BRG 6206,DEEP GROOVE BALL BEARING 6206,CM0012,DEEP GROOVE BALL BEARING 6206,BEARING,100.0
32,CPSE-A,DEEP GROOVE BALL BRG 6206,DEEP GROOVE BALL BEARING 6206,CM0013,DEEP GROOVE BALL BEARING 6207,BEARING,96.55172413793103
32,CPSE-A,DEEP GROOVE BALL BRG 6206,DEEP GROOVE BALL BEARING 6206,CM0014,DEEP GROOVE BALL BEARING 6305,BEARING,93.10344827586206
32,CPSE-A,DEEP GROOVE BALL BRG 6206,DEEP GROOVE BALL BEARING 6206,CM0015,DEEP GROOVE BALL BEARING 6306,BEARING,96.55172413793103
32,CPSE-A,DEEP GROOVE BALL BRG 6206,DEEP GROOVE BALL BEARING 6206,CM0016,DEEP GROOVE BALL BEARING 6307,BEARING,93.10344827586206
32,CPSE-A,DEEP GROOVE BALL BRG 6206,DEEP GROOVE BALL BEARING 6206,CM0017,TAPERED ROLLER BEARING 30205,BEARING,59.64912280701754
32,CPSE-A,DEEP GROOVE BALL BRG 6206,DEEP GROOVE BALL BEARING 6206,CM0018,TAPERED ROLLER BEARING 30206,BEARING,63.1578947368421
32,CPSE-A,DEEP GROOVE BALL BRG 6206,DEEP GROOVE BALL BEARING 6206,CM0019,TAPERED ROLLER BEARING 30305,BEARING,56.14035087719298
32,CPSE-A,DEEP GROOVE BALL BRG 6206,DEEP GROOVE BALL BEARING 6206,CM0020,SPHERICAL ROLLER BEARING 22205,BEARING,54.23728813559322
33,CPSE-A,M20 X 100 CS HEX BOLT,M20X100 CARBON STEEL HEX BOLT,CM0001,M10 X 50 SS304 HEX BOLT,FASTENER,57.69230769230769
33,CPSE-A,M20 X 100 CS HEX BOLT,M20X100 CARBON STEEL HEX BOLT,CM0002,M12 X 50 SS304 HEX BOLT,FASTENER,53.84615384615385
33,CPSE-A,M20 X 100 CS HEX BOLT,M20X100 CARBON STEEL HEX BOLT,CM0003,M10 X 75 SS316 HEX BOLT,FASTENER,57.69230769230769
33,CPSE-A,M20 X 100 CS HEX BOLT,M20X100 CARBON STEEL HEX BOLT,CM0004,M16 X 60 CARBON STEEL HEX BOLT,FASTENER,84.0
33,CPSE-A,M20 X 100 CS HEX BOLT,M20X100 CARBON STEEL HEX BOLT,CM0005,M20 X 80 GALVANIZED STEEL HEX BOLT,FASTENER,69.84126984126985
33,CPSE-A,M20 X 100 CS HEX BOLT,M20X100 CARBON STEEL HEX BOLT,CM0006,M8 X 40 CARBON STEEL HEX BOLT,FASTENER,84.0
33,CPSE-A,M20 X 100 CS HEX BOLT,M20X100 CARBON STEEL HEX BOLT,CM0007,M12 X 80 SS316 HEX BOLT,FASTENER,53.84615384615385
33,CPSE-A,M20 X 100 CS HEX BOLT,M20X100 CARBON STEEL HEX BOLT,CM0008,M16 X 75 SS304 HEX BOLT,FASTENER,53.84615384615385
33,CPSE-A,M20 X 100 CS HEX BOLT,M20X100 CARBON STEEL HEX BOLT,CM0009,M20 X 100 CARBON STEEL HEX BOLT,FASTENER,86.66666666666667
33,CPSE-A,M20 X 100 CS HEX BOLT,M20X100 CARBON STEEL HEX BOLT,CM0010,M10 X 30 SS304 HEX BOLT,FASTENER,57.69230769230769
34,CPSE-C,3 PHASE IND MTR 7.5KW 415V 50HZ,3 PHASE IND MOTOR 7.5KW 415V 50HZ,CM0071,3 PHASE INDUCTION MOTOR 5.5KW 415V 50HZ,MOTOR,88.88888888888889
34,CPSE-C,3 PHASE IND MTR 7.5KW 415V 50HZ,3 PHASE IND MOTOR 7.5KW 415V 50HZ,CM0072,3 PHASE INDUCTION MOTOR 7.5KW 415V 50HZ,MOTOR,93.54838709677419
34,CPSE-C,3 PHASE IND MTR 7.5KW 415V 50HZ,3 PHASE IND MOTOR 7.5KW 415V 50HZ,CM0073,3 PHASE INDUCTION MOTOR 11KW 415V 50HZ,MOTOR,84.50704225352112
34,CPSE-C,3 PHASE IND MTR 7.5KW 415V 50HZ,3 PHASE IND MOTOR 7.5KW 415V 50HZ,CM0074,3 PHASE INDUCTION MOTOR 15KW 415V 50HZ,MOTOR,87.32394366197182
34,CPSE-C,3 PHASE IND MTR 7.5KW 415V 50HZ,3 PHASE IND MOTOR 7.5KW 415V 50HZ,CM0075,3 PHASE INDUCTION MOTOR 18.5KW 415V 50HZ,MOTOR,87.67123287671232
34,CPSE-C,3 PHASE IND MTR 7.5KW 415V 50HZ,3 PHASE IND MOTOR 7.5KW 415V 50HZ,CM0076,3 PHASE INDUCTION MOTOR 22KW 415V 50HZ,MOTOR,84.50704225352112
34,CPSE-C,3 PHASE IND MTR 7.5KW 415V 50HZ,3 PHASE IND MOTOR 7.5KW 415V 50HZ,CM0077,3 PHASE INDUCTION MOTOR 30KW 415V 50HZ,MOTOR,84.50704225352112
34,CPSE-C,3 PHASE IND MTR 7.5KW 415V 50HZ,3 PHASE IND MOTOR 7.5KW 415V 50HZ,CM0078,3 PHASE INDUCTION MOTOR 37KW 415V 50HZ,MOTOR,87.32394366197182
34,CPSE-C,3 PHASE IND MTR 7.5KW 415V 50HZ,3 PHASE IND MOTOR 7.5KW 415V 50HZ,CM0079,3 PHASE INDUCTION MOTOR 45KW 415V 50HZ,MOTOR,87.32394366197182
34,CPSE-C,3 PHASE IND MTR 7.5KW 415V 50HZ,3 PHASE IND MOTOR 7.5KW 415V 50HZ,CM0080,3 PHASE INDUCTION MOTOR 55KW 415V 50HZ,MOTOR,87.32394366197182
35,CPSE-C,8 IN CS SEAMLESS PIPE SCH80,8IN CARBON STEEL SEAMLESS PIPE SCH80,CM0031,2 IN CS SEAMLESS PIPE SCH40,PIPE,69.84126984126985
35,CPSE-C,8 IN CS SEAMLESS PIPE SCH80,8IN CARBON STEEL SEAMLESS PIPE SCH80,CM0032,3 IN CS SEAMLESS PIPE SCH40,PIPE,69.84126984126985
35,CPSE-C,8 IN CS SEAMLESS PIPE SCH80,8IN CARBON STEEL SEAMLESS PIPE SCH80,CM0033,4 IN SS304 SEAMLESS PIPE SCH40,PIPE,69.69696969696969
35,CPSE-C,8 IN CS SEAMLESS PIPE SCH80,8IN CARBON STEEL SEAMLESS PIPE SCH80,CM0034,6 IN CS SEAMLESS PIPE SCH80,PIPE,82.6086956521739
35,CPSE-C,8 IN CS SEAMLESS PIPE SCH80,8IN CARBON STEEL SEAMLESS PIPE SCH80,CM0035,8 IN SS316 SEAMLESS PIPE SCH40,PIPE,72.72727272727272
35,CPSE-C,8 IN CS SEAMLESS PIPE SCH80,8IN CARBON STEEL SEAMLESS PIPE SCH80,CM0036,2 IN SS304 SEAMLESS PIPE SCH10,PIPE,69.69696969696969
35,CPSE-C,8 IN CS SEAMLESS PIPE SCH80,8IN CARBON STEEL SEAMLESS PIPE SCH80,CM0037,3 IN SS316 SEAMLESS PIPE SCH40,PIPE,69.69696969696969
35,CPSE-C,8 IN CS SEAMLESS PIPE SCH80,8IN CARBON STEEL SEAMLESS PIPE SCH80,CM0038,4 IN CS SEAMLESS PIPE SCH80,PIPE,82.6086956521739
35,CPSE-C,8 IN CS SEAMLESS PIPE SCH80,8IN CARBON STEEL SEAMLESS PIPE SCH80,CM0039,6 IN SS304 SEAMLESS PIPE SCH40,PIPE,69.69696969696969
35,CPSE-C,8 IN CS SEAMLESS PIPE SCH80,8IN CARBON STEEL SEAMLESS PIPE SCH80,CM0040,8 IN CS SEAMLESS PIPE SCH80,PIPE,82.6086956521739
36,CPSE-B,M10X75 SS316 HEX BOLT,M10X75 SS316 HEX BOLT,CM0001,M10 X 50 SS304 HEX BOLT,FASTENER,72.72727272727272
36,CPSE-B,M10X75 SS316 HEX BOLT,M10X75 SS316 HEX BOLT,CM0002,M12 X 50 SS304 HEX BOLT,FASTENER,68.18181818181819
36,CPSE-B,M10X75 SS316 HEX BOLT,M10X75 SS316 HEX BOLT,CM0003,M10 X 75 SS316 HEX BOLT,FASTENER,86.36363636363636
36,CPSE-B,M10X75 SS316 HEX BOLT,M10X75 SS316 HEX BOLT,CM0004,M16 X 60 CARBON STEEL HEX BOLT,FASTENER,55.172413793103445
36,CPSE-B,M10X75 SS316 HEX BOLT,M10X75 SS316 HEX BOLT,CM0005,M20 X 80 GALVANIZED STEEL HEX BOLT,FASTENER,55.172413793103445
36,CPSE-B,M10X75 SS316 HEX BOLT,M10X75 SS316 HEX BOLT,CM0006,M8 X 40 CARBON STEEL HEX BOLT,FASTENER,55.172413793103445
36,CPSE-B,M10X75 SS316 HEX BOLT,M10X75 SS316 HEX BOLT,CM0007,M12 X 80 SS316 HEX BOLT,FASTENER,81.81818181818181
36,CPSE-B,M10X75 SS316 HEX BOLT,M10X75 SS316 HEX BOLT,CM0008,M16 X 75 SS304 HEX BOLT,FASTENER,68.18181818181819
36,CPSE-B,M10X75 SS316 HEX BOLT,M10X75 SS316 HEX BOLT,CM0009,M20 X 100 CARBON STEEL HEX BOLT,FASTENER,55.172413793103445
36,CPSE-B,M10X75 SS316 HEX BOLT,M10X75 SS316 HEX BOLT,CM0010,M10 X 30 SS304 HEX BOLT,FASTENER,72.72727272727272
37,CPSE-A,2 IN CS SEAMLESS PIP SCH40,2IN CARBON STEEL SEAMLESS PIP SCH40,CM0031,2 IN CS SEAMLESS PIPE SCH40,PIPE,77.41935483870968
37,CPSE-A,2 IN CS SEAMLESS PIP SCH40,2IN CARBON STEEL SEAMLESS PIP SCH40,CM0032,3 IN CS SEAMLESS PIPE SCH40,PIPE,74.19354838709677
37,CPSE-A,2 IN CS SEAMLESS PIP SCH40,2IN CARBON STEEL SEAMLESS PIP SCH40,CM0033,4 IN SS304 SEAMLESS PIPE SCH40,PIPE,70.76923076923077
37,CPSE-A,2 IN CS SEAMLESS PIP SCH40,2IN CARBON STEEL SEAMLESS PIP SCH40,CM0034,6 IN CS SEAMLESS PIPE SCH80,PIPE,67.74193548387098
37,CPSE-A,2 IN CS SEAMLESS PIP SCH40,2IN CARBON STEEL SEAMLESS PIP SCH40,CM0035,8 IN SS316 SEAMLESS PIPE SCH40,PIPE,70.76923076923077
37,CPSE-A,2 IN CS SEAMLESS PIP SCH40,2IN CARBON STEEL SEAMLESS PIP SCH40,CM0036,2 IN SS304 SEAMLESS PIPE SCH10,PIPE,70.76923076923077
37,CPSE-A,2 IN CS SEAMLESS PIP SCH40,2IN CARBON STEEL SEAMLESS PIP SCH40,CM0037,3 IN SS316 SEAMLESS PIPE SCH40,PIPE,70.76923076923077
37,CPSE-A,2 IN CS SEAMLESS PIP SCH40,2IN CARBON STEEL SEAMLESS PIP SCH40,CM0038,4 IN CS SEAMLESS PIPE SCH80,PIPE,67.74193548387098
37,CPSE-A,2 IN CS SEAMLESS PIP SCH40,2IN CARBON STEEL SEAMLESS PIP SCH40,CM0039,6 IN SS304 SEAMLESS PIPE SCH40,PIPE,70.76923076923077
37,CPSE-A,2 IN CS SEAMLESS PIP SCH40,2IN CARBON STEEL SEAMLESS PIP SCH40,CM0040,8 IN CS SEAMLESS PIPE SCH80,PIPE,67.74193548387098
38,CPSE-B,DEEP GROOVE BALL BEARING 6307,DEEP GROOVE BALL BEARING 6307,CM0011,DEEP GROOVE BALL BEARING 6205,BEARING,93.10344827586206
38,CPSE-B,DEEP GROOVE BALL BEARING 6307,DEEP GROOVE BALL BEARING 6307,CM0012,DEEP GROOVE BALL BEARING 6206,BEARING,93.10344827586206
38,CPSE-B,DEEP GROOVE BALL BEARING 6307,DEEP GROOVE BALL BEARING 6307,CM0013,DEEP GROOVE BALL BEARING 6207,BEARING,96.55172413793103
38,CPSE-B,DEEP GROOVE BALL BEARING 6307,DEEP GROOVE BALL BEARING 6307,CM0014,DEEP GROOVE BALL BEARING 6305,BEARING,96.55172413793103
38,CPSE-B,DEEP GROOVE BALL BEARING 6307,DEEP GROOVE BALL BEARING 6307,CM0015,DEEP GROOVE BALL BEARING 6306,BEARING,96.55172413793103
38,CPSE-B,DEEP GROOVE BALL BEARING 6307,DEEP GROOVE BALL BEARING 6307,CM0016,DEEP GROOVE BALL BEARING 6307,BEARING,100.0
38,CPSE-B,DEEP GROOVE BALL BEARING 6307,DEEP GROOVE BALL BEARING 6307,CM0017,TAPERED ROLLER BEARING 30205,BEARING,59.64912280701754
38,CPSE-B,DEEP GROOVE BALL BEARING 6307,DEEP GROOVE BALL BEARING 6307,CM0018,TAPERED ROLLER BEARING 30206,BEARING,59.64912280701754
38,CPSE-B,DEEP GROOVE BALL BEARING 6307,DEEP GROOVE BALL BEARING 6307,CM0019,TAPERED ROLLER BEARING 30305,BEARING,59.64912280701754
38,CPSE-B,DEEP GROOVE BALL BEARING 6307,DEEP GROOVE BALL BEARING 6307,CM0020,SPHERICAL ROLLER BEARING 22205,BEARING,50.847457627118644
39,CPSE-B,"6""CS BUTTERFLY VAL 150#",6INCS BUTTERFLY VAL 150#,CM0021,2 IN SS304 GATE VALVE 150 CLASS,VALVE,47.27272727272727
39,CPSE-B,"6""CS BUTTERFLY VAL 150#",6INCS BUTTERFLY VAL 150#,CM0022,2 IN SS304 GATE VALVE 300 CLASS,VALVE,40.0
39,CPSE-B,"6""CS BUTTERFLY VAL 150#",6INCS BUTTERFLY VAL 150#,CM0023,3 IN CS GATE VALVE 150 CLASS,VALVE,50.0
39,CPSE-B,"6""CS BUTTERFLY VAL 150#",6INCS BUTTERFLY VAL 150#,CM0024,4 IN SS316 BALL VALVE 150 CLASS,VALVE,40.0
39,CPSE-B,"6""CS BUTTERFLY VAL 150#",6INCS BUTTERFLY VAL 150#,CM0025,6 IN CS BUTTERFLY VALVE 150 CLASS,VALVE,73.6842105263158
39,CPSE-B,"6""CS BUTTERFLY VAL 150#",6INCS BUTTERFLY VAL 150#,CM0026,4 IN SS304 GATE VALVE 150 CLASS,VALVE,47.27272727272727
39,CPSE-B,"6""CS BUTTERFLY VAL 150#",6INCS BUTTERFLY VAL 150#,CM0027,6 IN SS316 BALL VALVE 300 CLASS,VALVE,36.36363636363637
39,CPSE-B,"6""CS BUTTERFLY VAL 150#",6INCS BUTTERFLY VAL 150#,CM0028,8 IN CS GATE VALVE 300 CLASS,VALVE,42.30769230769231
39,CPSE-B,"6""CS BUTTERFLY VAL 150#",6INCS BUTTERFLY VAL 150#,CM0029,10 IN CS BUTTERFLY VALVE 150 CLASS,VALVE,68.9655172413793
39,CPSE-B,"6""CS BUTTERFLY VAL 150#",6INCS BUTTERFLY VAL 150#,CM0030,2 IN CS GLOBE VALVE 150 CLASS,VALVE,49.056603773584904
40,CPSE-A,3 IN CS SEAMLESS PIP SCH40,3IN CARBON STEEL SEAMLESS PIP SCH40,CM0031,2 IN CS SEAMLESS PIPE SCH40,PIPE,74.19354838709677
40,CPSE-A,3 IN CS SEAMLESS PIP SCH40,3IN CARBON STEEL SEAMLESS PIP SCH40,CM0032,3 IN CS SEAMLESS PIPE SCH40,PIPE,77.41935483870968
40,CPSE-A,3 IN CS SEAMLESS PIP SCH40,3IN CARBON STEEL SEAMLESS PIP SCH40,CM0033,4 IN SS304 SEAMLESS PIPE SCH40,PIPE,70.76923076923077
40,CPSE-A,3 IN CS SEAMLESS PIP SCH40,3IN CARBON STEEL SEAMLESS PIP SCH40,CM0034,6 IN CS SEAMLESS PIPE SCH80,PIPE,67.74193548387098
40,CPSE-A,3 IN CS SEAMLESS PIP SCH40,3IN CARBON STEEL SEAMLESS PIP SCH40,CM0035,8 IN SS316 SEAMLESS PIPE SCH40,PIPE,70.76923076923077
40,CPSE-A,3 IN CS SEAMLESS PIP SCH40,3IN CARBON STEEL SEAMLESS PIP SCH40,CM0036,2 IN SS304 SEAMLESS PIPE SCH10,PIPE,67.6923076923077
40,CPSE-A,3 IN CS SEAMLESS PIP SCH40,3IN CARBON STEEL SEAMLESS PIP SCH40,CM0037,3 IN SS316 SEAMLESS PIPE SCH40,PIPE,73.84615384615384
40,CPSE-A,3 IN CS SEAMLESS PIP SCH40,3IN CARBON STEEL SEAMLESS PIP SCH40,CM0038,4 IN CS SEAMLESS PIPE SCH80,PIPE,67.74193548387098
40,CPSE-A,3 IN CS SEAMLESS PIP SCH40,3IN CARBON STEEL SEAMLESS PIP SCH40,CM0039,6 IN SS304 SEAMLESS PIPE SCH40,PIPE,70.76923076923077
40,CPSE-A,3 IN CS SEAMLESS PIP SCH40,3IN CARBON STEEL SEAMLESS PIP SCH40,CM0040,8 IN CS SEAMLESS PIPE SCH80,PIPE,67.74193548387098
41,CPSE-B,"4""SS304 GATE VAL 150#",4INSS304 GATE VAL 150#,CM0021,2 IN SS304 GATE VALVE 150 CLASS,VALVE,75.47169811320755
41,CPSE-B,"4""SS304 GATE VAL 150#",4INSS304 GATE VAL 150#,CM0022,2 IN SS304 GATE VALVE 300 CLASS,VALVE,67.9245283018868
41,CPSE-B,"4""SS304 GATE VAL 150#",4INSS304 GATE VAL 150#,CM0023,3 IN CS GATE VALVE 150 CLASS,VALVE,60.0
41,CPSE-B,"4""SS304 GATE VAL 150#",4INSS304 GATE VAL 150#,CM0024,4 IN SS316 BALL VALVE 150 CLASS,VALVE,52.83018867924528
41,CPSE-B,"4""SS304 GATE VAL 150#",4INSS304 GATE VAL 150#,CM0025,6 IN CS BUTTERFLY VALVE 150 CLASS,VALVE,40.0
41,CPSE-B,"4""SS304 GATE VAL 150#",4INSS304 GATE VAL 150#,CM0026,4 IN SS304 GATE VALVE 150 CLASS,VALVE,79.24528301886792
41,CPSE-B,"4""SS304 GATE VAL 150#",4INSS304 GATE VAL 150#,CM0027,6 IN SS316 BALL VALVE 300 CLASS,VALVE,41.509433962264154
41,CPSE-B,"4""SS304 GATE VAL 150#",4INSS304 GATE VAL 150#,CM0028,8 IN CS GATE VALVE 300 CLASS,VALVE,52.0
41,CPSE-B,"4""SS304 GATE VAL 150#",4INSS304 GATE VAL 150#,CM0029,10 IN CS BUTTERFLY VALVE 150 CLASS,VALVE,39.285714285714285
41,CPSE-B,"4""SS304 GATE VAL 150#",4INSS304 GATE VAL 150#,CM0030,2 IN CS GLOBE VALVE 150 CLASS,VALVE,50.98039215686274
42,CPSE-B,"IMPACT WRENCH 1/2""500W",IMPACT WRENCH 1 2IN500W,CM0091,ANGLE GRINDER 100MM 750W,INDUSTRIAL_TOOL,42.5531914893617
42,CPSE-B,"IMPACT WRENCH 1/2""500W",IMPACT WRENCH 1 2IN500W,CM0092,ANGLE GRINDER 115MM 900W,INDUSTRIAL_TOOL,42.5531914893617
42,CPSE-B,"IMPACT WRENCH 1/2""500W",IMPACT WRENCH 1 2IN500W,CM0093,ANGLE GRINDER 125MM 1100W,INDUSTRIAL_TOOL,41.666666666666664
42,CPSE-B,"IMPACT WRENCH 1/2""500W",IMPACT WRENCH 1 2IN500W,CM0094,ELECTRIC DRILL 10MM 650W,INDUSTRIAL_TOOL,46.808510638297875
42,CPSE-B,"IMPACT WRENCH 1/2""500W",IMPACT WRENCH 1 2IN500W,CM0095,ELECTRIC DRILL 13MM 800W,INDUSTRIAL_TOOL,46.808510638297875
42,CPSE-B,"IMPACT WRENCH 1/2""500W",IMPACT WRENCH 1 2IN500W,CM0096,IMPACT WRENCH 1/2 IN 500W,INDUSTRIAL_TOOL,83.33333333333333
42,CPSE-B,"IMPACT WRENCH 1/2""500W",IMPACT WRENCH 1 2IN500W,CM0097,CUTTING MACHINE 355MM 2000W,INDUSTRIAL_TOOL,44.0
42,CPSE-B,"IMPACT WRENCH 1/2""500W",IMPACT WRENCH 1 2IN500W,CM0098,WELDING MACHINE 200A,INDUSTRIAL_TOOL,51.16279069767442
42,CPSE-B,"IMPACT WRENCH 1/2""500W",IMPACT WRENCH 1 2IN500W,CM0099,TORQUE WRENCH 50-250NM,INDUSTRIAL_TOOL,53.333333333333336
42,CPSE-B,"IMPACT WRENCH 1/2""500W",IMPACT WRENCH 1 2IN500W,CM0100,BENCH GRINDER 200MM 550W,INDUSTRIAL_TOOL,42.5531914893617
43,CPSE-A,2 IN SS304 GATE VLV 150 CLASS,2IN SS304 GATE VALVE 150 CLASS,CM0021,2 IN SS304 GATE VALVE 150 CLASS,VALVE,98.36065573770492
43,CPSE-A,2 IN SS304 GATE VLV 150 CLASS,2IN SS304 GATE VALVE 150 CLASS,CM0022,2 IN SS304 GATE VALVE 300 CLASS,VALVE,88.52459016393442
43,CPSE-A,2 IN SS304 GATE VLV 150 CLASS,2IN SS304 GATE VALVE 150 CLASS,CM0023,3 IN CS GATE VALVE 150 CLASS,VALVE,83.33333333333333
43,CPSE-A,2 IN SS304 GATE VLV 150 CLASS,2IN SS304 GATE VALVE 150 CLASS,CM0024,4 IN SS316 BALL VALVE 150 CLASS,VALVE,72.1311475409836
43,CPSE-A,2 IN SS304 GATE VLV 150 CLASS,2IN SS304 GATE VALVE 150 CLASS,CM0025,6 IN CS BUTTERFLY VALVE 150 CLASS,VALVE,66.66666666666666
43,CPSE-A,2 IN SS304 GATE VLV 150 CLASS,2IN SS304 GATE VALVE 150 CLASS,CM0026,4 IN SS304 GATE VALVE 150 CLASS,VALVE,95.08196721311475
43,CPSE-A,2 IN SS304 GATE VLV 150 CLASS,2IN SS304 GATE VALVE 150 CLASS,CM0027,6 IN SS316 BALL VALVE 300 CLASS,VALVE,65.57377049180329
43,CPSE-A,2 IN SS304 GATE VLV 150 CLASS,2IN SS304 GATE VALVE 150 CLASS,CM0028,8 IN CS GATE VALVE 300 CLASS,VALVE,72.72727272727272
43,CPSE-A,2 IN SS304 GATE VLV 150 CLASS,2IN SS304 GATE VALVE 150 CLASS,CM0029,10 IN CS BUTTERFLY VALVE 150 CLASS,VALVE,66.66666666666666
43,CPSE-A,2 IN SS304 GATE VLV 150 CLASS,2IN SS304 GATE VALVE 150 CLASS,CM0030,2 IN CS GLOBE VALVE 150 CLASS,VALVE,71.1864406779661
44,CPSE-C,4 IN SS304 GTV 150 CLASS,4IN SS304 GTV 150 CLASS,CM0021,2 IN SS304 GATE VALVE 150 CLASS,VALVE,78.94736842105263
44,CPSE-C,4 IN SS304 GTV 150 CLASS,4IN SS304 GTV 150 CLASS,CM0022,2 IN SS304 GATE VALVE 300 CLASS,VALVE,66.66666666666666
44,CPSE-C,4 IN SS304 GTV 150 CLASS,4IN SS304 GTV 150 CLASS,CM0023,3 IN CS GATE VALVE 150 CLASS,VALVE,56.25
44,CPSE-C,4 IN SS304 GTV 150 CLASS,4IN SS304 GTV 150 CLASS,CM0024,4 IN SS316 BALL VALVE 150 CLASS,VALVE,62.96296296296296
44,CPSE-C,4 IN SS304 GTV 150 CLASS,4IN SS304 GTV 150 CLASS,CM0025,6 IN CS BUTTERFLY VALVE 150 CLASS,VALVE,56.25
44,CPSE-C,4 IN SS304 GTV 150 CLASS,4IN SS304 GTV 150 CLASS,CM0026,4 IN SS304 GATE VALVE 150 CLASS,VALVE,78.94736842105263
44,CPSE-C,4 IN SS304 GTV 150 CLASS,4IN SS304 GTV 150 CLASS,CM0027,6 IN SS316 BALL VALVE 300 CLASS,VALVE,51.851851851851855
44,CPSE-C,4 IN SS304 GTV 150 CLASS,4IN SS304 GTV 150 CLASS,CM0028,8 IN CS GATE VALVE 300 CLASS,VALVE,47.05882352941177
44,CPSE-C,4 IN SS304 GTV 150 CLASS,4IN SS304 GTV 150 CLASS,CM0029,10 IN CS BUTTERFLY VALVE 150 CLASS,VALVE,56.25
44,CPSE-C,4 IN SS304 GTV 150 CLASS,4IN SS304 GTV 150 CLASS,CM0030,2 IN CS GLOBE VALVE 150 CLASS,VALVE,56.25
45,CPSE-A,2 IN SS304 GATE VLV 300 CLASS,2IN SS304 GATE VALVE 300 CLASS,CM0021,2 IN SS304 GATE VALVE 150 CLASS,VALVE,85.24590163934427
45,CPSE-A,2 IN SS304 GATE VLV 300 CLASS,2IN SS304 GATE VALVE 300 CLASS,CM0022,2 IN SS304 GATE VALVE 300 CLASS,VALVE,98.36065573770492
45,CPSE-A,2 IN SS304 GATE VLV 300 CLASS,2IN SS304 GATE VALVE 300 CLASS,CM0023,3 IN CS GATE VALVE 150 CLASS,VALVE,72.72727272727272
45,CPSE-A,2 IN SS304 GATE VLV 300 CLASS,2IN SS304 GATE VALVE 300 CLASS,CM0024,4 IN SS316 BALL VALVE 150 CLASS,VALVE,62.295081967213115
45,CPSE-A,2 IN SS304 GATE VLV 300 CLASS,2IN SS304 GATE VALVE 300 CLASS,CM0025,6 IN CS BUTTERFLY VALVE 150 CLASS,VALVE,57.142857142857146
45,CPSE-A,2 IN SS304 GATE VLV 300 CLASS,2IN SS304 GATE VALVE 300 CLASS,CM0026,4 IN SS304 GATE VALVE 150 CLASS,VALVE,84.61538461538461
45,CPSE-A,2 IN SS304 GATE VLV 300 CLASS,2IN SS304 GATE VALVE 300 CLASS,CM0027,6 IN SS316 BALL VALVE 300 CLASS,VALVE,72.1311475409836
45,CPSE-A,2 IN SS304 GATE VLV 300 CLASS,2IN SS304 GATE VALVE 300 CLASS,CM0028,8 IN CS GATE VALVE 300 CLASS,VALVE,83.33333333333333
45,CPSE-A,2 IN SS304 GATE VLV 300 CLASS,2IN SS304 GATE VALVE 300 CLASS,CM0029,10 IN CS BUTTERFLY VALVE 150 CLASS,VALVE,59.375
45,CPSE-A,2 IN SS304 GATE VLV 300 CLASS,2IN SS304 GATE VALVE 300 CLASS,CM0030,2 IN CS GLOBE VALVE 150 CLASS,VALVE,61.016949152542374
46,CPSE-A,3 PHASE INDUCTION MTR 45KW 415V 50HZ,3 PHASE INDUCTION MOTOR 45KW 415V 50HZ,CM0071,3 PHASE INDUCTION MOTOR 5.5KW 415V 50HZ,MOTOR,96.1038961038961
46,CPSE-A,3 PHASE INDUCTION MTR 45KW 415V 50HZ,3 PHASE INDUCTION MOTOR 45KW 415V 50HZ,CM0072,3 PHASE INDUCTION MOTOR 7.5KW 415V 50HZ,MOTOR,96.1038961038961
46,CPSE-A,3 PHASE INDUCTION MTR 45KW 415V 50HZ,3 PHASE INDUCTION MOTOR 45KW 415V 50HZ,CM0073,3 PHASE INDUCTION MOTOR 11KW 415V 50HZ,MOTOR,94.73684210526315
46,CPSE-A,3 PHASE INDUCTION MTR 45KW 415V 50HZ,3 PHASE INDUCTION MOTOR 45KW 415V 50HZ,CM0074,3 PHASE INDUCTION MOTOR 15KW 415V 50HZ,MOTOR,97.36842105263158
46,CPSE-A,3 PHASE INDUCTION MTR 45KW 415V 50HZ,3 PHASE INDUCTION MOTOR 45KW 415V 50HZ,CM0075,3 PHASE INDUCTION MOTOR 18.5KW 415V 50HZ,MOTOR,94.87179487179488
46,CPSE-A,3 PHASE INDUCTION MTR 45KW 415V 50HZ,3 PHASE INDUCTION MOTOR 45KW 415V 50HZ,CM0076,3 PHASE INDUCTION MOTOR 22KW 415V 50HZ,MOTOR,94.73684210526315
46,CPSE-A,3 PHASE INDUCTION MTR 45KW 415V 50HZ,3 PHASE INDUCTION MOTOR 45KW 415V 50HZ,CM0077,3 PHASE INDUCTION MOTOR 30KW 415V 50HZ,MOTOR,94.73684210526315
46,CPSE-A,3 PHASE INDUCTION MTR 45KW 415V 50HZ,3 PHASE INDUCTION MOTOR 45KW 415V 50HZ,CM0078,3 PHASE INDUCTION MOTOR 37KW 415V 50HZ,MOTOR,94.73684210526315
46,CPSE-A,3 PHASE INDUCTION MTR 45KW 415V 50HZ,3 PHASE INDUCTION MOTOR 45KW 415V 50HZ,CM0079,3 PHASE INDUCTION MOTOR 45KW 415V 50HZ,MOTOR,100.0
46,CPSE-A,3 PHASE INDUCTION MTR 45KW 415V 50HZ,3 PHASE INDUCTION MOTOR 45KW 415V 50HZ,CM0080,3 PHASE INDUCTION MOTOR 55KW 415V 50HZ,MOTOR,97.36842105263158
47,CPSE-B,3 PHASE INDUCTION MOTOR 30KW 415V 50HZ,3 PHASE INDUCTION MOTOR 30KW 415V 50HZ,CM0071,3 PHASE INDUCTION MOTOR 5.5KW 415V 50HZ,MOTOR,93.50649350649351
47,CPSE-B,3 PHASE INDUCTION MOTOR 30KW 415V 50HZ,3 PHASE INDUCTION MOTOR 30KW 415V 50HZ,CM0072,3 PHASE INDUCTION MOTOR 7.5KW 415V 50HZ,MOTOR,93.50649350649351
47,CPSE-B,3 PHASE INDUCTION MOTOR 30KW 415V 50HZ,3 PHASE INDUCTION MOTOR 30KW 415V 50HZ,CM0073,3 PHASE INDUCTION MOTOR 11KW 415V 50HZ,MOTOR,94.73684210526315
47,CPSE-B,3 PHASE INDUCTION MOTOR 30KW 415V 50HZ,3 PHASE INDUCTION MOTOR 30KW 415V 50HZ,CM0074,3 PHASE INDUCTION MOTOR 15KW 415V 50HZ,MOTOR,94.73684210526315
47,CPSE-B,3 PHASE INDUCTION MOTOR 30KW 415V 50HZ,3 PHASE INDUCTION MOTOR 30KW 415V 50HZ,CM0075,3 PHASE INDUCTION MOTOR 18.5KW 415V 50HZ,MOTOR,92.95774647887323
47,CPSE-B,3 PHASE INDUCTION MOTOR 30KW 415V 50HZ,3 PHASE INDUCTION MOTOR 30KW 415V 50HZ,CM0076,3 PHASE INDUCTION MOTOR 22KW 415V 50HZ,MOTOR,94.73684210526315
47,CPSE-B,3 PHASE INDUCTION MOTOR 30KW 415V 50HZ,3 PHASE INDUCTION MOTOR 30KW 415V 50HZ,CM0077,3 PHASE INDUCTION MOTOR 30KW 415V 50HZ,MOTOR,100.0
47,CPSE-B,3 PHASE INDUCTION MOTOR 30KW 415V 50HZ,3 PHASE INDUCTION MOTOR 30KW 415V 50HZ,CM0078,3 PHASE INDUCTION MOTOR 37KW 415V 50HZ,MOTOR,97.36842105263158
47,CPSE-B,3 PHASE INDUCTION MOTOR 30KW 415V 50HZ,3 PHASE INDUCTION MOTOR 30KW 415V 50HZ,CM0079,3 PHASE INDUCTION MOTOR 45KW 415V 50HZ,MOTOR,94.73684210526315
47,CPSE-B,3 PHASE INDUCTION MOTOR 30KW 415V 50HZ,3 PHASE INDUCTION MOTOR 30KW 415V 50HZ,CM0080,3 PHASE INDUCTION MOTOR 55KW 415V 50HZ,MOTOR,94.73684210526315
48,CPSE-A,4 IN CS SEAMLESS PIP SCH80,4IN CARBON STEEL SEAMLESS PIP SCH80,CM0031,2 IN CS SEAMLESS PIPE SCH40,PIPE,67.74193548387098
48,CPSE-A,4 IN CS SEAMLESS PIP SCH80,4IN CARBON STEEL SEAMLESS PIP SCH80,CM0032,3 IN CS SEAMLESS PIPE SCH40,PIPE,67.74193548387098
48,CPSE-A,4 IN CS SEAMLESS PIP SCH80,4IN CARBON STEEL SEAMLESS PIP SCH80,CM0033,4 IN SS304 SEAMLESS PIPE SCH40,PIPE,70.76923076923077
48,CPSE-A,4 IN CS SEAMLESS PIP SCH80,4IN CARBON STEEL SEAMLESS PIP SCH80,CM0034,6 IN CS SEAMLESS PIPE SCH80,PIPE,74.19354838709677
48,CPSE-A,4 IN CS SEAMLESS PIP SCH80,4IN CARBON STEEL SEAMLESS PIP SCH80,CM0035,8 IN SS316 SEAMLESS PIPE SCH40,PIPE,67.6923076923077
48,CPSE-A,4 IN CS SEAMLESS PIP SCH80,4IN CARBON STEEL SEAMLESS PIP SCH80,CM0036,2 IN SS304 SEAMLESS PIPE SCH10,PIPE,67.6923076923077
48,CPSE-A,4 IN CS SEAMLESS PIP SCH80,4IN CARBON STEEL SEAMLESS PIP SCH80,CM0037,3 IN SS316 SEAMLESS PIPE SCH40,PIPE,67.6923076923077
48,CPSE-A,4 IN CS SEAMLESS PIP SCH80,4IN CARBON STEEL SEAMLESS PIP SCH80,CM0038,4 IN CS SEAMLESS PIPE SCH80,PIPE,77.41935483870968
48,CPSE-A,4 IN CS SEAMLESS PIP SCH80,4IN CARBON STEEL SEAMLESS PIP SCH80,CM0039,6 IN SS304 SEAMLESS PIPE SCH40,PIPE,67.6923076923077
48,CPSE-A,4 IN CS SEAMLESS PIP SCH80,4IN CARBON STEEL SEAMLESS PIP SCH80,CM0040,8 IN CS SEAMLESS PIPE SCH80,PIPE,74.19354838709677
49,CPSE-A,3 PHASE INDUCTION MTR 37KW 415V 50HZ,3 PHASE INDUCTION MOTOR 37KW 415V 50HZ,CM0071,3 PHASE INDUCTION MOTOR 5.5KW 415V 50HZ,MOTOR,93.50649350649351
49,CPSE-A,3 PHASE INDUCTION MTR 37KW 415V 50HZ,3 PHASE INDUCTION MOTOR 37KW 415V 50HZ,CM0072,3 PHASE INDUCTION MOTOR 7.5KW 415V 50HZ,MOTOR,96.1038961038961
49,CPSE-A,3 PHASE INDUCTION MTR 37KW 415V 50HZ,3 PHASE INDUCTION MOTOR 37KW 415V 50HZ,CM0073,3 PHASE INDUCTION MOTOR 11KW 415V 50HZ,MOTOR,94.73684210526315
49,CPSE-A,3 PHASE INDUCTION MTR 37KW 415V 50HZ,3 PHASE INDUCTION MOTOR 37KW 415V 50HZ,CM0074,3 PHASE INDUCTION MOTOR 15KW 415V 50HZ,MOTOR,94.73684210526315
49,CPSE-A,3 PHASE INDUCTION MTR 37KW 415V 50HZ,3 PHASE INDUCTION MOTOR 37KW 415V 50HZ,CM0075,3 PHASE INDUCTION MOTOR 18.5KW 415V 50HZ,MOTOR,92.95774647887323
49,CPSE-A,3 PHASE INDUCTION MTR 37KW 415V 50HZ,3 PHASE INDUCTION MOTOR 37KW 415V 50HZ,CM0076,3 PHASE INDUCTION MOTOR 22KW 415V 50HZ,MOTOR,94.73684210526315
49,CPSE-A,3 PHASE INDUCTION MTR 37KW 415V 50HZ,3 PHASE INDUCTION MOTOR 37KW 415V 50HZ,CM0077,3 PHASE INDUCTION MOTOR 30KW 415V 50HZ,MOTOR,97.36842105263158
49,CPSE-A,3 PHASE INDUCTION MTR 37KW 415V 50HZ,3 PHASE INDUCTION MOTOR 37KW 415V 50HZ,CM0078,3 PHASE INDUCTION MOTOR 37KW 415V 50HZ,MOTOR,100.0
49,CPSE-A,3 PHASE INDUCTION MTR 37KW 415V 50HZ,3 PHASE INDUCTION MOTOR 37KW 415V 50HZ,CM0079,3 PHASE INDUCTION MOTOR 45KW 415V 50HZ,MOTOR,94.73684210526315
49,CPSE-A,3 PHASE INDUCTION MTR 37KW 415V 50HZ,3 PHASE INDUCTION MOTOR 37KW 415V 50HZ,CM0080,3 PHASE INDUCTION MOTOR 55KW 415V 50HZ,MOTOR,94.73684210526315
50,CPSE-A,1C X 2.5 SQMM PVC CABL 1.1KV,1C X 2.5 SQMM PVC CABL 1.1KV,CM0061,1C X 2.5 SQMM PVC CABLE 1.1KV,ELECTRICAL_CABLE,98.24561403508773
50,CPSE-A,1C X 2.5 SQMM PVC CABL 1.1KV,1C X 2.5 SQMM PVC CABL 1.1KV,CM0062,1C X 4 SQMM PVC CABLE 1.1KV,ELECTRICAL_CABLE,90.9090909090909
50,CPSE-A,1C X 2.5 SQMM PVC CABL 1.1KV,1C X 2.5 SQMM PVC CABL 1.1KV,CM0063,3C X 2.5 SQMM PVC CABLE 1.1KV,ELECTRICAL_CABLE,94.73684210526315
50,CPSE-A,1C X 2.5 SQMM PVC CABL 1.1KV,1C X 2.5 SQMM PVC CABL 1.1KV,CM0064,3C X 4 SQMM PVC CABLE 1.1KV,ELECTRICAL_CABLE,87.27272727272728
50,CPSE-A,1C X 2.5 SQMM PVC CABL 1.1KV,1C X 2.5 SQMM PVC CABL 1.1KV,CM0065,3C X 6 SQMM PVC CABLE 1.1KV,ELECTRICAL_CABLE,87.27272727272728
50,CPSE-A,1C X 2.5 SQMM PVC CABL 1.1KV,1C X 2.5 SQMM PVC CABL 1.1KV,CM0066,4C X 10 SQMM PVC CABLE 1.1KV,ELECTRICAL_CABLE,85.71428571428571
50,CPSE-A,1C X 2.5 SQMM PVC CABL 1.1KV,1C X 2.5 SQMM PVC CABL 1.1KV,CM0067,4C X 16 SQMM PVC CABLE 1.1KV,ELECTRICAL_CABLE,85.71428571428571
50,CPSE-A,1C X 2.5 SQMM PVC CABL 1.1KV,1C X 2.5 SQMM PVC CABL 1.1KV,CM0068,4C X 25 SQMM PVC CABLE 1.1KV,ELECTRICAL_CABLE,85.71428571428571
50,CPSE-A,1C X 2.5 SQMM PVC CABL 1.1KV,1C X 2.5 SQMM PVC CABL 1.1KV,CM0069,3C X 35 SQMM PVC CABLE 1.1KV,ELECTRICAL_CABLE,82.14285714285714
50,CPSE-A,1C X 2.5 SQMM PVC CABL 1.1KV,1C X 2.5 SQMM PVC CABL 1.1KV,CM0070,4C X 50 SQMM PVC CABLE 1.1KV,ELECTRICAL_CABLE,89.28571428571429
51,CPSE-A,4 IN SS304 SLIP ON FLG 300 CLASS,4IN SS304 SLIP ON FLANGE 300 CLASS,CM0041,2 IN CS WELD NECK FLANGE 150 CLASS,FLANGE,61.76470588235294
51,CPSE-A,4 IN SS304 SLIP ON FLG 300 CLASS,4IN SS304 SLIP ON FLANGE 300 CLASS,CM0042,2 IN SS304 WELD NECK FLANGE 150 CLASS,FLANGE,76.05633802816902
51,CPSE-A,4 IN SS304 SLIP ON FLG 300 CLASS,4IN SS304 SLIP ON FLANGE 300 CLASS,CM0043,3 IN CS SLIP ON FLANGE 150 CLASS,FLANGE,76.92307692307692
51,CPSE-A,4 IN SS304 SLIP ON FLG 300 CLASS,4IN SS304 SLIP ON FLANGE 300 CLASS,CM0044,4 IN SS316 WELD NECK FLANGE 300 CLASS,FLANGE,73.2394366197183
51,CPSE-A,4 IN SS304 SLIP ON FLG 300 CLASS,4IN SS304 SLIP ON FLANGE 300 CLASS,CM0045,6 IN CS SLIP ON FLANGE 150 CLASS,FLANGE,76.92307692307692
51,CPSE-A,4 IN SS304 SLIP ON FLG 300 CLASS,4IN SS304 SLIP ON FLANGE 300 CLASS,CM0046,8 IN CS WELD NECK FLANGE 300 CLASS,FLANGE,67.64705882352942
51,CPSE-A,4 IN SS304 SLIP ON FLG 300 CLASS,4IN SS304 SLIP ON FLANGE 300 CLASS,CM0047,10 IN SS304 SLIP ON FLANGE 150 CLASS,FLANGE,91.42857142857143
51,CPSE-A,4 IN SS304 SLIP ON FLG 300 CLASS,4IN SS304 SLIP ON FLANGE 300 CLASS,CM0048,12 IN CS WELD NECK FLANGE 150 CLASS,FLANGE,60.869565217391305
51,CPSE-A,4 IN SS304 SLIP ON FLG 300 CLASS,4IN SS304 SLIP ON FLANGE 300 CLASS,CM0049,4 IN SS304 SLIP ON FLANGE 300 CLASS,FLANGE,98.55072463768116
51,CPSE-A,4 IN SS304 SLIP ON FLG 300 CLASS,4IN SS304 SLIP ON FLANGE 300 CLASS,CM0050,6 IN SS316 WELD NECK FLANGE 150 CLASS,FLANGE,64.7887323943662
52,CPSE-C,3 PHASE IND MTR 55KW 415V 50HZ,3 PHASE IND MOTOR 55KW 415V 50HZ,CM0071,3 PHASE INDUCTION MOTOR 5.5KW 415V 50HZ,MOTOR,90.14084507042253
52,CPSE-C,3 PHASE IND MTR 55KW 415V 50HZ,3 PHASE IND MOTOR 55KW 415V 50HZ,CM0072,3 PHASE INDUCTION MOTOR 7.5KW 415V 50HZ,MOTOR,87.32394366197182
52,CPSE-C,3 PHASE IND MTR 55KW 415V 50HZ,3 PHASE IND MOTOR 55KW 415V 50HZ,CM0073,3 PHASE INDUCTION MOTOR 11KW 415V 50HZ,MOTOR,85.71428571428571
52,CPSE-C,3 PHASE IND MTR 55KW 415V 50HZ,3 PHASE IND MOTOR 55KW 415V 50HZ,CM0074,3 PHASE INDUCTION MOTOR 15KW 415V 50HZ,MOTOR,88.57142857142857
52,CPSE-C,3 PHASE IND MTR 55KW 415V 50HZ,3 PHASE IND MOTOR 55KW 415V 50HZ,CM0075,3 PHASE INDUCTION MOTOR 18.5KW 415V 50HZ,MOTOR,86.11111111111111
52,CPSE-C,3 PHASE IND MTR 55KW 415V 50HZ,3 PHASE IND MOTOR 55KW 415V 50HZ,CM0076,3 PHASE INDUCTION MOTOR 22KW 415V 50HZ,MOTOR,85.71428571428571
52,CPSE-C,3 PHASE IND MTR 55KW 415V 50HZ,3 PHASE IND MOTOR 55KW 415V 50HZ,CM0077,3 PHASE INDUCTION MOTOR 30KW 415V 50HZ,MOTOR,85.71428571428571
52,CPSE-C,3 PHASE IND MTR 55KW 415V 50HZ,3 PHASE IND MOTOR 55KW 415V 50HZ,CM0078,3 PHASE INDUCTION MOTOR 37KW 415V 50HZ,MOTOR,85.71428571428571
52,CPSE-C,3 PHASE IND MTR 55KW 415V 50HZ,3 PHASE IND MOTOR 55KW 415V 50HZ,CM0079,3 PHASE INDUCTION MOTOR 45KW 415V 50HZ,MOTOR,88.57142857142857
52,CPSE-C,3 PHASE IND MTR 55KW 415V 50HZ,3 PHASE IND MOTOR 55KW 415V 50HZ,CM0080,3 PHASE INDUCTION MOTOR 55KW 415V 50HZ,MOTOR,93.33333333333333
53,CPSE-A,4 IN SS304 GATE VLV 150 CLASS,4IN SS304 GATE VALVE 150 CLASS,CM0021,2 IN SS304 GATE VALVE 150 CLASS,VALVE,95.08196721311475
53,CPSE-A,4 IN SS304 GATE VLV 150 CLASS,4IN SS304 GATE VALVE 150 CLASS,CM0022,2 IN SS304 GATE VALVE 300 CLASS,VALVE,88.52459016393442
53,CPSE-A,4 IN SS304 GATE VLV 150 CLASS,4IN SS304 GATE VALVE 150 CLASS,CM0023,3 IN CS GATE VALVE 150 CLASS,VALVE,83.33333333333333
53,CPSE-A,4 IN SS304 GATE VLV 150 CLASS,4IN SS304 GATE VALVE 150 CLASS,CM0024,4 IN SS316 BALL VALVE 150 CLASS,VALVE,75.40983606557377
53,CPSE-A,4 IN SS304 GATE VLV 150 CLASS,4IN SS304 GATE VALVE 150 CLASS,CM0025,6 IN CS BUTTERFLY VALVE 150 CLASS,VALVE,66.66666666666666
53,CPSE-A,4 IN SS304 GATE VLV 150 CLASS,4IN SS304 GATE VALVE 150 CLASS,CM0026,4 IN SS304 GATE VALVE 150 CLASS,VALVE,98.36065573770492
53,CPSE-A,4 IN SS304 GATE VLV 150 CLASS,4IN SS304 GATE VALVE 150 CLASS,CM0027,6 IN SS316 BALL VALVE 300 CLASS,VALVE,65.57377049180329
53,CPSE-A,4 IN SS304 GATE VLV 150 CLASS,4IN SS304 GATE VALVE 150 CLASS,CM0028,8 IN CS GATE VALVE 300 CLASS,VALVE,72.72727272727272
53,CPSE-A,4 IN SS304 GATE VLV 150 CLASS,4IN SS304 GATE VALVE 150 CLASS,CM0029,10 IN CS BUTTERFLY VALVE 150 CLASS,VALVE,66.66666666666666
53,CPSE-A,4 IN SS304 GATE VLV 150 CLASS,4IN SS304 GATE VALVE 150 CLASS,CM0030,2 IN CS GLOBE VALVE 150 CLASS,VALVE,68.18181818181819
54,CPSE-A,BENCH GRINDER 200MM 550W,BENCH GRINDER 200MM 550W,CM0091,ANGLE GRINDER 100MM 750W,INDUSTRIAL_TOOL,75.0
54,CPSE-A,BENCH GRINDER 200MM 550W,BENCH GRINDER 200MM 550W,CM0092,ANGLE GRINDER 115MM 900W,INDUSTRIAL_TOOL,62.5
54,CPSE-A,BENCH GRINDER 200MM 550W,BENCH GRINDER 200MM 550W,CM0093,ANGLE GRINDER 125MM 1100W,INDUSTRIAL_TOOL,57.142857142857146
54,CPSE-A,BENCH GRINDER 200MM 550W,BENCH GRINDER 200MM 550W,CM0094,ELECTRIC DRILL 10MM 650W,INDUSTRIAL_TOOL,50.0
54,CPSE-A,BENCH GRINDER 200MM 550W,BENCH GRINDER 200MM 550W,CM0095,ELECTRIC DRILL 13MM 800W,INDUSTRIAL_TOOL,41.666666666666664
54,CPSE-A,BENCH GRINDER 200MM 550W,BENCH GRINDER 200MM 550W,CM0096,IMPACT WRENCH 1/2 IN 500W,INDUSTRIAL_TOOL,44.89795918367347
54,CPSE-A,BENCH GRINDER 200MM 550W,BENCH GRINDER 200MM 550W,CM0097,CUTTING MACHINE 355MM 2000W,INDUSTRIAL_TOOL,50.98039215686274
54,CPSE-A,BENCH GRINDER 200MM 550W,BENCH GRINDER 200MM 550W,CM0098,WELDING MACHINE 200A,INDUSTRIAL_TOOL,40.90909090909091
54,CPSE-A,BENCH GRINDER 200MM 550W,BENCH GRINDER 200MM 550W,CM0099,TORQUE WRENCH 50-250NM,INDUSTRIAL_TOOL,39.130434782608695
54,CPSE-A,BENCH GRINDER 200MM 550W,BENCH GRINDER 200MM 550W,CM0100,BENCH GRINDER 200MM 550W,INDUSTRIAL_TOOL,100.0
55,CPSE-C,A/GRINDER 125MM 1100W,A GRINDER 125MM 1100W,CM0091,ANGLE GRINDER 100MM 750W,INDUSTRIAL_TOOL,66.66666666666666
55,CPSE-C,A/GRINDER 125MM 1100W,A GRINDER 125MM 1100W,CM0092,ANGLE GRINDER 115MM 900W,INDUSTRIAL_TOOL,66.66666666666666
55,CPSE-C,A/GRINDER 125MM 1100W,A GRINDER 125MM 1100W,CM0093,ANGLE GRINDER 125MM 1100W,INDUSTRIAL_TOOL,95.0
55,CPSE-C,A/GRINDER 125MM 1100W,A GRINDER 125MM 1100W,CM0094,ELECTRIC DRILL 10MM 650W,INDUSTRIAL_TOOL,44.44444444444444
55,CPSE-C,A/GRINDER 125MM 1100W,A GRINDER 125MM 1100W,CM0095,ELECTRIC DRILL 13MM 800W,INDUSTRIAL_TOOL,40.0
55,CPSE-C,A/GRINDER 125MM 1100W,A GRINDER 125MM 1100W,CM0096,IMPACT WRENCH 1/2 IN 500W,INDUSTRIAL_TOOL,47.82608695652174
55,CPSE-C,A/GRINDER 125MM 1100W,A GRINDER 125MM 1100W,CM0097,CUTTING MACHINE 355MM 2000W,INDUSTRIAL_TOOL,50.0
55,CPSE-C,A/GRINDER 125MM 1100W,A GRINDER 125MM 1100W,CM0098,WELDING MACHINE 200A,INDUSTRIAL_TOOL,39.02439024390244
55,CPSE-C,A/GRINDER 125MM 1100W,A GRINDER 125MM 1100W,CM0099,TORQUE WRENCH 50-250NM,INDUSTRIAL_TOOL,37.2093023255814
55,CPSE-C,A/GRINDER 125MM 1100W,A GRINDER 125MM 1100W,CM0100,BENCH GRINDER 200MM 550W,INDUSTRIAL_TOOL,57.77777777777778
56,CPSE-B,"4""SS304 SEAMLESS PIPE SCH40",4INSS304 SEAMLESS PIPE SCH40,CM0031,2 IN CS SEAMLESS PIPE SCH40,PIPE,82.6086956521739
56,CPSE-B,"4""SS304 SEAMLESS PIPE SCH40",4INSS304 SEAMLESS PIPE SCH40,CM0032,3 IN CS SEAMLESS PIPE SCH40,PIPE,82.6086956521739
56,CPSE-B,"4""SS304 SEAMLESS PIPE SCH40",4INSS304 SEAMLESS PIPE SCH40,CM0033,4 IN SS304 SEAMLESS PIPE SCH40,PIPE,96.55172413793103
56,CPSE-B,"4""SS304 SEAMLESS PIPE SCH40",4INSS304 SEAMLESS PIPE SCH40,CM0034,6 IN CS SEAMLESS PIPE SCH80,PIPE,76.36363636363636
56,CPSE-B,"4""SS304 SEAMLESS PIPE SCH40",4INSS304 SEAMLESS PIPE SCH40,CM0035,8 IN SS316 SEAMLESS PIPE SCH40,PIPE,86.20689655172414
56,CPSE-B,"4""SS304 SEAMLESS PIPE SCH40",4INSS304 SEAMLESS PIPE SCH40,CM0036,2 IN SS304 SEAMLESS PIPE SCH10,PIPE,72.41379310344828
56,CPSE-B,"4""SS304 SEAMLESS PIPE SCH40",4INSS304 SEAMLESS PIPE SCH40,CM0037,3 IN SS316 SEAMLESS PIPE SCH40,PIPE,86.20689655172414
56,CPSE-B,"4""SS304 SEAMLESS PIPE SCH40",4INSS304 SEAMLESS PIPE SCH40,CM0038,4 IN CS SEAMLESS PIPE SCH80,PIPE,80.0
56,CPSE-B,"4""SS304 SEAMLESS PIPE SCH40",4INSS304 SEAMLESS PIPE SCH40,CM0039,6 IN SS304 SEAMLESS PIPE SCH40,PIPE,93.10344827586206
56,CPSE-B,"4""SS304 SEAMLESS PIPE SCH40",4INSS304 SEAMLESS PIPE SCH40,CM0040,8 IN CS SEAMLESS PIPE SCH80,PIPE,76.36363636363636
57,CPSE-C,2 IN CS SEAMLESS PIPE SCH40,2IN CARBON STEEL SEAMLESS PIPE SCH40,CM0031,2 IN CS SEAMLESS PIPE SCH40,PIPE,82.6086956521739
57,CPSE-C,2 IN CS SEAMLESS PIPE SCH40,2IN CARBON STEEL SEAMLESS PIPE SCH40,CM0032,3 IN CS SEAMLESS PIPE SCH40,PIPE,82.6086956521739
57,CPSE-C,2 IN CS SEAMLESS PIPE SCH40,2IN CARBON STEEL SEAMLESS PIPE SCH40,CM0033,4 IN SS304 SEAMLESS PIPE SCH40,PIPE,77.55102040816327
57,CPSE-C,2 IN CS SEAMLESS PIPE SCH40,2IN CARBON STEEL SEAMLESS PIPE SCH40,CM0034,6 IN CS SEAMLESS PIPE SCH80,PIPE,69.84126984126985
57,CPSE-C,2 IN CS SEAMLESS PIPE SCH40,2IN CARBON STEEL SEAMLESS PIPE SCH40,CM0035,8 IN SS316 SEAMLESS PIPE SCH40,PIPE,77.55102040816327
57,CPSE-C,2 IN CS SEAMLESS PIPE SCH40,2IN CARBON STEEL SEAMLESS PIPE SCH40,CM0036,2 IN SS304 SEAMLESS PIPE SCH10,PIPE,72.72727272727272
57,CPSE-C,2 IN CS SEAMLESS PIPE SCH40,2IN CARBON STEEL SEAMLESS PIPE SCH40,CM0037,3 IN SS316 SEAMLESS PIPE SCH40,PIPE,77.55102040816327
57,CPSE-C,2 IN CS SEAMLESS PIPE SCH40,2IN CARBON STEEL SEAMLESS PIPE SCH40,CM0038,4 IN CS SEAMLESS PIPE SCH80,PIPE,69.84126984126985
57,CPSE-C,2 IN CS SEAMLESS PIPE SCH40,2IN CARBON STEEL SEAMLESS PIPE SCH40,CM0039,6 IN SS304 SEAMLESS PIPE SCH40,PIPE,77.55102040816327
57,CPSE-C,2 IN CS SEAMLESS PIPE SCH40,2IN CARBON STEEL SEAMLESS PIPE SCH40,CM0040,8 IN CS SEAMLESS PIPE SCH80,PIPE,69.84126984126985
58,CPSE-A,3C X 6 SQMM PVC CABL 1.1KV,3C X 6 SQMM PVC CABL 1.1KV,CM0061,1C X 2.5 SQMM PVC CABLE 1.1KV,ELECTRICAL_CABLE,87.27272727272728
58,CPSE-A,3C X 6 SQMM PVC CABL 1.1KV,3C X 6 SQMM PVC CABL 1.1KV,CM0062,1C X 4 SQMM PVC CABLE 1.1KV,ELECTRICAL_CABLE,90.56603773584905
58,CPSE-A,3C X 6 SQMM PVC CABL 1.1KV,3C X 6 SQMM PVC CABL 1.1KV,CM0063,3C X 2.5 SQMM PVC CABLE 1.1KV,ELECTRICAL_CABLE,90.9090909090909
58,CPSE-A,3C X 6 SQMM PVC CABL 1.1KV,3C X 6 SQMM PVC CABL 1.1KV,CM0064,3C X 4 SQMM PVC CABLE 1.1KV,ELECTRICAL_CABLE,94.33962264150944
58,CPSE-A,3C X 6 SQMM PVC CABL 1.1KV,3C X 6 SQMM PVC CABL 1.1KV,CM0065,3C X 6 SQMM PVC CABLE 1.1KV,ELECTRICAL_CABLE,98.11320754716981
58,CPSE-A,3C X 6 SQMM PVC CABL 1.1KV,3C X 6 SQMM PVC CABL 1.1KV,CM0066,4C X 10 SQMM PVC CABLE 1.1KV,ELECTRICAL_CABLE,85.18518518518519
58,CPSE-A,3C X 6 SQMM PVC CABL 1.1KV,3C X 6 SQMM PVC CABL 1.1KV,CM0067,4C X 16 SQMM PVC CABLE 1.1KV,ELECTRICAL_CABLE,85.18518518518519
58,CPSE-A,3C X 6 SQMM PVC CABL 1.1KV,3C X 6 SQMM PVC CABL 1.1KV,CM0068,4C X 25 SQMM PVC CABLE 1.1KV,ELECTRICAL_CABLE,85.18518518518519
58,CPSE-A,3C X 6 SQMM PVC CABL 1.1KV,3C X 6 SQMM PVC CABL 1.1KV,CM0069,3C X 35 SQMM PVC CABLE 1.1KV,ELECTRICAL_CABLE,92.5925925925926
58,CPSE-A,3C X 6 SQMM PVC CABL 1.1KV,3C X 6 SQMM PVC CABL 1.1KV,CM0070,4C X 50 SQMM PVC CABLE 1.1KV,ELECTRICAL_CABLE,88.88888888888889
59,CPSE-B,M20X100 CS HEX BOLT,M20X100 CARBON STEEL HEX BOLT,CM0001,M10 X 50 SS304 HEX BOLT,FASTENER,57.69230769230769
59,CPSE-B,M20X100 CS HEX BOLT,M20X100 CARBON STEEL HEX BOLT,CM0002,M12 X 50 SS304 HEX BOLT,FASTENER,53.84615384615385
59,CPSE-B,M20X100 CS HEX BOLT,M20X100 CARBON STEEL HEX BOLT,CM0003,M10 X 75 SS316 HEX BOLT,FASTENER,57.69230769230769
59,CPSE-B,M20X100 CS HEX BOLT,M20X100 CARBON STEEL HEX BOLT,CM0004,M16 X 60 CARBON STEEL HEX BOLT,FASTENER,84.0
59,CPSE-B,M20X100 CS HEX BOLT,M20X100 CARBON STEEL HEX BOLT,CM0005,M20 X 80 GALVANIZED STEEL HEX BOLT,FASTENER,69.84126984126985
59,CPSE-B,M20X100 CS HEX BOLT,M20X100 CARBON STEEL HEX BOLT,CM0006,M8 X 40 CARBON STEEL HEX BOLT,FASTENER,84.0
59,CPSE-B,M20X100 CS HEX BOLT,M20X100 CARBON STEEL HEX BOLT,CM0007,M12 X 80 SS316 HEX BOLT,FASTENER,53.84615384615385
59,CPSE-B,M20X100 CS HEX BOLT,M20X100 CARBON STEEL HEX BOLT,CM0008,M16 X 75 SS304 HEX BOLT,FASTENER,53.84615384615385
59,CPSE-B,M20X100 CS HEX BOLT,M20X100 CARBON STEEL HEX BOLT,CM0009,M20 X 100 CARBON STEEL HEX BOLT,FASTENER,86.66666666666667
59,CPSE-B,M20X100 CS HEX BOLT,M20X100 CARBON STEEL HEX BOLT,CM0010,M10 X 30 SS304 HEX BOLT,FASTENER,57.69230769230769
60,CPSE-B,3 PHASE INDUCTION MOTOR 37KW 415V 50HZ,3 PHASE INDUCTION MOTOR 37KW 415V 50HZ,CM0071,3 PHASE INDUCTION MOTOR 5.5KW 415V 50HZ,MOTOR,93.50649350649351
60,CPSE-B,3 PHASE INDUCTION MOTOR 37KW 415V 50HZ,3 PHASE INDUCTION MOTOR 37KW 415V 50HZ,CM0072,3 PHASE INDUCTION MOTOR 7.5KW 415V 50HZ,MOTOR,96.1038961038961
60,CPSE-B,3 PHASE INDUCTION MOTOR 37KW 415V 50HZ,3 PHASE INDUCTION MOTOR 37KW 415V 50HZ,CM0073,3 PHASE INDUCTION MOTOR 11KW 415V 50HZ,MOTOR,94.73684210526315
60,CPSE-B,3 PHASE INDUCTION MOTOR 37KW 415V 50HZ,3 PHASE INDUCTION MOTOR 37KW 415V 50HZ,CM0074,3 PHASE INDUCTION MOTOR 15KW 415V 50HZ,MOTOR,94.73684210526315
60,CPSE-B,3 PHASE INDUCTION MOTOR 37KW 415V 50HZ,3 PHASE INDUCTION MOTOR 37KW 415V 50HZ,CM0075,3 PHASE INDUCTION MOTOR 18.5KW 415V 50HZ,MOTOR,92.95774647887323
60,CPSE-B,3 PHASE INDUCTION MOTOR 37KW 415V 50HZ,3 PHASE INDUCTION MOTOR 37KW 415V 50HZ,CM0076,3 PHASE INDUCTION MOTOR 22KW 415V 50HZ,MOTOR,94.73684210526315
60,CPSE-B,3 PHASE INDUCTION MOTOR 37KW 415V 50HZ,3 PHASE INDUCTION MOTOR 37KW 415V 50HZ,CM0077,3 PHASE INDUCTION MOTOR 30KW 415V 50HZ,MOTOR,97.36842105263158
60,CPSE-B,3 PHASE INDUCTION MOTOR 37KW 415V 50HZ,3 PHASE INDUCTION MOTOR 37KW 415V 50HZ,CM0078,3 PHASE INDUCTION MOTOR 37KW 415V 50HZ,MOTOR,100.0
60,CPSE-B,3 PHASE INDUCTION MOTOR 37KW 415V 50HZ,3 PHASE INDUCTION MOTOR 37KW 415V 50HZ,CM0079,3 PHASE INDUCTION MOTOR 45KW 415V 50HZ,MOTOR,94.73684210526315
60,CPSE-B,3 PHASE INDUCTION MOTOR 37KW 415V 50HZ,3 PHASE INDUCTION MOTOR 37KW 415V 50HZ,CM0080,3 PHASE INDUCTION MOTOR 55KW 415V 50HZ,MOTOR,94.73684210526315
61,CPSE-C,SR BRG 22205,SR BEARING 22205,CM0011,DEEP GROOVE BALL BEARING 6205,BEARING,60.869565217391305
61,CPSE-C,SR BRG 22205,SR BEARING 22205,CM0012,DEEP GROOVE BALL BEARING 6206,BEARING,60.869565217391305
61,CPSE-C,SR BRG 22205,SR BEARING 22205,CM0013,DEEP GROOVE BALL BEARING 6207,BEARING,60.869565217391305
61,CPSE-C,SR BRG 22205,SR BEARING 22205,CM0014,DEEP GROOVE BALL BEARING 6305,BEARING,60.869565217391305
61,CPSE-C,SR BRG 22205,SR BEARING 22205,CM0015,DEEP GROOVE BALL BEARING 6306,BEARING,60.869565217391305
61,CPSE-C,SR BRG 22205,SR BEARING 22205,CM0016,DEEP GROOVE BALL BEARING 6307,BEARING,60.869565217391305
61,CPSE-C,SR BRG 22205,SR BEARING 22205,CM0017,TAPERED ROLLER BEARING 30205,BEARING,60.869565217391305
61,CPSE-C,SR BRG 22205,SR BEARING 22205,CM0018,TAPERED ROLLER BEARING 30206,BEARING,60.869565217391305
61,CPSE-C,SR BRG 22205,SR BEARING 22205,CM0019,TAPERED ROLLER BEARING 30305,BEARING,60.869565217391305
61,CPSE-C,SR BRG 22205,SR BEARING 22205,CM0020,SPHERICAL ROLLER BEARING 22205,BEARING,89.65517241379311
62,CPSE-A,M10 X 75 SS316 HEX BOLT,M10X75 SS316 HEX BOLT,CM0001,M10 X 50 SS304 HEX BOLT,FASTENER,72.72727272727272
62,CPSE-A,M10 X 75 SS316 HEX BOLT,M10X75 SS316 HEX BOLT,CM0002,M12 X 50 SS304 HEX BOLT,FASTENER,68.18181818181819
62,CPSE-A,M10 X 75 SS316 HEX BOLT,M10X75 SS316 HEX BOLT,CM0003,M10 X 75 SS316 HEX BOLT,FASTENER,86.36363636363636
62,CPSE-A,M10 X 75 SS316 HEX BOLT,M10X75 SS316 HEX BOLT,CM0004,M16 X 60 CARBON STEEL HEX BOLT,FASTENER,55.172413793103445
62,CPSE-A,M10 X 75 SS316 HEX BOLT,M10X75 SS316 HEX BOLT,CM0005,M20 X 80 GALVANIZED STEEL HEX BOLT,FASTENER,55.172413793103445
62,CPSE-A,M10 X 75 SS316 HEX BOLT,M10X75 SS316 HEX BOLT,CM0006,M8 X 40 CARBON STEEL HEX BOLT,FASTENER,55.172413793103445
62,CPSE-A,M10 X 75 SS316 HEX BOLT,M10X75 SS316 HEX BOLT,CM0007,M12 X 80 SS316 HEX BOLT,FASTENER,81.81818181818181
62,CPSE-A,M10 X 75 SS316 HEX BOLT,M10X75 SS316 HEX BOLT,CM0008,M16 X 75 SS304 HEX BOLT,FASTENER,68.18181818181819
62,CPSE-A,M10 X 75 SS316 HEX BOLT,M10X75 SS316 HEX BOLT,CM0009,M20 X 100 CARBON STEEL HEX BOLT,FASTENER,55.172413793103445
62,CPSE-A,M10 X 75 SS316 HEX BOLT,M10X75 SS316 HEX BOLT,CM0010,M10 X 30 SS304 HEX BOLT,FASTENER,72.72727272727272
63,CPSE-C,1CX4 SQMM PVC CABLE 1.1KV,1CX4 SQMM PVC CABLE 1.1KV,CM0061,1C X 2.5 SQMM PVC CABLE 1.1KV,ELECTRICAL_CABLE,88.88888888888889
63,CPSE-C,1CX4 SQMM PVC CABLE 1.1KV,1CX4 SQMM PVC CABLE 1.1KV,CM0062,1C X 4 SQMM PVC CABLE 1.1KV,ELECTRICAL_CABLE,92.3076923076923
63,CPSE-C,1CX4 SQMM PVC CABLE 1.1KV,1CX4 SQMM PVC CABLE 1.1KV,CM0063,3C X 2.5 SQMM PVC CABLE 1.1KV,ELECTRICAL_CABLE,88.88888888888889
63,CPSE-C,1CX4 SQMM PVC CABLE 1.1KV,1CX4 SQMM PVC CABLE 1.1KV,CM0064,3C X 4 SQMM PVC CABLE 1.1KV,ELECTRICAL_CABLE,88.88888888888889
63,CPSE-C,1CX4 SQMM PVC CABLE 1.1KV,1CX4 SQMM PVC CABLE 1.1KV,CM0065,3C X 6 SQMM PVC CABLE 1.1KV,ELECTRICAL_CABLE,88.88888888888889
63,CPSE-C,1CX4 SQMM PVC CABLE 1.1KV,1CX4 SQMM PVC CABLE 1.1KV,CM0066,4C X 10 SQMM PVC CABLE 1.1KV,ELECTRICAL_CABLE,90.56603773584905
63,CPSE-C,1CX4 SQMM PVC CABLE 1.1KV,1CX4 SQMM PVC CABLE 1.1KV,CM0067,4C X 16 SQMM PVC CABLE 1.1KV,ELECTRICAL_CABLE,90.56603773584905
63,CPSE-C,1CX4 SQMM PVC CABLE 1.1KV,1CX4 SQMM PVC CABLE 1.1KV,CM0068,4C X 25 SQMM PVC CABLE 1.1KV,ELECTRICAL_CABLE,88.88888888888889
63,CPSE-C,1CX4 SQMM PVC CABLE 1.1KV,1CX4 SQMM PVC CABLE 1.1KV,CM0069,3C X 35 SQMM PVC CABLE 1.1KV,ELECTRICAL_CABLE,88.88888888888889
63,CPSE-C,1CX4 SQMM PVC CABLE 1.1KV,1CX4 SQMM PVC CABLE 1.1KV,CM0070,4C X 50 SQMM PVC CABLE 1.1KV,ELECTRICAL_CABLE,88.88888888888889
64,CPSE-C,6 IN PTFE FF GASKET 300 CLASS,6IN PTFE FF GASKET 300 CLASS,CM0051,2 IN SPIRAL WOUND SS GRAPHITE GASKET 150 CLASS,GASKET,60.0
64,CPSE-C,6 IN PTFE FF GASKET 300 CLASS,6IN PTFE FF GASKET 300 CLASS,CM0052,3 IN SPIRAL WOUND SS GRAPHITE GASKET 150 CLASS,GASKET,60.0
64,CPSE-C,6 IN PTFE FF GASKET 300 CLASS,6IN PTFE FF GASKET 300 CLASS,CM0053,4 IN SPIRAL WOUND GRAPHITE GASKET 300 CLASS,GASKET,72.72727272727272
64,CPSE-C,6 IN PTFE FF GASKET 300 CLASS,6IN PTFE FF GASKET 300 CLASS,CM0054,6 IN SPIRAL WOUND GRAPHITE GASKET 150 CLASS,GASKET,60.0
64,CPSE-C,6 IN PTFE FF GASKET 300 CLASS,6IN PTFE FF GASKET 300 CLASS,CM0055,8 IN PTFE FULL FACE GASKET 150 CLASS,GASKET,75.55555555555556
64,CPSE-C,6 IN PTFE FF GASKET 300 CLASS,6IN PTFE FF GASKET 300 CLASS,CM0056,2 IN PTFE FULL FACE GASKET 150 CLASS,GASKET,75.55555555555556
64,CPSE-C,6 IN PTFE FF GASKET 300 CLASS,6IN PTFE FF GASKET 300 CLASS,CM0057,4 IN SS GRAPHITE GASKET 150 CLASS,GASKET,62.295081967213115
64,CPSE-C,6 IN PTFE FF GASKET 300 CLASS,6IN PTFE FF GASKET 300 CLASS,CM0058,6 IN PTFE FULL FACE GASKET 300 CLASS,GASKET,85.71428571428571
64,CPSE-C,6 IN PTFE FF GASKET 300 CLASS,6IN PTFE FF GASKET 300 CLASS,CM0059,10 IN GRAPHITE SPIRAL WOUND GASKET 150 CLASS,GASKET,60.0
64,CPSE-C,6 IN PTFE FF GASKET 300 CLASS,6IN PTFE FF GASKET 300 CLASS,CM0060,12 IN GRAPHITE SPIRAL WOUND GASKET 300 CLASS,GASKET,72.72727272727272
65,CPSE-A,DEEP GROOVE BALL BRG 6205,DEEP GROOVE BALL BEARING 6205,CM0011,DEEP GROOVE BALL BEARING 6205,BEARING,100.0
65,CPSE-A,DEEP GROOVE BALL BRG 6205,DEEP GROOVE BALL BEARING 6205,CM0012,DEEP GROOVE BALL BEARING 6206,BEARING,96.55172413793103
65,CPSE-A,DEEP GROOVE BALL BRG 6205,DEEP GROOVE BALL BEARING 6205,CM0013,DEEP GROOVE BALL BEARING 6207,BEARING,96.55172413793103
65,CPSE-A,DEEP GROOVE BALL BRG 6205,DEEP GROOVE BALL BEARING 6205,CM0014,DEEP GROOVE BALL BEARING 6305,BEARING,96.55172413793103
65,CPSE-A,DEEP GROOVE BALL BRG 6205,DEEP GROOVE BALL BEARING 6205,CM0015,DEEP GROOVE BALL BEARING 6306,BEARING,93.10344827586206
65,CPSE-A,DEEP GROOVE BALL BRG 6205,DEEP GROOVE BALL BEARING 6205,CM0016,DEEP GROOVE BALL BEARING 6307,BEARING,93.10344827586206
65,CPSE-A,DEEP GROOVE BALL BRG 6205,DEEP GROOVE BALL BEARING 6205,CM0017,TAPERED ROLLER BEARING 30205,BEARING,63.1578947368421
65,CPSE-A,DEEP GROOVE BALL BRG 6205,DEEP GROOVE BALL BEARING 6205,CM0018,TAPERED ROLLER BEARING 30206,BEARING,59.64912280701754
65,CPSE-A,DEEP GROOVE BALL BRG 6205,DEEP GROOVE BALL BEARING 6205,CM0019,TAPERED ROLLER BEARING 30305,BEARING,59.64912280701754
65,CPSE-A,DEEP GROOVE BALL BRG 6205,DEEP GROOVE BALL BEARING 6205,CM0020,SPHERICAL ROLLER BEARING 22205,BEARING,57.6271186440678
66,CPSE-B,M16X75 SS304 HEX BOLT,M16X75 SS304 HEX BOLT,CM0001,M10 X 50 SS304 HEX BOLT,FASTENER,81.81818181818181
66,CPSE-B,M16X75 SS304 HEX BOLT,M16X75 SS304 HEX BOLT,CM0002,M12 X 50 SS304 HEX BOLT,FASTENER,81.81818181818181
66,CPSE-B,M16X75 SS304 HEX BOLT,M16X75 SS304 HEX BOLT,CM0003,M10 X 75 SS316 HEX BOLT,FASTENER,68.18181818181819
66,CPSE-B,M16X75 SS304 HEX BOLT,M16X75 SS304 HEX BOLT,CM0004,M16 X 60 CARBON STEEL HEX BOLT,FASTENER,55.172413793103445
66,CPSE-B,M16X75 SS304 HEX BOLT,M16X75 SS304 HEX BOLT,CM0005,M20 X 80 GALVANIZED STEEL HEX BOLT,FASTENER,55.172413793103445
66,CPSE-B,M16X75 SS304 HEX BOLT,M16X75 SS304 HEX BOLT,CM0006,M8 X 40 CARBON STEEL HEX BOLT,FASTENER,55.172413793103445
66,CPSE-B,M16X75 SS304 HEX BOLT,M16X75 SS304 HEX BOLT,CM0007,M12 X 80 SS316 HEX BOLT,FASTENER,68.18181818181819
66,CPSE-B,M16X75 SS304 HEX BOLT,M16X75 SS304 HEX BOLT,CM0008,M16 X 75 SS304 HEX BOLT,FASTENER,86.36363636363636
66,CPSE-B,M16X75 SS304 HEX BOLT,M16X75 SS304 HEX BOLT,CM0009,M20 X 100 CARBON STEEL HEX BOLT,FASTENER,55.172413793103445
66,CPSE-B,M16X75 SS304 HEX BOLT,M16X75 SS304 HEX BOLT,CM0010,M10 X 30 SS304 HEX BOLT,FASTENER,81.81818181818181
67,CPSE-B,CENTRIF PUMP 120 M3/H 60M HEAD 30KW,CENTRIF PUMP 120 M3 H 60M HEAD 30KW,CM0081,CENTRIFUGAL PUMP 20 M3/H 30M HEAD 5.5KW,PUMP,75.67567567567568
67,CPSE-B,CENTRIF PUMP 120 M3/H 60M HEAD 30KW,CENTRIF PUMP 120 M3 H 60M HEAD 30KW,CM0082,CENTRIFUGAL PUMP 30 M3/H 40M HEAD 7.5KW,PUMP,70.27027027027027
67,CPSE-B,CENTRIF PUMP 120 M3/H 60M HEAD 30KW,CENTRIF PUMP 120 M3 H 60M HEAD 30KW,CM0083,CENTRIFUGAL PUMP 50 M3/H 50M HEAD 11KW,PUMP,73.97260273972603
67,CPSE-B,CENTRIF PUMP 120 M3/H 60M HEAD 30KW,CENTRIF PUMP 120 M3 H 60M HEAD 30KW,CM0084,CENTRIFUGAL PUMP 75 M3/H 40M HEAD 15KW,PUMP,73.97260273972603
67,CPSE-B,CENTRIF PUMP 120 M3/H 60M HEAD 30KW,CENTRIF PUMP 120 M3 H 60M HEAD 30KW,CM0085,CENTRIFUGAL PUMP 100 M3/H 50M HEAD 22KW,PUMP,78.37837837837839
67,CPSE-B,CENTRIF PUMP 120 M3/H 60M HEAD 30KW,CENTRIF PUMP 120 M3 H 60M HEAD 30KW,CM0086,CENTRIFUGAL PUMP 120 M3/H 60M HEAD 30KW,PUMP,89.1891891891892
67,CPSE-B,CENTRIF PUMP 120 M3/H 60M HEAD 30KW,CENTRIF PUMP 120 M3 H 60M HEAD 30KW,CM0087,CENTRIFUGAL PUMP 150 M3/H 50M HEAD 37KW,PUMP,81.08108108108108
67,CPSE-B,CENTRIF PUMP 120 M3/H 60M HEAD 30KW,CENTRIF PUMP 120 M3 H 60M HEAD 30KW,CM0088,CENTRIFUGAL PUMP 200 M3/H 60M HEAD 45KW,PUMP,81.08108108108108
67,CPSE-B,CENTRIF PUMP 120 M3/H 60M HEAD 30KW,CENTRIF PUMP 120 M3 H 60M HEAD 30KW,CM0089,CENTRIFUGAL PUMP 250 M3/H 70M HEAD 55KW,PUMP,78.37837837837839
67,CPSE-B,CENTRIF PUMP 120 M3/H 60M HEAD 30KW,CENTRIF PUMP 120 M3 H 60M HEAD 30KW,CM0090,CENTRIFUGAL PUMP 300 M3/H 80M HEAD 75KW,PUMP,75.67567567567568
68,CPSE-C,TR BRG 30305,TR BEARING 30305,CM0011,DEEP GROOVE BALL BEARING 6205,BEARING,60.869565217391305
68,CPSE-C,TR BRG 30305,TR BEARING 30305,CM0012,DEEP GROOVE BALL BEARING 6206,BEARING,60.869565217391305
68,CPSE-C,TR BRG 30305,TR BEARING 30305,CM0013,DEEP GROOVE BALL BEARING 6207,BEARING,60.869565217391305
68,CPSE-C,TR BRG 30305,TR BEARING 30305,CM0014,DEEP GROOVE BALL BEARING 6305,BEARING,60.869565217391305
68,CPSE-C,TR BRG 30305,TR BEARING 30305,CM0015,DEEP GROOVE BALL BEARING 6306,BEARING,60.869565217391305
68,CPSE-C,TR BRG 30305,TR BEARING 30305,CM0016,DEEP GROOVE BALL BEARING 6307,BEARING,60.869565217391305
68,CPSE-C,TR BRG 30305,TR BEARING 30305,CM0017,TAPERED ROLLER BEARING 30205,BEARING,68.18181818181819
68,CPSE-C,TR BRG 30305,TR BEARING 30305,CM0018,TAPERED ROLLER BEARING 30206,BEARING,63.63636363636363
68,CPSE-C,TR BRG 30305,TR BEARING 30305,CM0019,TAPERED ROLLER BEARING 30305,BEARING,89.65517241379311
68,CPSE-C,TR BRG 30305,TR BEARING 30305,CM0020,SPHERICAL ROLLER BEARING 22205,BEARING,60.869565217391305
69,CPSE-A,3C X 2.5 SQMM PVC CABL 1.1KV,3C X 2.5 SQMM PVC CABL 1.1KV,CM0061,1C X 2.5 SQMM PVC CABLE 1.1KV,ELECTRICAL_CABLE,94.73684210526315
69,CPSE-A,3C X 2.5 SQMM PVC CABL 1.1KV,3C X 2.5 SQMM PVC CABL 1.1KV,CM0062,1C X 4 SQMM PVC CABLE 1.1KV,ELECTRICAL_CABLE,83.63636363636364
69,CPSE-A,3C X 2.5 SQMM PVC CABL 1.1KV,3C X 2.5 SQMM PVC CABL 1.1KV,CM0063,3C X 2.5 SQMM PVC CABLE 1.1KV,ELECTRICAL_CABLE,98.24561403508773
69,CPSE-A,3C X 2.5 SQMM PVC CABL 1.1KV,3C X 2.5 SQMM PVC CABL 1.1KV,CM0064,3C X 4 SQMM PVC CABLE 1.1KV,ELECTRICAL_CABLE,90.9090909090909
69,CPSE-A,3C X 2.5 SQMM PVC CABL 1.1KV,3C X 2.5 SQMM PVC CABL 1.1KV,CM0065,3C X 6 SQMM PVC CABLE 1.1KV,ELECTRICAL_CABLE,90.9090909090909
69,CPSE-A,3C X 2.5 SQMM PVC CABL 1.1KV,3C X 2.5 SQMM PVC CABL 1.1KV,CM0066,4C X 10 SQMM PVC CABLE 1.1KV,ELECTRICAL_CABLE,85.71428571428571
69,CPSE-A,3C X 2.5 SQMM PVC CABL 1.1KV,3C X 2.5 SQMM PVC CABL 1.1KV,CM0067,4C X 16 SQMM PVC CABLE 1.1KV,ELECTRICAL_CABLE,85.71428571428571
69,CPSE-A,3C X 2.5 SQMM PVC CABL 1.1KV,3C X 2.5 SQMM PVC CABL 1.1KV,CM0068,4C X 25 SQMM PVC CABLE 1.1KV,ELECTRICAL_CABLE,92.85714285714286
69,CPSE-A,3C X 2.5 SQMM PVC CABL 1.1KV,3C X 2.5 SQMM PVC CABL 1.1KV,CM0069,3C X 35 SQMM PVC CABLE 1.1KV,ELECTRICAL_CABLE,92.85714285714286
69,CPSE-A,3C X 2.5 SQMM PVC CABL 1.1KV,3C X 2.5 SQMM PVC CABL 1.1KV,CM0070,4C X 50 SQMM PVC CABLE 1.1KV,ELECTRICAL_CABLE,82.14285714285714
70,CPSE-A,3 IN SS316 SEAMLESS PIP SCH40,3IN SS316 SEAMLESS PIP SCH40,CM0031,2 IN CS SEAMLESS PIPE SCH40,PIPE,76.36363636363636
70,CPSE-A,3 IN SS316 SEAMLESS PIP SCH40,3IN SS316 SEAMLESS PIP SCH40,CM0032,3 IN CS SEAMLESS PIPE SCH40,PIPE,80.0
70,CPSE-A,3 IN SS316 SEAMLESS PIP SCH40,3IN SS316 SEAMLESS PIP SCH40,CM0033,4 IN SS304 SEAMLESS PIPE SCH40,PIPE,86.20689655172414
70,CPSE-A,3 IN SS316 SEAMLESS PIP SCH40,3IN SS316 SEAMLESS PIP SCH40,CM0034,6 IN CS SEAMLESS PIPE SCH80,PIPE,72.72727272727272
70,CPSE-A,3 IN SS316 SEAMLESS PIP SCH40,3IN SS316 SEAMLESS PIP SCH40,CM0035,8 IN SS316 SEAMLESS PIPE SCH40,PIPE,93.10344827586206
70,CPSE-A,3 IN SS316 SEAMLESS PIP SCH40,3IN SS316 SEAMLESS PIP SCH40,CM0036,2 IN SS304 SEAMLESS PIPE SCH10,PIPE,82.75862068965517
70,CPSE-A,3 IN SS316 SEAMLESS PIP SCH40,3IN SS316 SEAMLESS PIP SCH40,CM0037,3 IN SS316 SEAMLESS PIPE SCH40,PIPE,96.55172413793103
70,CPSE-A,3 IN SS316 SEAMLESS PIP SCH40,3IN SS316 SEAMLESS PIP SCH40,CM0038,4 IN CS SEAMLESS PIPE SCH80,PIPE,72.72727272727272
70,CPSE-A,3 IN SS316 SEAMLESS PIP SCH40,3IN SS316 SEAMLESS PIP SCH40,CM0039,6 IN SS304 SEAMLESS PIPE SCH40,PIPE,86.20689655172414
70,CPSE-A,3 IN SS316 SEAMLESS PIP SCH40,3IN SS316 SEAMLESS PIP SCH40,CM0040,8 IN CS SEAMLESS PIPE SCH80,PIPE,72.72727272727272
71,CPSE-A,3 IN CS SLIP ON FLG 150 CLASS,3IN CARBON STEEL SLIP ON FLANGE 150 CLASS,CM0041,2 IN CS WELD NECK FLANGE 150 CLASS,FLANGE,66.66666666666666
71,CPSE-A,3 IN CS SLIP ON FLG 150 CLASS,3IN CARBON STEEL SLIP ON FLANGE 150 CLASS,CM0042,2 IN SS304 WELD NECK FLANGE 150 CLASS,FLANGE,66.66666666666666
71,CPSE-A,3 IN CS SLIP ON FLG 150 CLASS,3IN CARBON STEEL SLIP ON FLANGE 150 CLASS,CM0043,3 IN CS SLIP ON FLANGE 150 CLASS,FLANGE,85.71428571428571
71,CPSE-A,3 IN CS SLIP ON FLG 150 CLASS,3IN CARBON STEEL SLIP ON FLANGE 150 CLASS,CM0044,4 IN SS316 WELD NECK FLANGE 300 CLASS,FLANGE,61.53846153846154
71,CPSE-A,3 IN CS SLIP ON FLG 150 CLASS,3IN CARBON STEEL SLIP ON FLANGE 150 CLASS,CM0045,6 IN CS SLIP ON FLANGE 150 CLASS,FLANGE,85.71428571428571
71,CPSE-A,3 IN CS SLIP ON FLG 150 CLASS,3IN CARBON STEEL SLIP ON FLANGE 150 CLASS,CM0046,8 IN CS WELD NECK FLANGE 300 CLASS,FLANGE,61.333333333333336
71,CPSE-A,3 IN CS SLIP ON FLG 150 CLASS,3IN CARBON STEEL SLIP ON FLANGE 150 CLASS,CM0047,10 IN SS304 SLIP ON FLANGE 150 CLASS,FLANGE,80.0
71,CPSE-A,3 IN CS SLIP ON FLG 150 CLASS,3IN CARBON STEEL SLIP ON FLANGE 150 CLASS,CM0048,12 IN CS WELD NECK FLANGE 150 CLASS,FLANGE,65.78947368421052
71,CPSE-A,3 IN CS SLIP ON FLG 150 CLASS,3IN CARBON STEEL SLIP ON FLANGE 150 CLASS,CM0049,4 IN SS304 SLIP ON FLANGE 300 CLASS,FLANGE,72.72727272727272
71,CPSE-A,3 IN CS SLIP ON FLG 150 CLASS,3IN CARBON STEEL SLIP ON FLANGE 150 CLASS,CM0050,6 IN SS316 WELD NECK FLANGE 150 CLASS,FLANGE,66.66666666666666
72,CPSE-C,3 PHASE IND MTR 30KW 415V 50HZ,3 PHASE IND MOTOR 30KW 415V 50HZ,CM0071,3 PHASE INDUCTION MOTOR 5.5KW 415V 50HZ,MOTOR,84.50704225352112
72,CPSE-C,3 PHASE IND MTR 30KW 415V 50HZ,3 PHASE IND MOTOR 30KW 415V 50HZ,CM0072,3 PHASE INDUCTION MOTOR 7.5KW 415V 50HZ,MOTOR,84.50704225352112
72,CPSE-C,3 PHASE IND MTR 30KW 415V 50HZ,3 PHASE IND MOTOR 30KW 415V 50HZ,CM0073,3 PHASE INDUCTION MOTOR 11KW 415V 50HZ,MOTOR,85.71428571428571
72,CPSE-C,3 PHASE IND MTR 30KW 415V 50HZ,3 PHASE IND MOTOR 30KW 415V 50HZ,CM0074,3 PHASE INDUCTION MOTOR 15KW 415V 50HZ,MOTOR,85.71428571428571
72,CPSE-C,3 PHASE IND MTR 30KW 415V 50HZ,3 PHASE IND MOTOR 30KW 415V 50HZ,CM0075,3 PHASE INDUCTION MOTOR 18.5KW 415V 50HZ,MOTOR,83.63636363636364
72,CPSE-C,3 PHASE IND MTR 30KW 415V 50HZ,3 PHASE IND MOTOR 30KW 415V 50HZ,CM0076,3 PHASE INDUCTION MOTOR 22KW 415V 50HZ,MOTOR,85.71428571428571
72,CPSE-C,3 PHASE IND MTR 30KW 415V 50HZ,3 PHASE IND MOTOR 30KW 415V 50HZ,CM0077,3 PHASE INDUCTION MOTOR 30KW 415V 50HZ,MOTOR,93.33333333333333
72,CPSE-C,3 PHASE IND MTR 30KW 415V 50HZ,3 PHASE IND MOTOR 30KW 415V 50HZ,CM0078,3 PHASE INDUCTION MOTOR 37KW 415V 50HZ,MOTOR,88.57142857142857
72,CPSE-C,3 PHASE IND MTR 30KW 415V 50HZ,3 PHASE IND MOTOR 30KW 415V 50HZ,CM0079,3 PHASE INDUCTION MOTOR 45KW 415V 50HZ,MOTOR,85.71428571428571
72,CPSE-C,3 PHASE IND MTR 30KW 415V 50HZ,3 PHASE IND MOTOR 30KW 415V 50HZ,CM0080,3 PHASE INDUCTION MOTOR 55KW 415V 50HZ,MOTOR,85.71428571428571
73,CPSE-B,3CX6 SQMM PVC CABLE 1.1KV,3CX6 SQMM PVC CABLE 1.1KV,CM0061,1C X 2.5 SQMM PVC CABLE 1.1KV,ELECTRICAL_CABLE,88.88888888888889
73,CPSE-B,3CX6 SQMM PVC CABLE 1.1KV,3CX6 SQMM PVC CABLE 1.1KV,CM0062,1C X 4 SQMM PVC CABLE 1.1KV,ELECTRICAL_CABLE,88.88888888888889
73,CPSE-B,3CX6 SQMM PVC CABLE 1.1KV,3CX6 SQMM PVC CABLE 1.1KV,CM0063,3C X 2.5 SQMM PVC CABLE 1.1KV,ELECTRICAL_CABLE,88.88888888888889
73,CPSE-B,3CX6 SQMM PVC CABLE 1.1KV,3CX6 SQMM PVC CABLE 1.1KV,CM0064,3C X 4 SQMM PVC CABLE 1.1KV,ELECTRICAL_CABLE,92.3076923076923
73,CPSE-B,3CX6 SQMM PVC CABLE 1.1KV,3CX6 SQMM PVC CABLE 1.1KV,CM0065,3C X 6 SQMM PVC CABLE 1.1KV,ELECTRICAL_CABLE,92.3076923076923
73,CPSE-B,3CX6 SQMM PVC CABLE 1.1KV,3CX6 SQMM PVC CABLE 1.1KV,CM0066,4C X 10 SQMM PVC CABLE 1.1KV,ELECTRICAL_CABLE,88.88888888888889
73,CPSE-B,3CX6 SQMM PVC CABLE 1.1KV,3CX6 SQMM PVC CABLE 1.1KV,CM0067,4C X 16 SQMM PVC CABLE 1.1KV,ELECTRICAL_CABLE,88.88888888888889
73,CPSE-B,3CX6 SQMM PVC CABLE 1.1KV,3CX6 SQMM PVC CABLE 1.1KV,CM0068,4C X 25 SQMM PVC CABLE 1.1KV,ELECTRICAL_CABLE,88.88888888888889
73,CPSE-B,3CX6 SQMM PVC CABLE 1.1KV,3CX6 SQMM PVC CABLE 1.1KV,CM0069,3C X 35 SQMM PVC CABLE 1.1KV,ELECTRICAL_CABLE,90.56603773584905
73,CPSE-B,3CX6 SQMM PVC CABLE 1.1KV,3CX6 SQMM PVC CABLE 1.1KV,CM0070,4C X 50 SQMM PVC CABLE 1.1KV,ELECTRICAL_CABLE,88.88888888888889
74,CPSE-A,4 IN SS316 WELD NECK FLG 300 CLASS,4IN SS316 WELD NECK FLANGE 300 CLASS,CM0041,2 IN CS WELD NECK FLANGE 150 CLASS,FLANGE,78.57142857142857
74,CPSE-A,4 IN SS316 WELD NECK FLG 300 CLASS,4IN SS316 WELD NECK FLANGE 300 CLASS,CM0042,2 IN SS304 WELD NECK FLANGE 150 CLASS,FLANGE,84.93150684931507
74,CPSE-A,4 IN SS316 WELD NECK FLG 300 CLASS,4IN SS316 WELD NECK FLANGE 300 CLASS,CM0043,3 IN CS SLIP ON FLANGE 150 CLASS,FLANGE,64.70588235294117
74,CPSE-A,4 IN SS316 WELD NECK FLG 300 CLASS,4IN SS316 WELD NECK FLANGE 300 CLASS,CM0044,4 IN SS316 WELD NECK FLANGE 300 CLASS,FLANGE,98.63013698630137
74,CPSE-A,4 IN SS316 WELD NECK FLG 300 CLASS,4IN SS316 WELD NECK FLANGE 300 CLASS,CM0045,6 IN CS SLIP ON FLANGE 150 CLASS,FLANGE,64.70588235294117
74,CPSE-A,4 IN SS316 WELD NECK FLG 300 CLASS,4IN SS316 WELD NECK FLANGE 300 CLASS,CM0046,8 IN CS WELD NECK FLANGE 300 CLASS,FLANGE,86.66666666666667
74,CPSE-A,4 IN SS316 WELD NECK FLG 300 CLASS,4IN SS316 WELD NECK FLANGE 300 CLASS,CM0047,10 IN SS304 SLIP ON FLANGE 150 CLASS,FLANGE,66.66666666666666
74,CPSE-A,4 IN SS316 WELD NECK FLG 300 CLASS,4IN SS316 WELD NECK FLANGE 300 CLASS,CM0048,12 IN CS WELD NECK FLANGE 150 CLASS,FLANGE,77.19298245614036
74,CPSE-A,4 IN SS316 WELD NECK FLG 300 CLASS,4IN SS316 WELD NECK FLANGE 300 CLASS,CM0049,4 IN SS304 SLIP ON FLANGE 300 CLASS,FLANGE,73.2394366197183
74,CPSE-A,4 IN SS316 WELD NECK FLG 300 CLASS,4IN SS316 WELD NECK FLANGE 300 CLASS,CM0050,6 IN SS316 WELD NECK FLANGE 150 CLASS,FLANGE,90.41095890410959
75,CPSE-A,ELEC DRILL 13MM 800W,ELEC DRILL 13MM 800W,CM0091,ANGLE GRINDER 100MM 750W,INDUSTRIAL_TOOL,45.45454545454545
75,CPSE-A,ELEC DRILL 13MM 800W,ELEC DRILL 13MM 800W,CM0092,ANGLE GRINDER 115MM 900W,INDUSTRIAL_TOOL,50.0
75,CPSE-A,ELEC DRILL 13MM 800W,ELEC DRILL 13MM 800W,CM0093,ANGLE GRINDER 125MM 1100W,INDUSTRIAL_TOOL,35.55555555555556
75,CPSE-A,ELEC DRILL 13MM 800W,ELEC DRILL 13MM 800W,CM0094,ELECTRIC DRILL 10MM 650W,INDUSTRIAL_TOOL,77.27272727272728
75,CPSE-A,ELEC DRILL 13MM 800W,ELEC DRILL 13MM 800W,CM0095,ELECTRIC DRILL 13MM 800W,INDUSTRIAL_TOOL,90.9090909090909
75,CPSE-A,ELEC DRILL 13MM 800W,ELEC DRILL 13MM 800W,CM0096,IMPACT WRENCH 1/2 IN 500W,INDUSTRIAL_TOOL,44.44444444444444
75,CPSE-A,ELEC DRILL 13MM 800W,ELEC DRILL 13MM 800W,CM0097,CUTTING MACHINE 355MM 2000W,INDUSTRIAL_TOOL,29.787234042553195
75,CPSE-A,ELEC DRILL 13MM 800W,ELEC DRILL 13MM 800W,CM0098,WELDING MACHINE 200A,INDUSTRIAL_TOOL,35.0
75,CPSE-A,ELEC DRILL 13MM 800W,ELEC DRILL 13MM 800W,CM0099,TORQUE WRENCH 50-250NM,INDUSTRIAL_TOOL,33.33333333333333
75,CPSE-A,ELEC DRILL 13MM 800W,ELEC DRILL 13MM 800W,CM0100,BENCH GRINDER 200MM 550W,INDUSTRIAL_TOOL,40.90909090909091
76,CPSE-B,"8""CS GATE VAL 300#",8INCS GATE VAL 300#,CM0021,2 IN SS304 GATE VALVE 150 CLASS,VALVE,56.0
76,CPSE-B,"8""CS GATE VAL 300#",8INCS GATE VAL 300#,CM0022,2 IN SS304 GATE VALVE 300 CLASS,VALVE,64.0
76,CPSE-B,"8""CS GATE VAL 300#",8INCS GATE VAL 300#,CM0023,3 IN CS GATE VALVE 150 CLASS,VALVE,55.319148936170215
76,CPSE-B,"8""CS GATE VAL 300#",8INCS GATE VAL 300#,CM0024,4 IN SS316 BALL VALVE 150 CLASS,VALVE,36.0
76,CPSE-B,"8""CS GATE VAL 300#",8INCS GATE VAL 300#,CM0025,6 IN CS BUTTERFLY VALVE 150 CLASS,VALVE,34.61538461538461
76,CPSE-B,"8""CS GATE VAL 300#",8INCS GATE VAL 300#,CM0026,4 IN SS304 GATE VALVE 150 CLASS,VALVE,56.0
76,CPSE-B,"8""CS GATE VAL 300#",8INCS GATE VAL 300#,CM0027,6 IN SS316 BALL VALVE 300 CLASS,VALVE,44.0
76,CPSE-B,"8""CS GATE VAL 300#",8INCS GATE VAL 300#,CM0028,8 IN CS GATE VALVE 300 CLASS,VALVE,68.08510638297872
76,CPSE-B,"8""CS GATE VAL 300#",8INCS GATE VAL 300#,CM0029,10 IN CS BUTTERFLY VALVE 150 CLASS,VALVE,37.735849056603776
76,CPSE-B,"8""CS GATE VAL 300#",8INCS GATE VAL 300#,CM0030,2 IN CS GLOBE VALVE 150 CLASS,VALVE,45.833333333333336
77,CPSE-A,10 IN CS BUTTERFLY VLV 150 CLASS,10IN CARBON STEEL BUTTERFLY VALVE 150 CLASS,CM0021,2 IN SS304 GATE VALVE 150 CLASS,VALVE,65.21739130434783
77,CPSE-A,10 IN CS BUTTERFLY VLV 150 CLASS,10IN CARBON STEEL BUTTERFLY VALVE 150 CLASS,CM0022,2 IN SS304 GATE VALVE 300 CLASS,VALVE,56.75675675675676
77,CPSE-A,10 IN CS BUTTERFLY VLV 150 CLASS,10IN CARBON STEEL BUTTERFLY VALVE 150 CLASS,CM0023,3 IN CS GATE VALVE 150 CLASS,VALVE,69.76744186046511
77,CPSE-A,10 IN CS BUTTERFLY VLV 150 CLASS,10IN CARBON STEEL BUTTERFLY VALVE 150 CLASS,CM0024,4 IN SS316 BALL VALVE 150 CLASS,VALVE,65.21739130434783
77,CPSE-A,10 IN CS BUTTERFLY VLV 150 CLASS,10IN CARBON STEEL BUTTERFLY VALVE 150 CLASS,CM0025,6 IN CS BUTTERFLY VALVE 150 CLASS,VALVE,86.20689655172414
77,CPSE-A,10 IN CS BUTTERFLY VLV 150 CLASS,10IN CARBON STEEL BUTTERFLY VALVE 150 CLASS,CM0026,4 IN SS304 GATE VALVE 150 CLASS,VALVE,65.21739130434783
77,CPSE-A,10 IN CS BUTTERFLY VLV 150 CLASS,10IN CARBON STEEL BUTTERFLY VALVE 150 CLASS,CM0027,6 IN SS316 BALL VALVE 300 CLASS,VALVE,56.75675675675676
77,CPSE-A,10 IN CS BUTTERFLY VLV 150 CLASS,10IN CARBON STEEL BUTTERFLY VALVE 150 CLASS,CM0028,8 IN CS GATE VALVE 300 CLASS,VALVE,56.41025641025641
77,CPSE-A,10 IN CS BUTTERFLY VLV 150 CLASS,10IN CARBON STEEL BUTTERFLY VALVE 150 CLASS,CM0029,10 IN CS BUTTERFLY VALVE 150 CLASS,VALVE,84.7457627118644
77,CPSE-A,10 IN CS BUTTERFLY VLV 150 CLASS,10IN CARBON STEEL BUTTERFLY VALVE 150 CLASS,CM0030,2 IN CS GLOBE VALVE 150 CLASS,VALVE,68.18181818181819
78,CPSE-A,3 IN CS GATE VLV 150 CLASS,3IN CARBON STEEL GATE VALVE 150 CLASS,CM0021,2 IN SS304 GATE VALVE 150 CLASS,VALVE,78.43137254901961
78,CPSE-A,3 IN CS GATE VLV 150 CLASS,3IN CARBON STEEL GATE VALVE 150 CLASS,CM0022,2 IN SS304 GATE VALVE 300 CLASS,VALVE,68.08510638297872
78,CPSE-A,3 IN CS GATE VLV 150 CLASS,3IN CARBON STEEL GATE VALVE 150 CLASS,CM0023,3 IN CS GATE VALVE 150 CLASS,VALVE,83.33333333333333
78,CPSE-A,3 IN CS GATE VLV 150 CLASS,3IN CARBON STEEL GATE VALVE 150 CLASS,CM0024,4 IN SS316 BALL VALVE 150 CLASS,VALVE,65.21739130434783
78,CPSE-A,3 IN CS GATE VLV 150 CLASS,3IN CARBON STEEL GATE VALVE 150 CLASS,CM0025,6 IN CS BUTTERFLY VALVE 150 CLASS,VALVE,62.857142857142854
78,CPSE-A,3 IN CS GATE VLV 150 CLASS,3IN CARBON STEEL GATE VALVE 150 CLASS,CM0026,4 IN SS304 GATE VALVE 150 CLASS,VALVE,78.43137254901961
78,CPSE-A,3 IN CS GATE VLV 150 CLASS,3IN CARBON STEEL GATE VALVE 150 CLASS,CM0027,6 IN SS316 BALL VALVE 300 CLASS,VALVE,55.88235294117647
78,CPSE-A,3 IN CS GATE VLV 150 CLASS,3IN CARBON STEEL GATE VALVE 150 CLASS,CM0028,8 IN CS GATE VALVE 300 CLASS,VALVE,72.72727272727272
78,CPSE-A,3 IN CS GATE VLV 150 CLASS,3IN CARBON STEEL GATE VALVE 150 CLASS,CM0029,10 IN CS BUTTERFLY VALVE 150 CLASS,VALVE,61.971830985915496
78,CPSE-A,3 IN CS GATE VLV 150 CLASS,3IN CARBON STEEL GATE VALVE 150 CLASS,CM0030,2 IN CS GLOBE VALVE 150 CLASS,VALVE,68.18181818181819
79,CPSE-A,CUTTING MACHINE 355MM 2000W,CUTTING MACHINE 355MM 2000W,CM0091,ANGLE GRINDER 100MM 750W,INDUSTRIAL_TOOL,43.13725490196079
79,CPSE-A,CUTTING MACHINE 355MM 2000W,CUTTING MACHINE 355MM 2000W,CM0092,ANGLE GRINDER 115MM 900W,INDUSTRIAL_TOOL,39.21568627450981
79,CPSE-A,CUTTING MACHINE 355MM 2000W,CUTTING MACHINE 355MM 2000W,CM0093,ANGLE GRINDER 125MM 1100W,INDUSTRIAL_TOOL,53.84615384615385
79,CPSE-A,CUTTING MACHINE 355MM 2000W,CUTTING MACHINE 355MM 2000W,CM0094,ELECTRIC DRILL 10MM 650W,INDUSTRIAL_TOOL,35.294117647058826
79,CPSE-A,CUTTING MACHINE 355MM 2000W,CUTTING MACHINE 355MM 2000W,CM0095,ELECTRIC DRILL 13MM 800W,INDUSTRIAL_TOOL,35.294117647058826
79,CPSE-A,CUTTING MACHINE 355MM 2000W,CUTTING MACHINE 355MM 2000W,CM0096,IMPACT WRENCH 1/2 IN 500W,INDUSTRIAL_TOOL,50.0
79,CPSE-A,CUTTING MACHINE 355MM 2000W,CUTTING MACHINE 355MM 2000W,CM0097,CUTTING MACHINE 355MM 2000W,INDUSTRIAL_TOOL,100.0
79,CPSE-A,CUTTING MACHINE 355MM 2000W,CUTTING MACHINE 355MM 2000W,CM0098,WELDING MACHINE 200A,INDUSTRIAL_TOOL,63.829787234042556
79,CPSE-A,CUTTING MACHINE 355MM 2000W,CUTTING MACHINE 355MM 2000W,CM0099,TORQUE WRENCH 50-250NM,INDUSTRIAL_TOOL,32.65306122448979
79,CPSE-A,CUTTING MACHINE 355MM 2000W,CUTTING MACHINE 355MM 2000W,CM0100,BENCH GRINDER 200MM 550W,INDUSTRIAL_TOOL,50.98039215686274
80,CPSE-B,"8""PTFE FULL FACE GASK 150#",8INPTFE FULL FACE GASK 150#,CM0051,2 IN SPIRAL WOUND SS GRAPHITE GASKET 150 CLASS,GASKET,32.87671232876713
80,CPSE-B,"8""PTFE FULL FACE GASK 150#",8INPTFE FULL FACE GASK 150#,CM0052,3 IN SPIRAL WOUND SS GRAPHITE GASKET 150 CLASS,GASKET,32.87671232876713
80,CPSE-B,"8""PTFE FULL FACE GASK 150#",8INPTFE FULL FACE GASK 150#,CM0053,4 IN SPIRAL WOUND GRAPHITE GASKET 300 CLASS,GASKET,28.57142857142857
80,CPSE-B,"8""PTFE FULL FACE GASK 150#",8INPTFE FULL FACE GASK 150#,CM0054,6 IN SPIRAL WOUND GRAPHITE GASKET 150 CLASS,GASKET,34.28571428571429
80,CPSE-B,"8""PTFE FULL FACE GASK 150#",8INPTFE FULL FACE GASK 150#,CM0055,8 IN PTFE FULL FACE GASKET 150 CLASS,GASKET,66.66666666666666
80,CPSE-B,"8""PTFE FULL FACE GASK 150#",8INPTFE FULL FACE GASK 150#,CM0056,2 IN PTFE FULL FACE GASKET 150 CLASS,GASKET,63.492063492063494
80,CPSE-B,"8""PTFE FULL FACE GASK 150#",8INPTFE FULL FACE GASK 150#,CM0057,4 IN SS GRAPHITE GASKET 150 CLASS,GASKET,40.0
80,CPSE-B,"8""PTFE FULL FACE GASK 150#",8INPTFE FULL FACE GASK 150#,CM0058,6 IN PTFE FULL FACE GASKET 300 CLASS,GASKET,57.142857142857146
80,CPSE-B,"8""PTFE FULL FACE GASK 150#",8INPTFE FULL FACE GASK 150#,CM0059,10 IN GRAPHITE SPIRAL WOUND GASKET 150 CLASS,GASKET,30.985915492957744
80,CPSE-B,"8""PTFE FULL FACE GASK 150#",8INPTFE FULL FACE GASK 150#,CM0060,12 IN GRAPHITE SPIRAL WOUND GASKET 300 CLASS,GASKET,28.16901408450704
81,CPSE-B,"3""SPIRAL WOUND SS GRAPHITE GASK 150#",3INSPIRAL WOUND SS GRAPHITE GASK 150#,CM0051,2 IN SPIRAL WOUND SS GRAPHITE GASKET 150 CLASS,GASKET,72.28915662650603
81,CPSE-B,"3""SPIRAL WOUND SS GRAPHITE GASK 150#",3INSPIRAL WOUND SS GRAPHITE GASK 150#,CM0052,3 IN SPIRAL WOUND SS GRAPHITE GASKET 150 CLASS,GASKET,74.6987951807229
81,CPSE-B,"3""SPIRAL WOUND SS GRAPHITE GASK 150#",3INSPIRAL WOUND SS GRAPHITE GASK 150#,CM0053,4 IN SPIRAL WOUND GRAPHITE GASKET 300 CLASS,GASKET,62.5
81,CPSE-B,"3""SPIRAL WOUND SS GRAPHITE GASK 150#",3INSPIRAL WOUND SS GRAPHITE GASK 150#,CM0054,6 IN SPIRAL WOUND GRAPHITE GASKET 150 CLASS,GASKET,67.5
81,CPSE-B,"3""SPIRAL WOUND SS GRAPHITE GASK 150#",3INSPIRAL WOUND SS GRAPHITE GASK 150#,CM0055,8 IN PTFE FULL FACE GASKET 150 CLASS,GASKET,43.83561643835616
81,CPSE-B,"3""SPIRAL WOUND SS GRAPHITE GASK 150#",3INSPIRAL WOUND SS GRAPHITE GASK 150#,CM0056,2 IN PTFE FULL FACE GASKET 150 CLASS,GASKET,43.83561643835616
81,CPSE-B,"3""SPIRAL WOUND SS GRAPHITE GASK 150#",3INSPIRAL WOUND SS GRAPHITE GASK 150#,CM0057,4 IN SS GRAPHITE GASKET 150 CLASS,GASKET,68.57142857142857
81,CPSE-B,"3""SPIRAL WOUND SS GRAPHITE GASK 150#",3INSPIRAL WOUND SS GRAPHITE GASK 150#,CM0058,6 IN PTFE FULL FACE GASKET 300 CLASS,GASKET,38.35616438356164
81,CPSE-B,"3""SPIRAL WOUND SS GRAPHITE GASK 150#",3INSPIRAL WOUND SS GRAPHITE GASK 150#,CM0059,10 IN GRAPHITE SPIRAL WOUND GASKET 150 CLASS,GASKET,66.66666666666666
81,CPSE-B,"3""SPIRAL WOUND SS GRAPHITE GASK 150#",3INSPIRAL WOUND SS GRAPHITE GASK 150#,CM0060,12 IN GRAPHITE SPIRAL WOUND GASKET 300 CLASS,GASKET,64.19753086419753
82,CPSE-B,M12X80 SS316 HEX BOLT,M12X80 SS316 HEX BOLT,CM0001,M10 X 50 SS304 HEX BOLT,FASTENER,72.72727272727272
82,CPSE-B,M12X80 SS316 HEX BOLT,M12X80 SS316 HEX BOLT,CM0002,M12 X 50 SS304 HEX BOLT,FASTENER,72.72727272727272
82,CPSE-B,M12X80 SS316 HEX BOLT,M12X80 SS316 HEX BOLT,CM0003,M10 X 75 SS316 HEX BOLT,FASTENER,81.81818181818181
82,CPSE-B,M12X80 SS316 HEX BOLT,M12X80 SS316 HEX BOLT,CM0004,M16 X 60 CARBON STEEL HEX BOLT,FASTENER,55.172413793103445
82,CPSE-B,M12X80 SS316 HEX BOLT,M12X80 SS316 HEX BOLT,CM0005,M20 X 80 GALVANIZED STEEL HEX BOLT,FASTENER,55.172413793103445
82,CPSE-B,M12X80 SS316 HEX BOLT,M12X80 SS316 HEX BOLT,CM0006,M8 X 40 CARBON STEEL HEX BOLT,FASTENER,55.172413793103445
82,CPSE-B,M12X80 SS316 HEX BOLT,M12X80 SS316 HEX BOLT,CM0007,M12 X 80 SS316 HEX BOLT,FASTENER,86.36363636363636
82,CPSE-B,M12X80 SS316 HEX BOLT,M12X80 SS316 HEX BOLT,CM0008,M16 X 75 SS304 HEX BOLT,FASTENER,68.18181818181819
82,CPSE-B,M12X80 SS316 HEX BOLT,M12X80 SS316 HEX BOLT,CM0009,M20 X 100 CARBON STEEL HEX BOLT,FASTENER,55.172413793103445
82,CPSE-B,M12X80 SS316 HEX BOLT,M12X80 SS316 HEX BOLT,CM0010,M10 X 30 SS304 HEX BOLT,FASTENER,72.72727272727272
83,CPSE-B,"2""SS304 WELD NECK FLG 150#",2INSS304 WELD NECK FLANGE 150#,CM0041,2 IN CS WELD NECK FLANGE 150 CLASS,FLANGE,75.0
83,CPSE-B,"2""SS304 WELD NECK FLG 150#",2INSS304 WELD NECK FLANGE 150#,CM0042,2 IN SS304 WELD NECK FLANGE 150 CLASS,FLANGE,86.56716417910448
83,CPSE-B,"2""SS304 WELD NECK FLG 150#",2INSS304 WELD NECK FLANGE 150#,CM0043,3 IN CS SLIP ON FLANGE 150 CLASS,FLANGE,54.83870967741935
83,CPSE-B,"2""SS304 WELD NECK FLG 150#",2INSS304 WELD NECK FLANGE 150#,CM0044,4 IN SS316 WELD NECK FLANGE 300 CLASS,FLANGE,71.64179104477611
83,CPSE-B,"2""SS304 WELD NECK FLG 150#",2INSS304 WELD NECK FLANGE 150#,CM0045,6 IN CS SLIP ON FLANGE 150 CLASS,FLANGE,54.83870967741935
83,CPSE-B,"2""SS304 WELD NECK FLG 150#",2INSS304 WELD NECK FLANGE 150#,CM0046,8 IN CS WELD NECK FLANGE 300 CLASS,FLANGE,69.56521739130434
83,CPSE-B,"2""SS304 WELD NECK FLG 150#",2INSS304 WELD NECK FLANGE 150#,CM0047,10 IN SS304 SLIP ON FLANGE 150 CLASS,FLANGE,54.54545454545455
83,CPSE-B,"2""SS304 WELD NECK FLG 150#",2INSS304 WELD NECK FLANGE 150#,CM0048,12 IN CS WELD NECK FLANGE 150 CLASS,FLANGE,70.76923076923077
83,CPSE-B,"2""SS304 WELD NECK FLG 150#",2INSS304 WELD NECK FLANGE 150#,CM0049,4 IN SS304 SLIP ON FLANGE 300 CLASS,FLANGE,49.23076923076923
83,CPSE-B,"2""SS304 WELD NECK FLG 150#",2INSS304 WELD NECK FLANGE 150#,CM0050,6 IN SS316 WELD NECK FLANGE 150 CLASS,FLANGE,77.61194029850746
84,CPSE-B,"6""SS316 BALL VAL 300#",6INSS316 BALL VAL 300#,CM0021,2 IN SS304 GATE VALVE 150 CLASS,VALVE,41.509433962264154
84,CPSE-B,"6""SS316 BALL VAL 300#",6INSS316 BALL VAL 300#,CM0022,2 IN SS304 GATE VALVE 300 CLASS,VALVE,49.056603773584904
84,CPSE-B,"6""SS316 BALL VAL 300#",6INSS316 BALL VAL 300#,CM0023,3 IN CS GATE VALVE 150 CLASS,VALVE,40.0
84,CPSE-B,"6""SS316 BALL VAL 300#",6INSS316 BALL VAL 300#,CM0024,4 IN SS316 BALL VALVE 150 CLASS,VALVE,67.9245283018868
84,CPSE-B,"6""SS316 BALL VAL 300#",6INSS316 BALL VAL 300#,CM0025,6 IN CS BUTTERFLY VALVE 150 CLASS,VALVE,40.0
84,CPSE-B,"6""SS316 BALL VAL 300#",6INSS316 BALL VAL 300#,CM0026,4 IN SS304 GATE VALVE 150 CLASS,VALVE,41.509433962264154
84,CPSE-B,"6""SS316 BALL VAL 300#",6INSS316 BALL VAL 300#,CM0027,6 IN SS316 BALL VALVE 300 CLASS,VALVE,79.24528301886792
84,CPSE-B,"6""SS316 BALL VAL 300#",6INSS316 BALL VAL 300#,CM0028,8 IN CS GATE VALVE 300 CLASS,VALVE,48.0
84,CPSE-B,"6""SS316 BALL VAL 300#",6INSS316 BALL VAL 300#,CM0029,10 IN CS BUTTERFLY VALVE 150 CLASS,VALVE,39.285714285714285
84,CPSE-B,"6""SS316 BALL VAL 300#",6INSS316 BALL VAL 300#,CM0030,2 IN CS GLOBE VALVE 150 CLASS,VALVE,39.21568627450981
85,CPSE-A,6 IN SS304 SEAMLESS PIP SCH40,6IN SS304 SEAMLESS PIP SCH40,CM0031,2 IN CS SEAMLESS PIPE SCH40,PIPE,76.36363636363636
85,CPSE-A,6 IN SS304 SEAMLESS PIP SCH40,6IN SS304 SEAMLESS PIP SCH40,CM0032,3 IN CS SEAMLESS PIPE SCH40,PIPE,76.36363636363636
85,CPSE-A,6 IN SS304 SEAMLESS PIP SCH40,6IN SS304 SEAMLESS PIP SCH40,CM0033,4 IN SS304 SEAMLESS PIPE SCH40,PIPE,93.10344827586206
85,CPSE-A,6 IN SS304 SEAMLESS PIP SCH40,6IN SS304 SEAMLESS PIP SCH40,CM0034,6 IN CS SEAMLESS PIPE SCH80,PIPE,76.36363636363636
85,CPSE-A,6 IN SS304 SEAMLESS PIP SCH40,6IN SS304 SEAMLESS PIP SCH40,CM0035,8 IN SS316 SEAMLESS PIPE SCH40,PIPE,86.20689655172414
85,CPSE-A,6 IN SS304 SEAMLESS PIP SCH40,6IN SS304 SEAMLESS PIP SCH40,CM0036,2 IN SS304 SEAMLESS PIPE SCH10,PIPE,89.65517241379311
85,CPSE-A,6 IN SS304 SEAMLESS PIP SCH40,6IN SS304 SEAMLESS PIP SCH40,CM0037,3 IN SS316 SEAMLESS PIPE SCH40,PIPE,86.20689655172414
85,CPSE-A,6 IN SS304 SEAMLESS PIP SCH40,6IN SS304 SEAMLESS PIP SCH40,CM0038,4 IN CS SEAMLESS PIPE SCH80,PIPE,72.72727272727272
85,CPSE-A,6 IN SS304 SEAMLESS PIP SCH40,6IN SS304 SEAMLESS PIP SCH40,CM0039,6 IN SS304 SEAMLESS PIPE SCH40,PIPE,96.55172413793103
85,CPSE-A,6 IN SS304 SEAMLESS PIP SCH40,6IN SS304 SEAMLESS PIP SCH40,CM0040,8 IN CS SEAMLESS PIPE SCH80,PIPE,72.72727272727272
86,CPSE-B,"8""CS SEAMLESS PIPE SCH80",8INCS SEAMLESS PIPE SCH80,CM0031,2 IN CS SEAMLESS PIPE SCH40,PIPE,80.76923076923077
86,CPSE-B,"8""CS SEAMLESS PIPE SCH80",8INCS SEAMLESS PIPE SCH80,CM0032,3 IN CS SEAMLESS PIPE SCH40,PIPE,80.76923076923077
86,CPSE-B,"8""CS SEAMLESS PIPE SCH80",8INCS SEAMLESS PIPE SCH80,CM0033,4 IN SS304 SEAMLESS PIPE SCH40,PIPE,76.36363636363636
86,CPSE-B,"8""CS SEAMLESS PIPE SCH80",8INCS SEAMLESS PIPE SCH80,CM0034,6 IN CS SEAMLESS PIPE SCH80,PIPE,86.36363636363636
86,CPSE-B,"8""CS SEAMLESS PIPE SCH80",8INCS SEAMLESS PIPE SCH80,CM0035,8 IN SS316 SEAMLESS PIPE SCH40,PIPE,80.0
86,CPSE-B,"8""CS SEAMLESS PIPE SCH80",8INCS SEAMLESS PIPE SCH80,CM0036,2 IN SS304 SEAMLESS PIPE SCH10,PIPE,76.36363636363636
86,CPSE-B,"8""CS SEAMLESS PIPE SCH80",8INCS SEAMLESS PIPE SCH80,CM0037,3 IN SS316 SEAMLESS PIPE SCH40,PIPE,76.36363636363636
86,CPSE-B,"8""CS SEAMLESS PIPE SCH80",8INCS SEAMLESS PIPE SCH80,CM0038,4 IN CS SEAMLESS PIPE SCH80,PIPE,86.36363636363636
86,CPSE-B,"8""CS SEAMLESS PIPE SCH80",8INCS SEAMLESS PIPE SCH80,CM0039,6 IN SS304 SEAMLESS PIPE SCH40,PIPE,76.36363636363636
86,CPSE-B,"8""CS SEAMLESS PIPE SCH80",8INCS SEAMLESS PIPE SCH80,CM0040,8 IN CS SEAMLESS PIPE SCH80,PIPE,88.46153846153847
87,CPSE-A,6 IN CS BUTTERFLY VLV 150 CLASS,6IN CARBON STEEL BUTTERFLY VALVE 150 CLASS,CM0021,2 IN SS304 GATE VALVE 150 CLASS,VALVE,65.21739130434783
87,CPSE-A,6 IN CS BUTTERFLY VLV 150 CLASS,6IN CARBON STEEL BUTTERFLY VALVE 150 CLASS,CM0022,2 IN SS304 GATE VALVE 300 CLASS,VALVE,54.794520547945204
87,CPSE-A,6 IN CS BUTTERFLY VLV 150 CLASS,6IN CARBON STEEL BUTTERFLY VALVE 150 CLASS,CM0023,3 IN CS GATE VALVE 150 CLASS,VALVE,69.76744186046511
87,CPSE-A,6 IN CS BUTTERFLY VLV 150 CLASS,6IN CARBON STEEL BUTTERFLY VALVE 150 CLASS,CM0024,4 IN SS316 BALL VALVE 150 CLASS,VALVE,65.21739130434783
87,CPSE-A,6 IN CS BUTTERFLY VLV 150 CLASS,6IN CARBON STEEL BUTTERFLY VALVE 150 CLASS,CM0025,6 IN CS BUTTERFLY VALVE 150 CLASS,VALVE,86.20689655172414
87,CPSE-A,6 IN CS BUTTERFLY VLV 150 CLASS,6IN CARBON STEEL BUTTERFLY VALVE 150 CLASS,CM0026,4 IN SS304 GATE VALVE 150 CLASS,VALVE,65.21739130434783
87,CPSE-A,6 IN CS BUTTERFLY VLV 150 CLASS,6IN CARBON STEEL BUTTERFLY VALVE 150 CLASS,CM0027,6 IN SS316 BALL VALVE 300 CLASS,VALVE,60.273972602739725
87,CPSE-A,6 IN CS BUTTERFLY VLV 150 CLASS,6IN CARBON STEEL BUTTERFLY VALVE 150 CLASS,CM0028,8 IN CS GATE VALVE 300 CLASS,VALVE,56.41025641025641
87,CPSE-A,6 IN CS BUTTERFLY VLV 150 CLASS,6IN CARBON STEEL BUTTERFLY VALVE 150 CLASS,CM0029,10 IN CS BUTTERFLY VALVE 150 CLASS,VALVE,84.7457627118644
87,CPSE-A,6 IN CS BUTTERFLY VLV 150 CLASS,6IN CARBON STEEL BUTTERFLY VALVE 150 CLASS,CM0030,2 IN CS GLOBE VALVE 150 CLASS,VALVE,68.18181818181819
88,CPSE-A,M8 X 40 CS HEX BOLT,M8X40 CARBON STEEL HEX BOLT,CM0001,M10 X 50 SS304 HEX BOLT,FASTENER,56.0
88,CPSE-A,M8 X 40 CS HEX BOLT,M8X40 CARBON STEEL HEX BOLT,CM0002,M12 X 50 SS304 HEX BOLT,FASTENER,52.0
88,CPSE-A,M8 X 40 CS HEX BOLT,M8X40 CARBON STEEL HEX BOLT,CM0003,M10 X 75 SS316 HEX BOLT,FASTENER,56.0
88,CPSE-A,M8 X 40 CS HEX BOLT,M8X40 CARBON STEEL HEX BOLT,CM0004,M16 X 60 CARBON STEEL HEX BOLT,FASTENER,87.5
88,CPSE-A,M8 X 40 CS HEX BOLT,M8X40 CARBON STEEL HEX BOLT,CM0005,M20 X 80 GALVANIZED STEEL HEX BOLT,FASTENER,68.29268292682927
88,CPSE-A,M8 X 40 CS HEX BOLT,M8X40 CARBON STEEL HEX BOLT,CM0006,M8 X 40 CARBON STEEL HEX BOLT,FASTENER,89.28571428571429
88,CPSE-A,M8 X 40 CS HEX BOLT,M8X40 CARBON STEEL HEX BOLT,CM0007,M12 X 80 SS316 HEX BOLT,FASTENER,52.0
88,CPSE-A,M8 X 40 CS HEX BOLT,M8X40 CARBON STEEL HEX BOLT,CM0008,M16 X 75 SS304 HEX BOLT,FASTENER,52.0
88,CPSE-A,M8 X 40 CS HEX BOLT,M8X40 CARBON STEEL HEX BOLT,CM0009,M20 X 100 CARBON STEEL HEX BOLT,FASTENER,87.5
88,CPSE-A,M8 X 40 CS HEX BOLT,M8X40 CARBON STEEL HEX BOLT,CM0010,M10 X 30 SS304 HEX BOLT,FASTENER,56.0
89,CPSE-B,M16X60 CS HEX BOLT,M16X60 CARBON STEEL HEX BOLT,CM0001,M10 X 50 SS304 HEX BOLT,FASTENER,58.8235294117647
89,CPSE-B,M16X60 CS HEX BOLT,M16X60 CARBON STEEL HEX BOLT,CM0002,M12 X 50 SS304 HEX BOLT,FASTENER,54.90196078431372
89,CPSE-B,M16X60 CS HEX BOLT,M16X60 CARBON STEEL HEX BOLT,CM0003,M10 X 75 SS316 HEX BOLT,FASTENER,58.8235294117647
89,CPSE-B,M16X60 CS HEX BOLT,M16X60 CARBON STEEL HEX BOLT,CM0004,M16 X 60 CARBON STEEL HEX BOLT,FASTENER,89.65517241379311
89,CPSE-B,M16X60 CS HEX BOLT,M16X60 CARBON STEEL HEX BOLT,CM0005,M20 X 80 GALVANIZED STEEL HEX BOLT,FASTENER,66.66666666666666
89,CPSE-B,M16X60 CS HEX BOLT,M16X60 CARBON STEEL HEX BOLT,CM0006,M8 X 40 CARBON STEEL HEX BOLT,FASTENER,85.71428571428571
89,CPSE-B,M16X60 CS HEX BOLT,M16X60 CARBON STEEL HEX BOLT,CM0007,M12 X 80 SS316 HEX BOLT,FASTENER,54.90196078431372
89,CPSE-B,M16X60 CS HEX BOLT,M16X60 CARBON STEEL HEX BOLT,CM0008,M16 X 75 SS304 HEX BOLT,FASTENER,58.8235294117647
89,CPSE-B,M16X60 CS HEX BOLT,M16X60 CARBON STEEL HEX BOLT,CM0009,M20 X 100 CARBON STEEL HEX BOLT,FASTENER,85.71428571428571
89,CPSE-B,M16X60 CS HEX BOLT,M16X60 CARBON STEEL HEX BOLT,CM0010,M10 X 30 SS304 HEX BOLT,FASTENER,58.8235294117647
90,CPSE-C,3CX6 SQMM PVC CABLE 1.1KV,3CX6 SQMM PVC CABLE 1.1KV,CM0061,1C X 2.5 SQMM PVC CABLE 1.1KV,ELECTRICAL_CABLE,88.88888888888889
90,CPSE-C,3CX6 SQMM PVC CABLE 1.1KV,3CX6 SQMM PVC CABLE 1.1KV,CM0062,1C X 4 SQMM PVC CABLE 1.1KV,ELECTRICAL_CABLE,88.88888888888889
90,CPSE-C,3CX6 SQMM PVC CABLE 1.1KV,3CX6 SQMM PVC CABLE 1.1KV,CM0063,3C X 2.5 SQMM PVC CABLE 1.1KV,ELECTRICAL_CABLE,88.88888888888889
90,CPSE-C,3CX6 SQMM PVC CABLE 1.1KV,3CX6 SQMM PVC CABLE 1.1KV,CM0064,3C X 4 SQMM PVC CABLE 1.1KV,ELECTRICAL_CABLE,92.3076923076923
90,CPSE-C,3CX6 SQMM PVC CABLE 1.1KV,3CX6 SQMM PVC CABLE 1.1KV,CM0065,3C X 6 SQMM PVC CABLE 1.1KV,ELECTRICAL_CABLE,92.3076923076923
90,CPSE-C,3CX6 SQMM PVC CABLE 1.1KV,3CX6 SQMM PVC CABLE 1.1KV,CM0066,4C X 10 SQMM PVC CABLE 1.1KV,ELECTRICAL_CABLE,88.88888888888889
90,CPSE-C,3CX6 SQMM PVC CABLE 1.1KV,3CX6 SQMM PVC CABLE 1.1KV,CM0067,4C X 16 SQMM PVC CABLE 1.1KV,ELECTRICAL_CABLE,88.88888888888889
90,CPSE-C,3CX6 SQMM PVC CABLE 1.1KV,3CX6 SQMM PVC CABLE 1.1KV,CM0068,4C X 25 SQMM PVC CABLE 1.1KV,ELECTRICAL_CABLE,88.88888888888889
90,CPSE-C,3CX6 SQMM PVC CABLE 1.1KV,3CX6 SQMM PVC CABLE 1.1KV,CM0069,3C X 35 SQMM PVC CABLE 1.1KV,ELECTRICAL_CABLE,90.56603773584905
90,CPSE-C,3CX6 SQMM PVC CABLE 1.1KV,3CX6 SQMM PVC CABLE 1.1KV,CM0070,4C X 50 SQMM PVC CABLE 1.1KV,ELECTRICAL_CABLE,88.88888888888889
91,CPSE-C,6 IN CS SEAMLESS PIPE SCH80,6IN CARBON STEEL SEAMLESS PIPE SCH80,CM0031,2 IN CS SEAMLESS PIPE SCH40,PIPE,69.84126984126985
91,CPSE-C,6 IN CS SEAMLESS PIPE SCH80,6IN CARBON STEEL SEAMLESS PIPE SCH80,CM0032,3 IN CS SEAMLESS PIPE SCH40,PIPE,69.84126984126985
91,CPSE-C,6 IN CS SEAMLESS PIPE SCH80,6IN CARBON STEEL SEAMLESS PIPE SCH80,CM0033,4 IN SS304 SEAMLESS PIPE SCH40,PIPE,69.69696969696969
91,CPSE-C,6 IN CS SEAMLESS PIPE SCH80,6IN CARBON STEEL SEAMLESS PIPE SCH80,CM0034,6 IN CS SEAMLESS PIPE SCH80,PIPE,82.6086956521739
91,CPSE-C,6 IN CS SEAMLESS PIPE SCH80,6IN CARBON STEEL SEAMLESS PIPE SCH80,CM0035,8 IN SS316 SEAMLESS PIPE SCH40,PIPE,69.69696969696969
91,CPSE-C,6 IN CS SEAMLESS PIPE SCH80,6IN CARBON STEEL SEAMLESS PIPE SCH80,CM0036,2 IN SS304 SEAMLESS PIPE SCH10,PIPE,69.69696969696969
91,CPSE-C,6 IN CS SEAMLESS PIPE SCH80,6IN CARBON STEEL SEAMLESS PIPE SCH80,CM0037,3 IN SS316 SEAMLESS PIPE SCH40,PIPE,69.69696969696969
91,CPSE-C,6 IN CS SEAMLESS PIPE SCH80,6IN CARBON STEEL SEAMLESS PIPE SCH80,CM0038,4 IN CS SEAMLESS PIPE SCH80,PIPE,82.6086956521739
91,CPSE-C,6 IN CS SEAMLESS PIPE SCH80,6IN CARBON STEEL SEAMLESS PIPE SCH80,CM0039,6 IN SS304 SEAMLESS PIPE SCH40,PIPE,72.72727272727272
91,CPSE-C,6 IN CS SEAMLESS PIPE SCH80,6IN CARBON STEEL SEAMLESS PIPE SCH80,CM0040,8 IN CS SEAMLESS PIPE SCH80,PIPE,82.6086956521739
92,CPSE-C,3 IN CS GTV 150 CLASS,3IN CARBON STEEL GTV 150 CLASS,CM0021,2 IN SS304 GATE VALVE 150 CLASS,VALVE,52.459016393442624
92,CPSE-C,3 IN CS GTV 150 CLASS,3IN CARBON STEEL GTV 150 CLASS,CM0022,2 IN SS304 GATE VALVE 300 CLASS,VALVE,45.90163934426229
92,CPSE-C,3 IN CS GTV 150 CLASS,3IN CARBON STEEL GTV 150 CLASS,CM0023,3 IN CS GATE VALVE 150 CLASS,VALVE,62.06896551724138
92,CPSE-C,3 IN CS GTV 150 CLASS,3IN CARBON STEEL GTV 150 CLASS,CM0024,4 IN SS316 BALL VALVE 150 CLASS,VALVE,52.459016393442624
92,CPSE-C,3 IN CS GTV 150 CLASS,3IN CARBON STEEL GTV 150 CLASS,CM0025,6 IN CS BUTTERFLY VALVE 150 CLASS,VALVE,50.79365079365079
92,CPSE-C,3 IN CS GTV 150 CLASS,3IN CARBON STEEL GTV 150 CLASS,CM0026,4 IN SS304 GATE VALVE 150 CLASS,VALVE,52.459016393442624
92,CPSE-C,3 IN CS GTV 150 CLASS,3IN CARBON STEEL GTV 150 CLASS,CM0027,6 IN SS316 BALL VALVE 300 CLASS,VALVE,45.90163934426229
92,CPSE-C,3 IN CS GTV 150 CLASS,3IN CARBON STEEL GTV 150 CLASS,CM0028,8 IN CS GATE VALVE 300 CLASS,VALVE,51.724137931034484
92,CPSE-C,3 IN CS GTV 150 CLASS,3IN CARBON STEEL GTV 150 CLASS,CM0029,10 IN CS BUTTERFLY VALVE 150 CLASS,VALVE,50.0
92,CPSE-C,3 IN CS GTV 150 CLASS,3IN CARBON STEEL GTV 150 CLASS,CM0030,2 IN CS GLOBE VALVE 150 CLASS,VALVE,57.6271186440678
93,CPSE-C,3 PHASE IND MTR 18.5KW 415V 50HZ,3 PHASE IND MOTOR 18.5KW 415V 50HZ,CM0071,3 PHASE INDUCTION MOTOR 5.5KW 415V 50HZ,MOTOR,87.67123287671232
93,CPSE-C,3 PHASE IND MTR 18.5KW 415V 50HZ,3 PHASE IND MOTOR 18.5KW 415V 50HZ,CM0072,3 PHASE INDUCTION MOTOR 7.5KW 415V 50HZ,MOTOR,87.67123287671232
93,CPSE-C,3 PHASE IND MTR 18.5KW 415V 50HZ,3 PHASE IND MOTOR 18.5KW 415V 50HZ,CM0073,3 PHASE INDUCTION MOTOR 11KW 415V 50HZ,MOTOR,86.11111111111111
93,CPSE-C,3 PHASE IND MTR 18.5KW 415V 50HZ,3 PHASE IND MOTOR 18.5KW 415V 50HZ,CM0074,3 PHASE INDUCTION MOTOR 15KW 415V 50HZ,MOTOR,88.88888888888889
93,CPSE-C,3 PHASE IND MTR 18.5KW 415V 50HZ,3 PHASE IND MOTOR 18.5KW 415V 50HZ,CM0075,3 PHASE INDUCTION MOTOR 18.5KW 415V 50HZ,MOTOR,93.75
93,CPSE-C,3 PHASE IND MTR 18.5KW 415V 50HZ,3 PHASE IND MOTOR 18.5KW 415V 50HZ,CM0076,3 PHASE INDUCTION MOTOR 22KW 415V 50HZ,MOTOR,83.33333333333333
93,CPSE-C,3 PHASE IND MTR 18.5KW 415V 50HZ,3 PHASE IND MOTOR 18.5KW 415V 50HZ,CM0077,3 PHASE INDUCTION MOTOR 30KW 415V 50HZ,MOTOR,83.33333333333333
93,CPSE-C,3 PHASE IND MTR 18.5KW 415V 50HZ,3 PHASE IND MOTOR 18.5KW 415V 50HZ,CM0078,3 PHASE INDUCTION MOTOR 37KW 415V 50HZ,MOTOR,83.33333333333333
93,CPSE-C,3 PHASE IND MTR 18.5KW 415V 50HZ,3 PHASE IND MOTOR 18.5KW 415V 50HZ,CM0079,3 PHASE INDUCTION MOTOR 45KW 415V 50HZ,MOTOR,86.11111111111111
93,CPSE-C,3 PHASE IND MTR 18.5KW 415V 50HZ,3 PHASE IND MOTOR 18.5KW 415V 50HZ,CM0080,3 PHASE INDUCTION MOTOR 55KW 415V 50HZ,MOTOR,86.11111111111111
94,CPSE-B,DEEP GROOVE BALL BEARING 6207,DEEP GROOVE BALL BEARING 6207,CM0011,DEEP GROOVE BALL BEARING 6205,BEARING,96.55172413793103
94,CPSE-B,DEEP GROOVE BALL BEARING 6207,DEEP GROOVE BALL BEARING 6207,CM0012,DEEP GROOVE BALL BEARING 6206,BEARING,96.55172413793103
94,CPSE-B,DEEP GROOVE BALL BEARING 6207,DEEP GROOVE BALL BEARING 6207,CM0013,DEEP GROOVE BALL BEARING 6207,BEARING,100.0
94,CPSE-B,DEEP GROOVE BALL BEARING 6207,DEEP GROOVE BALL BEARING 6207,CM0014,DEEP GROOVE BALL BEARING 6305,BEARING,93.10344827586206
94,CPSE-B,DEEP GROOVE BALL BEARING 6207,DEEP GROOVE BALL BEARING 6207,CM0015,DEEP GROOVE BALL BEARING 6306,BEARING,93.10344827586206
94,CPSE-B,DEEP GROOVE BALL BEARING 6207,DEEP GROOVE BALL BEARING 6207,CM0016,DEEP GROOVE BALL BEARING 6307,BEARING,96.55172413793103
94,CPSE-B,DEEP GROOVE BALL BEARING 6207,DEEP GROOVE BALL BEARING 6207,CM0017,TAPERED ROLLER BEARING 30205,BEARING,59.64912280701754
94,CPSE-B,DEEP GROOVE BALL BEARING 6207,DEEP GROOVE BALL BEARING 6207,CM0018,TAPERED ROLLER BEARING 30206,BEARING,59.64912280701754
94,CPSE-B,DEEP GROOVE BALL BEARING 6207,DEEP GROOVE BALL BEARING 6207,CM0019,TAPERED ROLLER BEARING 30305,BEARING,56.14035087719298
94,CPSE-B,DEEP GROOVE BALL BEARING 6207,DEEP GROOVE BALL BEARING 6207,CM0020,SPHERICAL ROLLER BEARING 22205,BEARING,54.23728813559322
95,CPSE-B,M8X40 CS HEX BOLT,M8X40 CARBON STEEL HEX BOLT,CM0001,M10 X 50 SS304 HEX BOLT,FASTENER,56.0
95,CPSE-B,M8X40 CS HEX BOLT,M8X40 CARBON STEEL HEX BOLT,CM0002,M12 X 50 SS304 HEX BOLT,FASTENER,52.0
95,CPSE-B,M8X40 CS HEX BOLT,M8X40 CARBON STEEL HEX BOLT,CM0003,M10 X 75 SS316 HEX BOLT,FASTENER,56.0
95,CPSE-B,M8X40 CS HEX BOLT,M8X40 CARBON STEEL HEX BOLT,CM0004,M16 X 60 CARBON STEEL HEX BOLT,FASTENER,87.5
95,CPSE-B,M8X40 CS HEX BOLT,M8X40 CARBON STEEL HEX BOLT,CM0005,M20 X 80 GALVANIZED STEEL HEX BOLT,FASTENER,68.29268292682927
95,CPSE-B,M8X40 CS HEX BOLT,M8X40 CARBON STEEL HEX BOLT,CM0006,M8 X 40 CARBON STEEL HEX BOLT,FASTENER,89.28571428571429
95,CPSE-B,M8X40 CS HEX BOLT,M8X40 CARBON STEEL HEX BOLT,CM0007,M12 X 80 SS316 HEX BOLT,FASTENER,52.0
95,CPSE-B,M8X40 CS HEX BOLT,M8X40 CARBON STEEL HEX BOLT,CM0008,M16 X 75 SS304 HEX BOLT,FASTENER,52.0
95,CPSE-B,M8X40 CS HEX BOLT,M8X40 CARBON STEEL HEX BOLT,CM0009,M20 X 100 CARBON STEEL HEX BOLT,FASTENER,87.5
95,CPSE-B,M8X40 CS HEX BOLT,M8X40 CARBON STEEL HEX BOLT,CM0010,M10 X 30 SS304 HEX BOLT,FASTENER,56.0
96,CPSE-C,12 IN GRAPHITE SW GASKET 300 CLASS,12IN GRAPHITE SW GASKET 300 CLASS,CM0051,2 IN SPIRAL WOUND SS GRAPHITE GASKET 150 CLASS,GASKET,77.77777777777777
96,CPSE-C,12 IN GRAPHITE SW GASKET 300 CLASS,12IN GRAPHITE SW GASKET 300 CLASS,CM0052,3 IN SPIRAL WOUND SS GRAPHITE GASKET 150 CLASS,GASKET,77.77777777777777
96,CPSE-C,12 IN GRAPHITE SW GASKET 300 CLASS,12IN GRAPHITE SW GASKET 300 CLASS,CM0053,4 IN SPIRAL WOUND GRAPHITE GASKET 300 CLASS,GASKET,86.20689655172414
96,CPSE-C,12 IN GRAPHITE SW GASKET 300 CLASS,12IN GRAPHITE SW GASKET 300 CLASS,CM0054,6 IN SPIRAL WOUND GRAPHITE GASKET 150 CLASS,GASKET,77.77777777777777
96,CPSE-C,12 IN GRAPHITE SW GASKET 300 CLASS,12IN GRAPHITE SW GASKET 300 CLASS,CM0055,8 IN PTFE FULL FACE GASKET 150 CLASS,GASKET,57.971014492753625
96,CPSE-C,12 IN GRAPHITE SW GASKET 300 CLASS,12IN GRAPHITE SW GASKET 300 CLASS,CM0056,2 IN PTFE FULL FACE GASKET 150 CLASS,GASKET,60.869565217391305
96,CPSE-C,12 IN GRAPHITE SW GASKET 300 CLASS,12IN GRAPHITE SW GASKET 300 CLASS,CM0057,4 IN SS GRAPHITE GASKET 150 CLASS,GASKET,81.81818181818181
96,CPSE-C,12 IN GRAPHITE SW GASKET 300 CLASS,12IN GRAPHITE SW GASKET 300 CLASS,CM0058,6 IN PTFE FULL FACE GASKET 300 CLASS,GASKET,66.66666666666666
96,CPSE-C,12 IN GRAPHITE SW GASKET 300 CLASS,12IN GRAPHITE SW GASKET 300 CLASS,CM0059,10 IN GRAPHITE SPIRAL WOUND GASKET 150 CLASS,GASKET,77.77777777777777
96,CPSE-C,12 IN GRAPHITE SW GASKET 300 CLASS,12IN GRAPHITE SW GASKET 300 CLASS,CM0060,12 IN GRAPHITE SPIRAL WOUND GASKET 300 CLASS,GASKET,86.20689655172414
97,CPSE-A,6 IN SS316 WELD NECK FLG 150 CLASS,6IN SS316 WELD NECK FLANGE 150 CLASS,CM0041,2 IN CS WELD NECK FLANGE 150 CLASS,FLANGE,86.66666666666667
97,CPSE-A,6 IN SS316 WELD NECK FLG 150 CLASS,6IN SS316 WELD NECK FLANGE 150 CLASS,CM0042,2 IN SS304 WELD NECK FLANGE 150 CLASS,FLANGE,90.41095890410959
97,CPSE-A,6 IN SS316 WELD NECK FLG 150 CLASS,6IN SS316 WELD NECK FLANGE 150 CLASS,CM0043,3 IN CS SLIP ON FLANGE 150 CLASS,FLANGE,70.58823529411765
97,CPSE-A,6 IN SS316 WELD NECK FLG 150 CLASS,6IN SS316 WELD NECK FLANGE 150 CLASS,CM0044,4 IN SS316 WELD NECK FLANGE 300 CLASS,FLANGE,90.41095890410959
97,CPSE-A,6 IN SS316 WELD NECK FLG 150 CLASS,6IN SS316 WELD NECK FLANGE 150 CLASS,CM0045,6 IN CS SLIP ON FLANGE 150 CLASS,FLANGE,73.52941176470588
97,CPSE-A,6 IN SS316 WELD NECK FLG 150 CLASS,6IN SS316 WELD NECK FLANGE 150 CLASS,CM0046,8 IN CS WELD NECK FLANGE 300 CLASS,FLANGE,78.57142857142857
97,CPSE-A,6 IN SS316 WELD NECK FLG 150 CLASS,6IN SS316 WELD NECK FLANGE 150 CLASS,CM0047,10 IN SS304 SLIP ON FLANGE 150 CLASS,FLANGE,69.44444444444444
97,CPSE-A,6 IN SS316 WELD NECK FLG 150 CLASS,6IN SS316 WELD NECK FLANGE 150 CLASS,CM0048,12 IN CS WELD NECK FLANGE 150 CLASS,FLANGE,85.24590163934427
97,CPSE-A,6 IN SS316 WELD NECK FLG 150 CLASS,6IN SS316 WELD NECK FLANGE 150 CLASS,CM0049,4 IN SS304 SLIP ON FLANGE 300 CLASS,FLANGE,64.7887323943662
97,CPSE-A,6 IN SS316 WELD NECK FLG 150 CLASS,6IN SS316 WELD NECK FLANGE 150 CLASS,CM0050,6 IN SS316 WELD NECK FLANGE 150 CLASS,FLANGE,98.63013698630137
98,CPSE-B,ANGLE GRINDER 115MM 900W,ANGLE GRINDER 115MM 900W,CM0091,ANGLE GRINDER 100MM 750W,INDUSTRIAL_TOOL,83.33333333333333
98,CPSE-B,ANGLE GRINDER 115MM 900W,ANGLE GRINDER 115MM 900W,CM0092,ANGLE GRINDER 115MM 900W,INDUSTRIAL_TOOL,100.0
98,CPSE-B,ANGLE GRINDER 115MM 900W,ANGLE GRINDER 115MM 900W,CM0093,ANGLE GRINDER 125MM 1100W,INDUSTRIAL_TOOL,77.55102040816327
98,CPSE-B,ANGLE GRINDER 115MM 900W,ANGLE GRINDER 115MM 900W,CM0094,ELECTRIC DRILL 10MM 650W,INDUSTRIAL_TOOL,45.833333333333336
98,CPSE-B,ANGLE GRINDER 115MM 900W,ANGLE GRINDER 115MM 900W,CM0095,ELECTRIC DRILL 13MM 800W,INDUSTRIAL_TOOL,50.0
98,CPSE-B,ANGLE GRINDER 115MM 900W,ANGLE GRINDER 115MM 900W,CM0096,IMPACT WRENCH 1/2 IN 500W,INDUSTRIAL_TOOL,44.89795918367347
98,CPSE-B,ANGLE GRINDER 115MM 900W,ANGLE GRINDER 115MM 900W,CM0097,CUTTING MACHINE 355MM 2000W,INDUSTRIAL_TOOL,39.21568627450981
98,CPSE-B,ANGLE GRINDER 115MM 900W,ANGLE GRINDER 115MM 900W,CM0098,WELDING MACHINE 200A,INDUSTRIAL_TOOL,40.90909090909091
98,CPSE-B,ANGLE GRINDER 115MM 900W,ANGLE GRINDER 115MM 900W,CM0099,TORQUE WRENCH 50-250NM,INDUSTRIAL_TOOL,34.78260869565217
98,CPSE-B,ANGLE GRINDER 115MM 900W,ANGLE GRINDER 115MM 900W,CM0100,BENCH GRINDER 200MM 550W,INDUSTRIAL_TOOL,62.5
99,CPSE-B,"3""CS GATE VAL 150#",3INCS GATE VAL 150#,CM0021,2 IN SS304 GATE VALVE 150 CLASS,VALVE,64.0
99,CPSE-B,"3""CS GATE VAL 150#",3INCS GATE VAL 150#,CM0022,2 IN SS304 GATE VALVE 300 CLASS,VALVE,56.0
99,CPSE-B,"3""CS GATE VAL 150#",3INCS GATE VAL 150#,CM0023,3 IN CS GATE VALVE 150 CLASS,VALVE,68.08510638297872
99,CPSE-B,"3""CS GATE VAL 150#",3INCS GATE VAL 150#,CM0024,4 IN SS316 BALL VALVE 150 CLASS,VALVE,44.0
99,CPSE-B,"3""CS GATE VAL 150#",3INCS GATE VAL 150#,CM0025,6 IN CS BUTTERFLY VALVE 150 CLASS,VALVE,42.30769230769231
99,CPSE-B,"3""CS GATE VAL 150#",3INCS GATE VAL 150#,CM0026,4 IN SS304 GATE VALVE 150 CLASS,VALVE,64.0
99,CPSE-B,"3""CS GATE VAL 150#",3INCS GATE VAL 150#,CM0027,6 IN SS316 BALL VALVE 300 CLASS,VALVE,36.0
99,CPSE-B,"3""CS GATE VAL 150#",3INCS GATE VAL 150#,CM0028,8 IN CS GATE VALVE 300 CLASS,VALVE,55.319148936170215
99,CPSE-B,"3""CS GATE VAL 150#",3INCS GATE VAL 150#,CM0029,10 IN CS BUTTERFLY VALVE 150 CLASS,VALVE,41.509433962264154
99,CPSE-B,"3""CS GATE VAL 150#",3INCS GATE VAL 150#,CM0030,2 IN CS GLOBE VALVE 150 CLASS,VALVE,54.166666666666664
100,CPSE-A,3 PHASE INDUCTION MTR 30KW 415V 50HZ,3 PHASE INDUCTION MOTOR 30KW 415V 50HZ,CM0071,3 PHASE INDUCTION MOTOR 5.5KW 415V 50HZ,MOTOR,93.50649350649351
100,CPSE-A,3 PHASE INDUCTION MTR 30KW 415V 50HZ,3 PHASE INDUCTION MOTOR 30KW 415V 50HZ,CM0072,3 PHASE INDUCTION MOTOR 7.5KW 415V 50HZ,MOTOR,93.50649350649351
100,CPSE-A,3 PHASE INDUCTION MTR 30KW 415V 50HZ,3 PHASE INDUCTION MOTOR 30KW 415V 50HZ,CM0073,3 PHASE INDUCTION MOTOR 11KW 415V 50HZ,MOTOR,94.73684210526315
100,CPSE-A,3 PHASE INDUCTION MTR 30KW 415V 50HZ,3 PHASE INDUCTION MOTOR 30KW 415V 50HZ,CM0074,3 PHASE INDUCTION MOTOR 15KW 415V 50HZ,MOTOR,94.73684210526315
100,CPSE-A,3 PHASE INDUCTION MTR 30KW 415V 50HZ,3 PHASE INDUCTION MOTOR 30KW 415V 50HZ,CM0075,3 PHASE INDUCTION MOTOR 18.5KW 415V 50HZ,MOTOR,92.95774647887323
100,CPSE-A,3 PHASE INDUCTION MTR 30KW 415V 50HZ,3 PHASE INDUCTION MOTOR 30KW 415V 50HZ,CM0076,3 PHASE INDUCTION MOTOR 22KW 415V 50HZ,MOTOR,94.73684210526315
100,CPSE-A,3 PHASE INDUCTION MTR 30KW 415V 50HZ,3 PHASE INDUCTION MOTOR 30KW 415V 50HZ,CM0077,3 PHASE INDUCTION MOTOR 30KW 415V 50HZ,MOTOR,100.0
100,CPSE-A,3 PHASE INDUCTION MTR 30KW 415V 50HZ,3 PHASE INDUCTION MOTOR 30KW 415V 50HZ,CM0078,3 PHASE INDUCTION MOTOR 37KW 415V 50HZ,MOTOR,97.36842105263158
100,CPSE-A,3 PHASE INDUCTION MTR 30KW 415V 50HZ,3 PHASE INDUCTION MOTOR 30KW 415V 50HZ,CM0079,3 PHASE INDUCTION MOTOR 45KW 415V 50HZ,MOTOR,94.73684210526315
100,CPSE-A,3 PHASE INDUCTION MTR 30KW 415V 50HZ,3 PHASE INDUCTION MOTOR 30KW 415V 50HZ,CM0080,3 PHASE INDUCTION MOTOR 55KW 415V 50HZ,MOTOR,94.73684210526315
101,CPSE-A,4 IN SS316 BALL VLV 150 CLASS,4IN SS316 BALL VALVE 150 CLASS,CM0021,2 IN SS304 GATE VALVE 150 CLASS,VALVE,72.1311475409836
101,CPSE-A,4 IN SS316 BALL VLV 150 CLASS,4IN SS316 BALL VALVE 150 CLASS,CM0022,2 IN SS304 GATE VALVE 300 CLASS,VALVE,65.57377049180329
101,CPSE-A,4 IN SS316 BALL VLV 150 CLASS,4IN SS316 BALL VALVE 150 CLASS,CM0023,3 IN CS GATE VALVE 150 CLASS,VALVE,69.76744186046511
101,CPSE-A,4 IN SS316 BALL VLV 150 CLASS,4IN SS316 BALL VALVE 150 CLASS,CM0024,4 IN SS316 BALL VALVE 150 CLASS,VALVE,98.36065573770492
101,CPSE-A,4 IN SS316 BALL VLV 150 CLASS,4IN SS316 BALL VALVE 150 CLASS,CM0025,6 IN CS BUTTERFLY VALVE 150 CLASS,VALVE,66.66666666666666
101,CPSE-A,4 IN SS316 BALL VLV 150 CLASS,4IN SS316 BALL VALVE 150 CLASS,CM0026,4 IN SS304 GATE VALVE 150 CLASS,VALVE,75.40983606557377
101,CPSE-A,4 IN SS316 BALL VLV 150 CLASS,4IN SS316 BALL VALVE 150 CLASS,CM0027,6 IN SS316 BALL VALVE 300 CLASS,VALVE,88.52459016393442
101,CPSE-A,4 IN SS316 BALL VLV 150 CLASS,4IN SS316 BALL VALVE 150 CLASS,CM0028,8 IN CS GATE VALVE 300 CLASS,VALVE,58.62068965517241
101,CPSE-A,4 IN SS316 BALL VLV 150 CLASS,4IN SS316 BALL VALVE 150 CLASS,CM0029,10 IN CS BUTTERFLY VALVE 150 CLASS,VALVE,66.66666666666666
101,CPSE-A,4 IN SS316 BALL VLV 150 CLASS,4IN SS316 BALL VALVE 150 CLASS,CM0030,2 IN CS GLOBE VALVE 150 CLASS,VALVE,68.18181818181819
102,CPSE-B,DEEP GROOVE BALL BEARING 6205,DEEP GROOVE BALL BEARING 6205,CM0011,DEEP GROOVE BALL BEARING 6205,BEARING,100.0
102,CPSE-B,DEEP GROOVE BALL BEARING 6205,DEEP GROOVE BALL BEARING 6205,CM0012,DEEP GROOVE BALL BEARING 6206,BEARING,96.55172413793103
102,CPSE-B,DEEP GROOVE BALL BEARING 6205,DEEP GROOVE BALL BEARING 6205,CM0013,DEEP GROOVE BALL BEARING 6207,BEARING,96.55172413793103
102,CPSE-B,DEEP GROOVE BALL BEARING 6205,DEEP GROOVE BALL BEARING 6205,CM0014,DEEP GROOVE BALL BEARING 6305,BEARING,96.55172413793103
102,CPSE-B,DEEP GROOVE BALL BEARING 6205,DEEP GROOVE BALL BEARING 6205,CM0015,DEEP GROOVE BALL BEARING 6306,BEARING,93.10344827586206
102,CPSE-B,DEEP GROOVE BALL BEARING 6205,DEEP GROOVE BALL BEARING 6205,CM0016,DEEP GROOVE BALL BEARING 6307,BEARING,93.10344827586206
102,CPSE-B,DEEP GROOVE BALL BEARING 6205,DEEP GROOVE BALL BEARING 6205,CM0017,TAPERED ROLLER BEARING 30205,BEARING,63.1578947368421
102,CPSE-B,DEEP GROOVE BALL BEARING 6205,DEEP GROOVE BALL BEARING 6205,CM0018,TAPERED ROLLER BEARING 30206,BEARING,59.64912280701754
102,CPSE-B,DEEP GROOVE BALL BEARING 6205,DEEP GROOVE BALL BEARING 6205,CM0019,TAPERED ROLLER BEARING 30305,BEARING,59.64912280701754
102,CPSE-B,DEEP GROOVE BALL BEARING 6205,DEEP GROOVE BALL BEARING 6205,CM0020,SPHERICAL ROLLER BEARING 22205,BEARING,57.6271186440678
103,CPSE-A,1C X 4 SQMM PVC CABL 1.1KV,1C X 4 SQMM PVC CABL 1.1KV,CM0061,1C X 2.5 SQMM PVC CABLE 1.1KV,ELECTRICAL_CABLE,90.9090909090909
103,CPSE-A,1C X 4 SQMM PVC CABL 1.1KV,1C X 4 SQMM PVC CABL 1.1KV,CM0062,1C X 4 SQMM PVC CABLE 1.1KV,ELECTRICAL_CABLE,98.11320754716981
103,CPSE-A,1C X 4 SQMM PVC CABL 1.1KV,1C X 4 SQMM PVC CABL 1.1KV,CM0063,3C X 2.5 SQMM PVC CABLE 1.1KV,ELECTRICAL_CABLE,83.63636363636364
103,CPSE-A,1C X 4 SQMM PVC CABL 1.1KV,1C X 4 SQMM PVC CABL 1.1KV,CM0064,3C X 4 SQMM PVC CABLE 1.1KV,ELECTRICAL_CABLE,94.33962264150944
103,CPSE-A,1C X 4 SQMM PVC CABL 1.1KV,1C X 4 SQMM PVC CABL 1.1KV,CM0065,3C X 6 SQMM PVC CABLE 1.1KV,ELECTRICAL_CABLE,90.56603773584905
103,CPSE-A,1C X 4 SQMM PVC CABL 1.1KV,1C X 4 SQMM PVC CABL 1.1KV,CM0066,4C X 10 SQMM PVC CABLE 1.1KV,ELECTRICAL_CABLE,92.5925925925926
103,CPSE-A,1C X 4 SQMM PVC CABL 1.1KV,1C X 4 SQMM PVC CABL 1.1KV,CM0067,4C X 16 SQMM PVC CABLE 1.1KV,ELECTRICAL_CABLE,92.5925925925926
103,CPSE-A,1C X 4 SQMM PVC CABL 1.1KV,1C X 4 SQMM PVC CABL 1.1KV,CM0068,4C X 25 SQMM PVC CABLE 1.1KV,ELECTRICAL_CABLE,88.88888888888889
103,CPSE-A,1C X 4 SQMM PVC CABL 1.1KV,1C X 4 SQMM PVC CABL 1.1KV,CM0069,3C X 35 SQMM PVC CABLE 1.1KV,ELECTRICAL_CABLE,85.18518518518519
103,CPSE-A,1C X 4 SQMM PVC CABL 1.1KV,1C X 4 SQMM PVC CABL 1.1KV,CM0070,4C X 50 SQMM PVC CABLE 1.1KV,ELECTRICAL_CABLE,88.88888888888889
104,CPSE-B,CENTRIF PUMP 250 M3/H 70M HEAD 55KW,CENTRIF PUMP 250 M3 H 70M HEAD 55KW,CM0081,CENTRIFUGAL PUMP 20 M3/H 30M HEAD 5.5KW,PUMP,75.67567567567568
104,CPSE-B,CENTRIF PUMP 250 M3/H 70M HEAD 55KW,CENTRIF PUMP 250 M3 H 70M HEAD 55KW,CM0082,CENTRIFUGAL PUMP 30 M3/H 40M HEAD 7.5KW,PUMP,70.27027027027027
104,CPSE-B,CENTRIF PUMP 250 M3/H 70M HEAD 55KW,CENTRIF PUMP 250 M3 H 70M HEAD 55KW,CM0083,CENTRIFUGAL PUMP 50 M3/H 50M HEAD 11KW,PUMP,73.97260273972603
104,CPSE-B,CENTRIF PUMP 250 M3/H 70M HEAD 55KW,CENTRIF PUMP 250 M3 H 70M HEAD 55KW,CM0084,CENTRIFUGAL PUMP 75 M3/H 40M HEAD 15KW,PUMP,73.97260273972603
104,CPSE-B,CENTRIF PUMP 250 M3/H 70M HEAD 55KW,CENTRIF PUMP 250 M3 H 70M HEAD 55KW,CM0085,CENTRIFUGAL PUMP 100 M3/H 50M HEAD 22KW,PUMP,75.67567567567568
104,CPSE-B,CENTRIF PUMP 250 M3/H 70M HEAD 55KW,CENTRIF PUMP 250 M3 H 70M HEAD 55KW,CM0086,CENTRIFUGAL PUMP 120 M3/H 60M HEAD 30KW,PUMP,78.37837837837839
104,CPSE-B,CENTRIF PUMP 250 M3/H 70M HEAD 55KW,CENTRIF PUMP 250 M3 H 70M HEAD 55KW,CM0087,CENTRIFUGAL PUMP 150 M3/H 50M HEAD 37KW,PUMP,78.37837837837839
104,CPSE-B,CENTRIF PUMP 250 M3/H 70M HEAD 55KW,CENTRIF PUMP 250 M3 H 70M HEAD 55KW,CM0088,CENTRIFUGAL PUMP 200 M3/H 60M HEAD 45KW,PUMP,81.08108108108108
104,CPSE-B,CENTRIF PUMP 250 M3/H 70M HEAD 55KW,CENTRIF PUMP 250 M3 H 70M HEAD 55KW,CM0089,CENTRIFUGAL PUMP 250 M3/H 70M HEAD 55KW,PUMP,89.1891891891892
104,CPSE-B,CENTRIF PUMP 250 M3/H 70M HEAD 55KW,CENTRIF PUMP 250 M3 H 70M HEAD 55KW,CM0090,CENTRIFUGAL PUMP 300 M3/H 80M HEAD 75KW,PUMP,78.37837837837839
105,CPSE-A,3 PHASE INDUCTION MTR 22KW 415V 50HZ,3 PHASE INDUCTION MOTOR 22KW 415V 50HZ,CM0071,3 PHASE INDUCTION MOTOR 5.5KW 415V 50HZ,MOTOR,93.50649350649351
105,CPSE-A,3 PHASE INDUCTION MTR 22KW 415V 50HZ,3 PHASE INDUCTION MOTOR 22KW 415V 50HZ,CM0072,3 PHASE INDUCTION MOTOR 7.5KW 415V 50HZ,MOTOR,93.50649350649351
105,CPSE-A,3 PHASE INDUCTION MTR 22KW 415V 50HZ,3 PHASE INDUCTION MOTOR 22KW 415V 50HZ,CM0073,3 PHASE INDUCTION MOTOR 11KW 415V 50HZ,MOTOR,94.73684210526315
105,CPSE-A,3 PHASE INDUCTION MTR 22KW 415V 50HZ,3 PHASE INDUCTION MOTOR 22KW 415V 50HZ,CM0074,3 PHASE INDUCTION MOTOR 15KW 415V 50HZ,MOTOR,94.73684210526315
105,CPSE-A,3 PHASE INDUCTION MTR 22KW 415V 50HZ,3 PHASE INDUCTION MOTOR 22KW 415V 50HZ,CM0075,3 PHASE INDUCTION MOTOR 18.5KW 415V 50HZ,MOTOR,92.95774647887323
105,CPSE-A,3 PHASE INDUCTION MTR 22KW 415V 50HZ,3 PHASE INDUCTION MOTOR 22KW 415V 50HZ,CM0076,3 PHASE INDUCTION MOTOR 22KW 415V 50HZ,MOTOR,100.0
105,CPSE-A,3 PHASE INDUCTION MTR 22KW 415V 50HZ,3 PHASE INDUCTION MOTOR 22KW 415V 50HZ,CM0077,3 PHASE INDUCTION MOTOR 30KW 415V 50HZ,MOTOR,94.73684210526315
105,CPSE-A,3 PHASE INDUCTION MTR 22KW 415V 50HZ,3 PHASE INDUCTION MOTOR 22KW 415V 50HZ,CM0078,3 PHASE INDUCTION MOTOR 37KW 415V 50HZ,MOTOR,94.73684210526315
105,CPSE-A,3 PHASE INDUCTION MTR 22KW 415V 50HZ,3 PHASE INDUCTION MOTOR 22KW 415V 50HZ,CM0079,3 PHASE INDUCTION MOTOR 45KW 415V 50HZ,MOTOR,94.73684210526315
105,CPSE-A,3 PHASE INDUCTION MTR 22KW 415V 50HZ,3 PHASE INDUCTION MOTOR 22KW 415V 50HZ,CM0080,3 PHASE INDUCTION MOTOR 55KW 415V 50HZ,MOTOR,94.73684210526315
106,CPSE-C,10 IN SS304 SO FLG 150 CLASS,10IN SS304 SO FLANGE 150 CLASS,CM0041,2 IN CS WELD NECK FLANGE 150 CLASS,FLANGE,69.56521739130434
106,CPSE-C,10 IN SS304 SO FLG 150 CLASS,10IN SS304 SO FLANGE 150 CLASS,CM0042,2 IN SS304 WELD NECK FLANGE 150 CLASS,FLANGE,84.61538461538461
106,CPSE-C,10 IN SS304 SO FLG 150 CLASS,10IN SS304 SO FLANGE 150 CLASS,CM0043,3 IN CS SLIP ON FLANGE 150 CLASS,FLANGE,74.19354838709677
106,CPSE-C,10 IN SS304 SO FLG 150 CLASS,10IN SS304 SO FLANGE 150 CLASS,CM0044,4 IN SS316 WELD NECK FLANGE 300 CLASS,FLANGE,62.6865671641791
106,CPSE-C,10 IN SS304 SO FLG 150 CLASS,10IN SS304 SO FLANGE 150 CLASS,CM0045,6 IN CS SLIP ON FLANGE 150 CLASS,FLANGE,74.19354838709677
106,CPSE-C,10 IN SS304 SO FLG 150 CLASS,10IN SS304 SO FLANGE 150 CLASS,CM0046,8 IN CS WELD NECK FLANGE 300 CLASS,FLANGE,57.142857142857146
106,CPSE-C,10 IN SS304 SO FLG 150 CLASS,10IN SS304 SO FLANGE 150 CLASS,CM0047,10 IN SS304 SLIP ON FLANGE 150 CLASS,FLANGE,87.87878787878788
106,CPSE-C,10 IN SS304 SO FLG 150 CLASS,10IN SS304 SO FLANGE 150 CLASS,CM0048,12 IN CS WELD NECK FLANGE 150 CLASS,FLANGE,69.56521739130434
106,CPSE-C,10 IN SS304 SO FLG 150 CLASS,10IN SS304 SO FLANGE 150 CLASS,CM0049,4 IN SS304 SLIP ON FLANGE 300 CLASS,FLANGE,76.92307692307692
106,CPSE-C,10 IN SS304 SO FLG 150 CLASS,10IN SS304 SO FLANGE 150 CLASS,CM0050,6 IN SS316 WELD NECK FLANGE 150 CLASS,FLANGE,71.64179104477611
107,CPSE-A,M12 X 80 SS316 HEX BOLT,M12X80 SS316 HEX BOLT,CM0001,M10 X 50 SS304 HEX BOLT,FASTENER,72.72727272727272
107,CPSE-A,M12 X 80 SS316 HEX BOLT,M12X80 SS316 HEX BOLT,CM0002,M12 X 50 SS304 HEX BOLT,FASTENER,72.72727272727272
107,CPSE-A,M12 X 80 SS316 HEX BOLT,M12X80 SS316 HEX BOLT,CM0003,M10 X 75 SS316 HEX BOLT,FASTENER,81.81818181818181
107,CPSE-A,M12 X 80 SS316 HEX BOLT,M12X80 SS316 HEX BOLT,CM0004,M16 X 60 CARBON STEEL HEX BOLT,FASTENER,55.172413793103445
107,CPSE-A,M12 X 80 SS316 HEX BOLT,M12X80 SS316 HEX BOLT,CM0005,M20 X 80 GALVANIZED STEEL HEX BOLT,FASTENER,55.172413793103445
107,CPSE-A,M12 X 80 SS316 HEX BOLT,M12X80 SS316 HEX BOLT,CM0006,M8 X 40 CARBON STEEL HEX BOLT,FASTENER,55.172413793103445
107,CPSE-A,M12 X 80 SS316 HEX BOLT,M12X80 SS316 HEX BOLT,CM0007,M12 X 80 SS316 HEX BOLT,FASTENER,86.36363636363636
107,CPSE-A,M12 X 80 SS316 HEX BOLT,M12X80 SS316 HEX BOLT,CM0008,M16 X 75 SS304 HEX BOLT,FASTENER,68.18181818181819
107,CPSE-A,M12 X 80 SS316 HEX BOLT,M12X80 SS316 HEX BOLT,CM0009,M20 X 100 CARBON STEEL HEX BOLT,FASTENER,55.172413793103445
107,CPSE-A,M12 X 80 SS316 HEX BOLT,M12X80 SS316 HEX BOLT,CM0010,M10 X 30 SS304 HEX BOLT,FASTENER,72.72727272727272
108,CPSE-B,1CX2.5 SQMM PVC CABLE 1.1KV,1CX2.5 SQMM PVC CABLE 1.1KV,CM0061,1C X 2.5 SQMM PVC CABLE 1.1KV,ELECTRICAL_CABLE,92.85714285714286
108,CPSE-B,1CX2.5 SQMM PVC CABLE 1.1KV,1CX2.5 SQMM PVC CABLE 1.1KV,CM0062,1C X 4 SQMM PVC CABLE 1.1KV,ELECTRICAL_CABLE,88.88888888888889
108,CPSE-B,1CX2.5 SQMM PVC CABLE 1.1KV,1CX2.5 SQMM PVC CABLE 1.1KV,CM0063,3C X 2.5 SQMM PVC CABLE 1.1KV,ELECTRICAL_CABLE,85.71428571428571
108,CPSE-B,1CX2.5 SQMM PVC CABLE 1.1KV,1CX2.5 SQMM PVC CABLE 1.1KV,CM0064,3C X 4 SQMM PVC CABLE 1.1KV,ELECTRICAL_CABLE,85.18518518518519
108,CPSE-B,1CX2.5 SQMM PVC CABLE 1.1KV,1CX2.5 SQMM PVC CABLE 1.1KV,CM0065,3C X 6 SQMM PVC CABLE 1.1KV,ELECTRICAL_CABLE,85.18518518518519
108,CPSE-B,1CX2.5 SQMM PVC CABLE 1.1KV,1CX2.5 SQMM PVC CABLE 1.1KV,CM0066,4C X 10 SQMM PVC CABLE 1.1KV,ELECTRICAL_CABLE,87.27272727272728
108,CPSE-B,1CX2.5 SQMM PVC CABLE 1.1KV,1CX2.5 SQMM PVC CABLE 1.1KV,CM0067,4C X 16 SQMM PVC CABLE 1.1KV,ELECTRICAL_CABLE,87.27272727272728
108,CPSE-B,1CX2.5 SQMM PVC CABLE 1.1KV,1CX2.5 SQMM PVC CABLE 1.1KV,CM0068,4C X 25 SQMM PVC CABLE 1.1KV,ELECTRICAL_CABLE,85.1063829787234
108,CPSE-B,1CX2.5 SQMM PVC CABLE 1.1KV,1CX2.5 SQMM PVC CABLE 1.1KV,CM0069,3C X 35 SQMM PVC CABLE 1.1KV,ELECTRICAL_CABLE,85.1063829787234
108,CPSE-B,1CX2.5 SQMM PVC CABLE 1.1KV,1CX2.5 SQMM PVC CABLE 1.1KV,CM0070,4C X 50 SQMM PVC CABLE 1.1KV,ELECTRICAL_CABLE,85.1063829787234
109,CPSE-A,4 IN SS304 SEAMLESS PIP SCH40,4IN SS304 SEAMLESS PIP SCH40,CM0031,2 IN CS SEAMLESS PIPE SCH40,PIPE,76.36363636363636
109,CPSE-A,4 IN SS304 SEAMLESS PIP SCH40,4IN SS304 SEAMLESS PIP SCH40,CM0032,3 IN CS SEAMLESS PIPE SCH40,PIPE,76.36363636363636
109,CPSE-A,4 IN SS304 SEAMLESS PIP SCH40,4IN SS304 SEAMLESS PIP SCH40,CM0033,4 IN SS304 SEAMLESS PIPE SCH40,PIPE,96.55172413793103
109,CPSE-A,4 IN SS304 SEAMLESS PIP SCH40,4IN SS304 SEAMLESS PIP SCH40,CM0034,6 IN CS SEAMLESS PIPE SCH80,PIPE,72.72727272727272
109,CPSE-A,4 IN SS304 SEAMLESS PIP SCH40,4IN SS304 SEAMLESS PIP SCH40,CM0035,8 IN SS316 SEAMLESS PIPE SCH40,PIPE,86.20689655172414
109,CPSE-A,4 IN SS304 SEAMLESS PIP SCH40,4IN SS304 SEAMLESS PIP SCH40,CM0036,2 IN SS304 SEAMLESS PIPE SCH10,PIPE,89.65517241379311
109,CPSE-A,4 IN SS304 SEAMLESS PIP SCH40,4IN SS304 SEAMLESS PIP SCH40,CM0037,3 IN SS316 SEAMLESS PIPE SCH40,PIPE,86.20689655172414
109,CPSE-A,4 IN SS304 SEAMLESS PIP SCH40,4IN SS304 SEAMLESS PIP SCH40,CM0038,4 IN CS SEAMLESS PIPE SCH80,PIPE,76.36363636363636
109,CPSE-A,4 IN SS304 SEAMLESS PIP SCH40,4IN SS304 SEAMLESS PIP SCH40,CM0039,6 IN SS304 SEAMLESS PIPE SCH40,PIPE,93.10344827586206
109,CPSE-A,4 IN SS304 SEAMLESS PIP SCH40,4IN SS304 SEAMLESS PIP SCH40,CM0040,8 IN CS SEAMLESS PIPE SCH80,PIPE,72.72727272727272
110,CPSE-A,6 IN CS SLIP ON FLG 150 CLASS,6IN CARBON STEEL SLIP ON FLANGE 150 CLASS,CM0041,2 IN CS WELD NECK FLANGE 150 CLASS,FLANGE,66.66666666666666
110,CPSE-A,6 IN CS SLIP ON FLG 150 CLASS,6IN CARBON STEEL SLIP ON FLANGE 150 CLASS,CM0042,2 IN SS304 WELD NECK FLANGE 150 CLASS,FLANGE,66.66666666666666
110,CPSE-A,6 IN CS SLIP ON FLG 150 CLASS,6IN CARBON STEEL SLIP ON FLANGE 150 CLASS,CM0043,3 IN CS SLIP ON FLANGE 150 CLASS,FLANGE,85.71428571428571
110,CPSE-A,6 IN CS SLIP ON FLG 150 CLASS,6IN CARBON STEEL SLIP ON FLANGE 150 CLASS,CM0044,4 IN SS316 WELD NECK FLANGE 300 CLASS,FLANGE,61.53846153846154
110,CPSE-A,6 IN CS SLIP ON FLG 150 CLASS,6IN CARBON STEEL SLIP ON FLANGE 150 CLASS,CM0045,6 IN CS SLIP ON FLANGE 150 CLASS,FLANGE,85.71428571428571
110,CPSE-A,6 IN CS SLIP ON FLG 150 CLASS,6IN CARBON STEEL SLIP ON FLANGE 150 CLASS,CM0046,8 IN CS WELD NECK FLANGE 300 CLASS,FLANGE,61.333333333333336
110,CPSE-A,6 IN CS SLIP ON FLG 150 CLASS,6IN CARBON STEEL SLIP ON FLANGE 150 CLASS,CM0047,10 IN SS304 SLIP ON FLANGE 150 CLASS,FLANGE,80.0
110,CPSE-A,6 IN CS SLIP ON FLG 150 CLASS,6IN CARBON STEEL SLIP ON FLANGE 150 CLASS,CM0048,12 IN CS WELD NECK FLANGE 150 CLASS,FLANGE,65.78947368421052
110,CPSE-A,6 IN CS SLIP ON FLG 150 CLASS,6IN CARBON STEEL SLIP ON FLANGE 150 CLASS,CM0049,4 IN SS304 SLIP ON FLANGE 300 CLASS,FLANGE,72.72727272727272
110,CPSE-A,6 IN CS SLIP ON FLG 150 CLASS,6IN CARBON STEEL SLIP ON FLANGE 150 CLASS,CM0050,6 IN SS316 WELD NECK FLANGE 150 CLASS,FLANGE,69.23076923076923
111,CPSE-B,CENTRIF PUMP 200 M3/H 60M HEAD 45KW,CENTRIF PUMP 200 M3 H 60M HEAD 45KW,CM0081,CENTRIFUGAL PUMP 20 M3/H 30M HEAD 5.5KW,PUMP,75.67567567567568
111,CPSE-B,CENTRIF PUMP 200 M3/H 60M HEAD 45KW,CENTRIF PUMP 200 M3 H 60M HEAD 45KW,CM0082,CENTRIFUGAL PUMP 30 M3/H 40M HEAD 7.5KW,PUMP,72.97297297297297
111,CPSE-B,CENTRIF PUMP 200 M3/H 60M HEAD 45KW,CENTRIF PUMP 200 M3 H 60M HEAD 45KW,CM0083,CENTRIFUGAL PUMP 50 M3/H 50M HEAD 11KW,PUMP,71.23287671232876
111,CPSE-B,CENTRIF PUMP 200 M3/H 60M HEAD 45KW,CENTRIF PUMP 200 M3 H 60M HEAD 45KW,CM0084,CENTRIFUGAL PUMP 75 M3/H 40M HEAD 15KW,PUMP,73.97260273972603
111,CPSE-B,CENTRIF PUMP 200 M3/H 60M HEAD 45KW,CENTRIF PUMP 200 M3 H 60M HEAD 45KW,CM0085,CENTRIFUGAL PUMP 100 M3/H 50M HEAD 22KW,PUMP,78.37837837837839
111,CPSE-B,CENTRIF PUMP 200 M3/H 60M HEAD 45KW,CENTRIF PUMP 200 M3 H 60M HEAD 45KW,CM0086,CENTRIFUGAL PUMP 120 M3/H 60M HEAD 30KW,PUMP,81.08108108108108
111,CPSE-B,CENTRIF PUMP 200 M3/H 60M HEAD 45KW,CENTRIF PUMP 200 M3 H 60M HEAD 45KW,CM0087,CENTRIFUGAL PUMP 150 M3/H 50M HEAD 37KW,PUMP,75.67567567567568
111,CPSE-B,CENTRIF PUMP 200 M3/H 60M HEAD 45KW,CENTRIF PUMP 200 M3 H 60M HEAD 45KW,CM0088,CENTRIFUGAL PUMP 200 M3/H 60M HEAD 45KW,PUMP,89.1891891891892
111,CPSE-B,CENTRIF PUMP 200 M3/H 60M HEAD 45KW,CENTRIF PUMP 200 M3 H 60M HEAD 45KW,CM0089,CENTRIFUGAL PUMP 250 M3/H 70M HEAD 55KW,PUMP,81.08108108108108
111,CPSE-B,CENTRIF PUMP 200 M3/H 60M HEAD 45KW,CENTRIF PUMP 200 M3 H 60M HEAD 45KW,CM0090,CENTRIFUGAL PUMP 300 M3/H 80M HEAD 75KW,PUMP,81.08108108108108
112,CPSE-C,10 IN CS BFV 150 CLASS,10IN CARBON STEEL BFV 150 CLASS,CM0021,2 IN SS304 GATE VALVE 150 CLASS,VALVE,51.61290322580645
112,CPSE-C,10 IN CS BFV 150 CLASS,10IN CARBON STEEL BFV 150 CLASS,CM0022,2 IN SS304 GATE VALVE 300 CLASS,VALVE,48.38709677419355
112,CPSE-C,10 IN CS BFV 150 CLASS,10IN CARBON STEEL BFV 150 CLASS,CM0023,3 IN CS GATE VALVE 150 CLASS,VALVE,54.23728813559322
112,CPSE-C,10 IN CS BFV 150 CLASS,10IN CARBON STEEL BFV 150 CLASS,CM0024,4 IN SS316 BALL VALVE 150 CLASS,VALVE,54.83870967741935
112,CPSE-C,10 IN CS BFV 150 CLASS,10IN CARBON STEEL BFV 150 CLASS,CM0025,6 IN CS BUTTERFLY VALVE 150 CLASS,VALVE,56.25
112,CPSE-C,10 IN CS BFV 150 CLASS,10IN CARBON STEEL BFV 150 CLASS,CM0026,4 IN SS304 GATE VALVE 150 CLASS,VALVE,51.61290322580645
112,CPSE-C,10 IN CS BFV 150 CLASS,10IN CARBON STEEL BFV 150 CLASS,CM0027,6 IN SS316 BALL VALVE 300 CLASS,VALVE,48.38709677419355
112,CPSE-C,10 IN CS BFV 150 CLASS,10IN CARBON STEEL BFV 150 CLASS,CM0028,8 IN CS GATE VALVE 300 CLASS,VALVE,50.847457627118644
112,CPSE-C,10 IN CS BFV 150 CLASS,10IN CARBON STEEL BFV 150 CLASS,CM0029,10 IN CS BUTTERFLY VALVE 150 CLASS,VALVE,61.53846153846154
112,CPSE-C,10 IN CS BFV 150 CLASS,10IN CARBON STEEL BFV 150 CLASS,CM0030,2 IN CS GLOBE VALVE 150 CLASS,VALVE,53.333333333333336
113,CPSE-C,C/PMP 50 M3/H 50M HEAD 11KW,C PUMP 50 M3 H 50M HEAD 11KW,CM0081,CENTRIFUGAL PUMP 20 M3/H 30M HEAD 5.5KW,PUMP,56.71641791044776
113,CPSE-C,C/PMP 50 M3/H 50M HEAD 11KW,C PUMP 50 M3 H 50M HEAD 11KW,CM0082,CENTRIFUGAL PUMP 30 M3/H 40M HEAD 7.5KW,PUMP,56.71641791044776
113,CPSE-C,C/PMP 50 M3/H 50M HEAD 11KW,C PUMP 50 M3 H 50M HEAD 11KW,CM0083,CENTRIFUGAL PUMP 50 M3/H 50M HEAD 11KW,PUMP,85.71428571428571
113,CPSE-C,C/PMP 50 M3/H 50M HEAD 11KW,C PUMP 50 M3 H 50M HEAD 11KW,CM0084,CENTRIFUGAL PUMP 75 M3/H 40M HEAD 15KW,PUMP,66.66666666666666
113,CPSE-C,C/PMP 50 M3/H 50M HEAD 11KW,C PUMP 50 M3 H 50M HEAD 11KW,CM0085,CENTRIFUGAL PUMP 100 M3/H 50M HEAD 22KW,PUMP,65.67164179104478
113,CPSE-C,C/PMP 50 M3/H 50M HEAD 11KW,C PUMP 50 M3 H 50M HEAD 11KW,CM0086,CENTRIFUGAL PUMP 120 M3/H 60M HEAD 30KW,PUMP,62.6865671641791
113,CPSE-C,C/PMP 50 M3/H 50M HEAD 11KW,C PUMP 50 M3 H 50M HEAD 11KW,CM0087,CENTRIFUGAL PUMP 150 M3/H 50M HEAD 37KW,PUMP,65.67164179104478
113,CPSE-C,C/PMP 50 M3/H 50M HEAD 11KW,C PUMP 50 M3 H 50M HEAD 11KW,CM0088,CENTRIFUGAL PUMP 200 M3/H 60M HEAD 45KW,PUMP,59.701492537313435
113,CPSE-C,C/PMP 50 M3/H 50M HEAD 11KW,C PUMP 50 M3 H 50M HEAD 11KW,CM0089,CENTRIFUGAL PUMP 250 M3/H 70M HEAD 55KW,PUMP,62.6865671641791
113,CPSE-C,C/PMP 50 M3/H 50M HEAD 11KW,C PUMP 50 M3 H 50M HEAD 11KW,CM0090,CENTRIFUGAL PUMP 300 M3/H 80M HEAD 75KW,PUMP,59.701492537313435
114,CPSE-C,C/PMP 30 M3/H 40M HEAD 7.5KW,C PUMP 30 M3 H 40M HEAD 7.5KW,CM0081,CENTRIFUGAL PUMP 20 M3/H 30M HEAD 5.5KW,PUMP,70.58823529411765
114,CPSE-C,C/PMP 30 M3/H 40M HEAD 7.5KW,C PUMP 30 M3 H 40M HEAD 7.5KW,CM0082,CENTRIFUGAL PUMP 30 M3/H 40M HEAD 7.5KW,PUMP,86.27450980392157
114,CPSE-C,C/PMP 30 M3/H 40M HEAD 7.5KW,C PUMP 30 M3 H 40M HEAD 7.5KW,CM0083,CENTRIFUGAL PUMP 50 M3/H 50M HEAD 11KW,PUMP,56.71641791044776
114,CPSE-C,C/PMP 30 M3/H 40M HEAD 7.5KW,C PUMP 30 M3 H 40M HEAD 7.5KW,CM0084,CENTRIFUGAL PUMP 75 M3/H 40M HEAD 15KW,PUMP,65.67164179104478
114,CPSE-C,C/PMP 30 M3/H 40M HEAD 7.5KW,C PUMP 30 M3 H 40M HEAD 7.5KW,CM0085,CENTRIFUGAL PUMP 100 M3/H 50M HEAD 22KW,PUMP,58.8235294117647
114,CPSE-C,C/PMP 30 M3/H 40M HEAD 7.5KW,C PUMP 30 M3 H 40M HEAD 7.5KW,CM0086,CENTRIFUGAL PUMP 120 M3/H 60M HEAD 30KW,PUMP,58.8235294117647
114,CPSE-C,C/PMP 30 M3/H 40M HEAD 7.5KW,C PUMP 30 M3 H 40M HEAD 7.5KW,CM0087,CENTRIFUGAL PUMP 150 M3/H 50M HEAD 37KW,PUMP,58.8235294117647
114,CPSE-C,C/PMP 30 M3/H 40M HEAD 7.5KW,C PUMP 30 M3 H 40M HEAD 7.5KW,CM0088,CENTRIFUGAL PUMP 200 M3/H 60M HEAD 45KW,PUMP,61.76470588235294
114,CPSE-C,C/PMP 30 M3/H 40M HEAD 7.5KW,C PUMP 30 M3 H 40M HEAD 7.5KW,CM0089,CENTRIFUGAL PUMP 250 M3/H 70M HEAD 55KW,PUMP,58.8235294117647
114,CPSE-C,C/PMP 30 M3/H 40M HEAD 7.5KW,C PUMP 30 M3 H 40M HEAD 7.5KW,CM0090,CENTRIFUGAL PUMP 300 M3/H 80M HEAD 75KW,PUMP,67.64705882352942
115,CPSE-C,6 IN SS304 SEAMLESS PIPE SCH40,6IN SS304 SEAMLESS PIPE SCH40,CM0031,2 IN CS SEAMLESS PIPE SCH40,PIPE,82.6086956521739
115,CPSE-C,6 IN SS304 SEAMLESS PIPE SCH40,6IN SS304 SEAMLESS PIPE SCH40,CM0032,3 IN CS SEAMLESS PIPE SCH40,PIPE,82.6086956521739
115,CPSE-C,6 IN SS304 SEAMLESS PIPE SCH40,6IN SS304 SEAMLESS PIPE SCH40,CM0033,4 IN SS304 SEAMLESS PIPE SCH40,PIPE,94.91525423728814
115,CPSE-C,6 IN SS304 SEAMLESS PIPE SCH40,6IN SS304 SEAMLESS PIPE SCH40,CM0034,6 IN CS SEAMLESS PIPE SCH80,PIPE,78.57142857142857
115,CPSE-C,6 IN SS304 SEAMLESS PIPE SCH40,6IN SS304 SEAMLESS PIPE SCH40,CM0035,8 IN SS316 SEAMLESS PIPE SCH40,PIPE,88.13559322033899
115,CPSE-C,6 IN SS304 SEAMLESS PIPE SCH40,6IN SS304 SEAMLESS PIPE SCH40,CM0036,2 IN SS304 SEAMLESS PIPE SCH10,PIPE,91.52542372881356
115,CPSE-C,6 IN SS304 SEAMLESS PIPE SCH40,6IN SS304 SEAMLESS PIPE SCH40,CM0037,3 IN SS316 SEAMLESS PIPE SCH40,PIPE,88.13559322033899
115,CPSE-C,6 IN SS304 SEAMLESS PIPE SCH40,6IN SS304 SEAMLESS PIPE SCH40,CM0038,4 IN CS SEAMLESS PIPE SCH80,PIPE,75.0
115,CPSE-C,6 IN SS304 SEAMLESS PIPE SCH40,6IN SS304 SEAMLESS PIPE SCH40,CM0039,6 IN SS304 SEAMLESS PIPE SCH40,PIPE,98.30508474576271
115,CPSE-C,6 IN SS304 SEAMLESS PIPE SCH40,6IN SS304 SEAMLESS PIPE SCH40,CM0040,8 IN CS SEAMLESS PIPE SCH80,PIPE,75.0
116,CPSE-C,4 IN SS304 SO FLG 300 CLASS,4IN SS304 SO FLANGE 300 CLASS,CM0041,2 IN CS WELD NECK FLANGE 150 CLASS,FLANGE,60.317460317460316
116,CPSE-C,4 IN SS304 SO FLG 300 CLASS,4IN SS304 SO FLANGE 300 CLASS,CM0042,2 IN SS304 WELD NECK FLANGE 150 CLASS,FLANGE,76.59574468085106
116,CPSE-C,4 IN SS304 SO FLG 300 CLASS,4IN SS304 SO FLANGE 300 CLASS,CM0043,3 IN CS SLIP ON FLANGE 150 CLASS,FLANGE,68.85245901639344
116,CPSE-C,4 IN SS304 SO FLG 300 CLASS,4IN SS304 SO FLANGE 300 CLASS,CM0044,4 IN SS316 WELD NECK FLANGE 300 CLASS,FLANGE,75.75757575757575
116,CPSE-C,4 IN SS304 SO FLG 300 CLASS,4IN SS304 SO FLANGE 300 CLASS,CM0045,6 IN CS SLIP ON FLANGE 150 CLASS,FLANGE,68.85245901639344
116,CPSE-C,4 IN SS304 SO FLG 300 CLASS,4IN SS304 SO FLANGE 300 CLASS,CM0046,8 IN CS WELD NECK FLANGE 300 CLASS,FLANGE,71.11111111111111
116,CPSE-C,4 IN SS304 SO FLG 300 CLASS,4IN SS304 SO FLANGE 300 CLASS,CM0047,10 IN SS304 SLIP ON FLANGE 150 CLASS,FLANGE,80.0
116,CPSE-C,4 IN SS304 SO FLG 300 CLASS,4IN SS304 SO FLANGE 300 CLASS,CM0048,12 IN CS WELD NECK FLANGE 150 CLASS,FLANGE,59.375
116,CPSE-C,4 IN SS304 SO FLG 300 CLASS,4IN SS304 SO FLANGE 300 CLASS,CM0049,4 IN SS304 SLIP ON FLANGE 300 CLASS,FLANGE,87.5
116,CPSE-C,4 IN SS304 SO FLG 300 CLASS,4IN SS304 SO FLANGE 300 CLASS,CM0050,6 IN SS316 WELD NECK FLANGE 150 CLASS,FLANGE,66.66666666666666
117,CPSE-B,WELDING MACHINE 200A,WELDING MACHINE 200A,CM0091,ANGLE GRINDER 100MM 750W,INDUSTRIAL_TOOL,40.90909090909091
117,CPSE-B,WELDING MACHINE 200A,WELDING MACHINE 200A,CM0092,ANGLE GRINDER 115MM 900W,INDUSTRIAL_TOOL,40.90909090909091
117,CPSE-B,WELDING MACHINE 200A,WELDING MACHINE 200A,CM0093,ANGLE GRINDER 125MM 1100W,INDUSTRIAL_TOOL,44.44444444444444
117,CPSE-B,WELDING MACHINE 200A,WELDING MACHINE 200A,CM0094,ELECTRIC DRILL 10MM 650W,INDUSTRIAL_TOOL,36.36363636363637
117,CPSE-B,WELDING MACHINE 200A,WELDING MACHINE 200A,CM0095,ELECTRIC DRILL 13MM 800W,INDUSTRIAL_TOOL,36.36363636363637
117,CPSE-B,WELDING MACHINE 200A,WELDING MACHINE 200A,CM0096,IMPACT WRENCH 1/2 IN 500W,INDUSTRIAL_TOOL,57.77777777777778
117,CPSE-B,WELDING MACHINE 200A,WELDING MACHINE 200A,CM0097,CUTTING MACHINE 355MM 2000W,INDUSTRIAL_TOOL,63.829787234042556
117,CPSE-B,WELDING MACHINE 200A,WELDING MACHINE 200A,CM0098,WELDING MACHINE 200A,INDUSTRIAL_TOOL,100.0
117,CPSE-B,WELDING MACHINE 200A,WELDING MACHINE 200A,CM0099,TORQUE WRENCH 50-250NM,INDUSTRIAL_TOOL,38.095238095238095
117,CPSE-B,WELDING MACHINE 200A,WELDING MACHINE 200A,CM0100,BENCH GRINDER 200MM 550W,INDUSTRIAL_TOOL,40.90909090909091
118,CPSE-C,4CX10 SQMM PVC CABLE 1.1KV,4CX10 SQMM PVC CABLE 1.1KV,CM0061,1C X 2.5 SQMM PVC CABLE 1.1KV,ELECTRICAL_CABLE,86.95652173913044
118,CPSE-C,4CX10 SQMM PVC CABLE 1.1KV,4CX10 SQMM PVC CABLE 1.1KV,CM0062,1C X 4 SQMM PVC CABLE 1.1KV,ELECTRICAL_CABLE,86.95652173913044
118,CPSE-C,4CX10 SQMM PVC CABLE 1.1KV,4CX10 SQMM PVC CABLE 1.1KV,CM0063,3C X 2.5 SQMM PVC CABLE 1.1KV,ELECTRICAL_CABLE,86.95652173913044
118,CPSE-C,4CX10 SQMM PVC CABLE 1.1KV,4CX10 SQMM PVC CABLE 1.1KV,CM0064,3C X 4 SQMM PVC CABLE 1.1KV,ELECTRICAL_CABLE,86.95652173913044
118,CPSE-C,4CX10 SQMM PVC CABLE 1.1KV,4CX10 SQMM PVC CABLE 1.1KV,CM0065,3C X 6 SQMM PVC CABLE 1.1KV,ELECTRICAL_CABLE,86.95652173913044
118,CPSE-C,4CX10 SQMM PVC CABLE 1.1KV,4CX10 SQMM PVC CABLE 1.1KV,CM0066,4C X 10 SQMM PVC CABLE 1.1KV,ELECTRICAL_CABLE,88.88888888888889
118,CPSE-C,4CX10 SQMM PVC CABLE 1.1KV,4CX10 SQMM PVC CABLE 1.1KV,CM0067,4C X 16 SQMM PVC CABLE 1.1KV,ELECTRICAL_CABLE,88.88888888888889
118,CPSE-C,4CX10 SQMM PVC CABLE 1.1KV,4CX10 SQMM PVC CABLE 1.1KV,CM0068,4C X 25 SQMM PVC CABLE 1.1KV,ELECTRICAL_CABLE,88.88888888888889
118,CPSE-C,4CX10 SQMM PVC CABLE 1.1KV,4CX10 SQMM PVC CABLE 1.1KV,CM0069,3C X 35 SQMM PVC CABLE 1.1KV,ELECTRICAL_CABLE,86.95652173913044
118,CPSE-C,4CX10 SQMM PVC CABLE 1.1KV,4CX10 SQMM PVC CABLE 1.1KV,CM0070,4C X 50 SQMM PVC CABLE 1.1KV,ELECTRICAL_CABLE,88.88888888888889
119,CPSE-C,3CX35 SQMM PVC CABLE 1.1KV,3CX35 SQMM PVC CABLE 1.1KV,CM0061,1C X 2.5 SQMM PVC CABLE 1.1KV,ELECTRICAL_CABLE,86.95652173913044
119,CPSE-C,3CX35 SQMM PVC CABLE 1.1KV,3CX35 SQMM PVC CABLE 1.1KV,CM0062,1C X 4 SQMM PVC CABLE 1.1KV,ELECTRICAL_CABLE,86.95652173913044
119,CPSE-C,3CX35 SQMM PVC CABLE 1.1KV,3CX35 SQMM PVC CABLE 1.1KV,CM0063,3C X 2.5 SQMM PVC CABLE 1.1KV,ELECTRICAL_CABLE,87.27272727272728
119,CPSE-C,3CX35 SQMM PVC CABLE 1.1KV,3CX35 SQMM PVC CABLE 1.1KV,CM0064,3C X 4 SQMM PVC CABLE 1.1KV,ELECTRICAL_CABLE,90.56603773584905
119,CPSE-C,3CX35 SQMM PVC CABLE 1.1KV,3CX35 SQMM PVC CABLE 1.1KV,CM0065,3C X 6 SQMM PVC CABLE 1.1KV,ELECTRICAL_CABLE,90.56603773584905
119,CPSE-C,3CX35 SQMM PVC CABLE 1.1KV,3CX35 SQMM PVC CABLE 1.1KV,CM0066,4C X 10 SQMM PVC CABLE 1.1KV,ELECTRICAL_CABLE,86.95652173913044
119,CPSE-C,3CX35 SQMM PVC CABLE 1.1KV,3CX35 SQMM PVC CABLE 1.1KV,CM0067,4C X 16 SQMM PVC CABLE 1.1KV,ELECTRICAL_CABLE,86.95652173913044
119,CPSE-C,3CX35 SQMM PVC CABLE 1.1KV,3CX35 SQMM PVC CABLE 1.1KV,CM0068,4C X 25 SQMM PVC CABLE 1.1KV,ELECTRICAL_CABLE,86.95652173913044
119,CPSE-C,3CX35 SQMM PVC CABLE 1.1KV,3CX35 SQMM PVC CABLE 1.1KV,CM0069,3C X 35 SQMM PVC CABLE 1.1KV,ELECTRICAL_CABLE,88.88888888888889
119,CPSE-C,3CX35 SQMM PVC CABLE 1.1KV,3CX35 SQMM PVC CABLE 1.1KV,CM0070,4C X 50 SQMM PVC CABLE 1.1KV,ELECTRICAL_CABLE,86.95652173913044
120,CPSE-B,TAPERED ROLLER BEARING 30305,TAPERED ROLLER BEARING 30305,CM0011,DEEP GROOVE BALL BEARING 6205,BEARING,59.64912280701754
120,CPSE-B,TAPERED ROLLER BEARING 30305,TAPERED ROLLER BEARING 30305,CM0012,DEEP GROOVE BALL BEARING 6206,BEARING,56.14035087719298
120,CPSE-B,TAPERED ROLLER BEARING 30305,TAPERED ROLLER BEARING 30305,CM0013,DEEP GROOVE BALL BEARING 6207,BEARING,56.14035087719298
120,CPSE-B,TAPERED ROLLER BEARING 30305,TAPERED ROLLER BEARING 30305,CM0014,DEEP GROOVE BALL BEARING 6305,BEARING,63.1578947368421
120,CPSE-B,TAPERED ROLLER BEARING 30305,TAPERED ROLLER BEARING 30305,CM0015,DEEP GROOVE BALL BEARING 6306,BEARING,59.64912280701754
120,CPSE-B,TAPERED ROLLER BEARING 30305,TAPERED ROLLER BEARING 30305,CM0016,DEEP GROOVE BALL BEARING 6307,BEARING,59.64912280701754
120,CPSE-B,TAPERED ROLLER BEARING 30305,TAPERED ROLLER BEARING 30305,CM0017,TAPERED ROLLER BEARING 30205,BEARING,96.42857142857143
120,CPSE-B,TAPERED ROLLER BEARING 30305,TAPERED ROLLER BEARING 30305,CM0018,TAPERED ROLLER BEARING 30206,BEARING,92.85714285714286
120,CPSE-B,TAPERED ROLLER BEARING 30305,TAPERED ROLLER BEARING 30305,CM0019,TAPERED ROLLER BEARING 30305,BEARING,100.0
120,CPSE-B,TAPERED ROLLER BEARING 30305,TAPERED ROLLER BEARING 30305,CM0020,SPHERICAL ROLLER BEARING 22205,BEARING,72.41379310344828
121,CPSE-B,"6""PTFE FULL FACE GASK 300#",6INPTFE FULL FACE GASK 300#,CM0051,2 IN SPIRAL WOUND SS GRAPHITE GASKET 150 CLASS,GASKET,27.397260273972606
121,CPSE-B,"6""PTFE FULL FACE GASK 300#",6INPTFE FULL FACE GASK 300#,CM0052,3 IN SPIRAL WOUND SS GRAPHITE GASKET 150 CLASS,GASKET,27.397260273972606
121,CPSE-B,"6""PTFE FULL FACE GASK 300#",6INPTFE FULL FACE GASK 300#,CM0053,4 IN SPIRAL WOUND GRAPHITE GASKET 300 CLASS,GASKET,34.28571428571429
121,CPSE-B,"6""PTFE FULL FACE GASK 300#",6INPTFE FULL FACE GASK 300#,CM0054,6 IN SPIRAL WOUND GRAPHITE GASKET 150 CLASS,GASKET,31.42857142857143
121,CPSE-B,"6""PTFE FULL FACE GASK 300#",6INPTFE FULL FACE GASK 300#,CM0055,8 IN PTFE FULL FACE GASKET 150 CLASS,GASKET,57.142857142857146
121,CPSE-B,"6""PTFE FULL FACE GASK 300#",6INPTFE FULL FACE GASK 300#,CM0056,2 IN PTFE FULL FACE GASKET 150 CLASS,GASKET,57.142857142857146
121,CPSE-B,"6""PTFE FULL FACE GASK 300#",6INPTFE FULL FACE GASK 300#,CM0057,4 IN SS GRAPHITE GASKET 150 CLASS,GASKET,33.33333333333333
121,CPSE-B,"6""PTFE FULL FACE GASK 300#",6INPTFE FULL FACE GASK 300#,CM0058,6 IN PTFE FULL FACE GASKET 300 CLASS,GASKET,66.66666666666666
121,CPSE-B,"6""PTFE FULL FACE GASK 300#",6INPTFE FULL FACE GASK 300#,CM0059,10 IN GRAPHITE SPIRAL WOUND GASKET 150 CLASS,GASKET,28.16901408450704
121,CPSE-B,"6""PTFE FULL FACE GASK 300#",6INPTFE FULL FACE GASK 300#,CM0060,12 IN GRAPHITE SPIRAL WOUND GASKET 300 CLASS,GASKET,30.985915492957744
122,CPSE-B,1CX4 SQMM PVC CABLE 1.1KV,1CX4 SQMM PVC CABLE 1.1KV,CM0061,1C X 2.5 SQMM PVC CABLE 1.1KV,ELECTRICAL_CABLE,88.88888888888889
122,CPSE-B,1CX4 SQMM PVC CABLE 1.1KV,1CX4 SQMM PVC CABLE 1.1KV,CM0062,1C X 4 SQMM PVC CABLE 1.1KV,ELECTRICAL_CABLE,92.3076923076923
122,CPSE-B,1CX4 SQMM PVC CABLE 1.1KV,1CX4 SQMM PVC CABLE 1.1KV,CM0063,3C X 2.5 SQMM PVC CABLE 1.1KV,ELECTRICAL_CABLE,88.88888888888889
122,CPSE-B,1CX4 SQMM PVC CABLE 1.1KV,1CX4 SQMM PVC CABLE 1.1KV,CM0064,3C X 4 SQMM PVC CABLE 1.1KV,ELECTRICAL_CABLE,88.88888888888889
122,CPSE-B,1CX4 SQMM PVC CABLE 1.1KV,1CX4 SQMM PVC CABLE 1.1KV,CM0065,3C X 6 SQMM PVC CABLE 1.1KV,ELECTRICAL_CABLE,88.88888888888889
122,CPSE-B,1CX4 SQMM PVC CABLE 1.1KV,1CX4 SQMM PVC CABLE 1.1KV,CM0066,4C X 10 SQMM PVC CABLE 1.1KV,ELECTRICAL_CABLE,90.56603773584905
122,CPSE-B,1CX4 SQMM PVC CABLE 1.1KV,1CX4 SQMM PVC CABLE 1.1KV,CM0067,4C X 16 SQMM PVC CABLE 1.1KV,ELECTRICAL_CABLE,90.56603773584905
122,CPSE-B,1CX4 SQMM PVC CABLE 1.1KV,1CX4 SQMM PVC CABLE 1.1KV,CM0068,4C X 25 SQMM PVC CABLE 1.1KV,ELECTRICAL_CABLE,88.88888888888889
122,CPSE-B,1CX4 SQMM PVC CABLE 1.1KV,1CX4 SQMM PVC CABLE 1.1KV,CM0069,3C X 35 SQMM PVC CABLE 1.1KV,ELECTRICAL_CABLE,88.88888888888889
122,CPSE-B,1CX4 SQMM PVC CABLE 1.1KV,1CX4 SQMM PVC CABLE 1.1KV,CM0070,4C X 50 SQMM PVC CABLE 1.1KV,ELECTRICAL_CABLE,88.88888888888889
123,CPSE-C,2 IN PTFE FF GASKET 150 CLASS,2IN PTFE FF GASKET 150 CLASS,CM0051,2 IN SPIRAL WOUND SS GRAPHITE GASKET 150 CLASS,GASKET,72.72727272727272
123,CPSE-C,2 IN PTFE FF GASKET 150 CLASS,2IN PTFE FF GASKET 150 CLASS,CM0052,3 IN SPIRAL WOUND SS GRAPHITE GASKET 150 CLASS,GASKET,72.72727272727272
123,CPSE-C,2 IN PTFE FF GASKET 150 CLASS,2IN PTFE FF GASKET 150 CLASS,CM0053,4 IN SPIRAL WOUND GRAPHITE GASKET 300 CLASS,GASKET,60.0
123,CPSE-C,2 IN PTFE FF GASKET 150 CLASS,2IN PTFE FF GASKET 150 CLASS,CM0054,6 IN SPIRAL WOUND GRAPHITE GASKET 150 CLASS,GASKET,72.72727272727272
123,CPSE-C,2 IN PTFE FF GASKET 150 CLASS,2IN PTFE FF GASKET 150 CLASS,CM0055,8 IN PTFE FULL FACE GASKET 150 CLASS,GASKET,85.71428571428571
123,CPSE-C,2 IN PTFE FF GASKET 150 CLASS,2IN PTFE FF GASKET 150 CLASS,CM0056,2 IN PTFE FULL FACE GASKET 150 CLASS,GASKET,85.71428571428571
123,CPSE-C,2 IN PTFE FF GASKET 150 CLASS,2IN PTFE FF GASKET 150 CLASS,CM0057,4 IN SS GRAPHITE GASKET 150 CLASS,GASKET,72.72727272727272
123,CPSE-C,2 IN PTFE FF GASKET 150 CLASS,2IN PTFE FF GASKET 150 CLASS,CM0058,6 IN PTFE FULL FACE GASKET 300 CLASS,GASKET,75.55555555555556
123,CPSE-C,2 IN PTFE FF GASKET 150 CLASS,2IN PTFE FF GASKET 150 CLASS,CM0059,10 IN GRAPHITE SPIRAL WOUND GASKET 150 CLASS,GASKET,72.72727272727272
123,CPSE-C,2 IN PTFE FF GASKET 150 CLASS,2IN PTFE FF GASKET 150 CLASS,CM0060,12 IN GRAPHITE SPIRAL WOUND GASKET 300 CLASS,GASKET,60.0
124,CPSE-B,"10""SS304 SLIP ON FLG 150#",10INSS304 SLIP ON FLANGE 150#,CM0041,2 IN CS WELD NECK FLANGE 150 CLASS,FLANGE,50.79365079365079
124,CPSE-B,"10""SS304 SLIP ON FLG 150#",10INSS304 SLIP ON FLANGE 150#,CM0042,2 IN SS304 WELD NECK FLANGE 150 CLASS,FLANGE,54.54545454545455
124,CPSE-B,"10""SS304 SLIP ON FLG 150#",10INSS304 SLIP ON FLANGE 150#,CM0043,3 IN CS SLIP ON FLANGE 150 CLASS,FLANGE,65.57377049180329
124,CPSE-B,"10""SS304 SLIP ON FLG 150#",10INSS304 SLIP ON FLANGE 150#,CM0044,4 IN SS316 WELD NECK FLANGE 300 CLASS,FLANGE,48.484848484848484
124,CPSE-B,"10""SS304 SLIP ON FLG 150#",10INSS304 SLIP ON FLANGE 150#,CM0045,6 IN CS SLIP ON FLANGE 150 CLASS,FLANGE,65.57377049180329
124,CPSE-B,"10""SS304 SLIP ON FLG 150#",10INSS304 SLIP ON FLANGE 150#,CM0046,8 IN CS WELD NECK FLANGE 300 CLASS,FLANGE,47.61904761904762
124,CPSE-B,"10""SS304 SLIP ON FLG 150#",10INSS304 SLIP ON FLANGE 150#,CM0047,10 IN SS304 SLIP ON FLANGE 150 CLASS,FLANGE,73.84615384615384
124,CPSE-B,"10""SS304 SLIP ON FLG 150#",10INSS304 SLIP ON FLANGE 150#,CM0048,12 IN CS WELD NECK FLANGE 150 CLASS,FLANGE,50.0
124,CPSE-B,"10""SS304 SLIP ON FLG 150#",10INSS304 SLIP ON FLANGE 150#,CM0049,4 IN SS304 SLIP ON FLANGE 300 CLASS,FLANGE,71.875
124,CPSE-B,"10""SS304 SLIP ON FLG 150#",10INSS304 SLIP ON FLANGE 150#,CM0050,6 IN SS316 WELD NECK FLANGE 150 CLASS,FLANGE,51.515151515151516
125,CPSE-B,CENTRIF PUMP 100 M3/H 50M HEAD 22KW,CENTRIF PUMP 100 M3 H 50M HEAD 22KW,CM0081,CENTRIFUGAL PUMP 20 M3/H 30M HEAD 5.5KW,PUMP,70.27027027027027
125,CPSE-B,CENTRIF PUMP 100 M3/H 50M HEAD 22KW,CENTRIF PUMP 100 M3 H 50M HEAD 22KW,CM0082,CENTRIFUGAL PUMP 30 M3/H 40M HEAD 7.5KW,PUMP,70.27027027027027
125,CPSE-B,CENTRIF PUMP 100 M3/H 50M HEAD 22KW,CENTRIF PUMP 100 M3 H 50M HEAD 22KW,CM0083,CENTRIFUGAL PUMP 50 M3/H 50M HEAD 11KW,PUMP,76.7123287671233
125,CPSE-B,CENTRIF PUMP 100 M3/H 50M HEAD 22KW,CENTRIF PUMP 100 M3 H 50M HEAD 22KW,CM0084,CENTRIFUGAL PUMP 75 M3/H 40M HEAD 15KW,PUMP,73.97260273972603
125,CPSE-B,CENTRIF PUMP 100 M3/H 50M HEAD 22KW,CENTRIF PUMP 100 M3 H 50M HEAD 22KW,CM0085,CENTRIFUGAL PUMP 100 M3/H 50M HEAD 22KW,PUMP,89.1891891891892
125,CPSE-B,CENTRIF PUMP 100 M3/H 50M HEAD 22KW,CENTRIF PUMP 100 M3 H 50M HEAD 22KW,CM0086,CENTRIFUGAL PUMP 120 M3/H 60M HEAD 30KW,PUMP,78.37837837837839
125,CPSE-B,CENTRIF PUMP 100 M3/H 50M HEAD 22KW,CENTRIF PUMP 100 M3 H 50M HEAD 22KW,CM0087,CENTRIFUGAL PUMP 150 M3/H 50M HEAD 37KW,PUMP,81.08108108108108
125,CPSE-B,CENTRIF PUMP 100 M3/H 50M HEAD 22KW,CENTRIF PUMP 100 M3 H 50M HEAD 22KW,CM0088,CENTRIFUGAL PUMP 200 M3/H 60M HEAD 45KW,PUMP,78.37837837837839
125,CPSE-B,CENTRIF PUMP 100 M3/H 50M HEAD 22KW,CENTRIF PUMP 100 M3 H 50M HEAD 22KW,CM0089,CENTRIFUGAL PUMP 250 M3/H 70M HEAD 55KW,PUMP,75.67567567567568
125,CPSE-B,CENTRIF PUMP 100 M3/H 50M HEAD 22KW,CENTRIF PUMP 100 M3 H 50M HEAD 22KW,CM0090,CENTRIFUGAL PUMP 300 M3/H 80M HEAD 75KW,PUMP,78.37837837837839
126,CPSE-C,DGB BRG 6207,DGB BEARING 6207,CM0011,DEEP GROOVE BALL BEARING 6205,BEARING,62.22222222222222
126,CPSE-C,DGB BRG 6207,DGB BEARING 6207,CM0012,DEEP GROOVE BALL BEARING 6206,BEARING,62.22222222222222
126,CPSE-C,DGB BRG 6207,DGB BEARING 6207,CM0013,DEEP GROOVE BALL BEARING 6207,BEARING,85.71428571428571
126,CPSE-C,DGB BRG 6207,DGB BEARING 6207,CM0014,DEEP GROOVE BALL BEARING 6305,BEARING,60.869565217391305
126,CPSE-C,DGB BRG 6207,DGB BEARING 6207,CM0015,DEEP GROOVE BALL BEARING 6306,BEARING,60.869565217391305
126,CPSE-C,DGB BRG 6207,DGB BEARING 6207,CM0016,DEEP GROOVE BALL BEARING 6307,BEARING,62.22222222222222
126,CPSE-C,DGB BRG 6207,DGB BEARING 6207,CM0017,TAPERED ROLLER BEARING 30205,BEARING,60.869565217391305
126,CPSE-C,DGB BRG 6207,DGB BEARING 6207,CM0018,TAPERED ROLLER BEARING 30206,BEARING,60.869565217391305
126,CPSE-C,DGB BRG 6207,DGB BEARING 6207,CM0019,TAPERED ROLLER BEARING 30305,BEARING,60.869565217391305
126,CPSE-C,DGB BRG 6207,DGB BEARING 6207,CM0020,SPHERICAL ROLLER BEARING 22205,BEARING,60.869565217391305
127,CPSE-C,2 IN SS304 WN FLG 150 CLASS,2IN SS304 WN FLANGE 150 CLASS,CM0041,2 IN CS WELD NECK FLANGE 150 CLASS,FLANGE,73.01587301587301
127,CPSE-C,2 IN SS304 WN FLG 150 CLASS,2IN SS304 WN FLANGE 150 CLASS,CM0042,2 IN SS304 WELD NECK FLANGE 150 CLASS,FLANGE,86.27450980392157
127,CPSE-C,2 IN SS304 WN FLG 150 CLASS,2IN SS304 WN FLANGE 150 CLASS,CM0043,3 IN CS SLIP ON FLANGE 150 CLASS,FLANGE,71.11111111111111
127,CPSE-C,2 IN SS304 WN FLG 150 CLASS,2IN SS304 WN FLANGE 150 CLASS,CM0044,4 IN SS316 WELD NECK FLANGE 300 CLASS,FLANGE,69.69696969696969
127,CPSE-C,2 IN SS304 WN FLG 150 CLASS,2IN SS304 WN FLANGE 150 CLASS,CM0045,6 IN CS SLIP ON FLANGE 150 CLASS,FLANGE,71.11111111111111
127,CPSE-C,2 IN SS304 WN FLG 150 CLASS,2IN SS304 WN FLANGE 150 CLASS,CM0046,8 IN CS WELD NECK FLANGE 300 CLASS,FLANGE,63.492063492063494
127,CPSE-C,2 IN SS304 WN FLG 150 CLASS,2IN SS304 WN FLANGE 150 CLASS,CM0047,10 IN SS304 SLIP ON FLANGE 150 CLASS,FLANGE,86.27450980392157
127,CPSE-C,2 IN SS304 WN FLG 150 CLASS,2IN SS304 WN FLANGE 150 CLASS,CM0048,12 IN CS WELD NECK FLANGE 150 CLASS,FLANGE,71.875
127,CPSE-C,2 IN SS304 WN FLG 150 CLASS,2IN SS304 WN FLANGE 150 CLASS,CM0049,4 IN SS304 SLIP ON FLANGE 300 CLASS,FLANGE,78.125
127,CPSE-C,2 IN SS304 WN FLG 150 CLASS,2IN SS304 WN FLANGE 150 CLASS,CM0050,6 IN SS316 WELD NECK FLANGE 150 CLASS,FLANGE,75.75757575757575
128,CPSE-A,4C X 10 SQMM PVC CABL 1.1KV,4C X 10 SQMM PVC CABL 1.1KV,CM0061,1C X 2.5 SQMM PVC CABLE 1.1KV,ELECTRICAL_CABLE,85.71428571428571
128,CPSE-A,4C X 10 SQMM PVC CABL 1.1KV,4C X 10 SQMM PVC CABL 1.1KV,CM0062,1C X 4 SQMM PVC CABLE 1.1KV,ELECTRICAL_CABLE,92.5925925925926
128,CPSE-A,4C X 10 SQMM PVC CABL 1.1KV,4C X 10 SQMM PVC CABL 1.1KV,CM0063,3C X 2.5 SQMM PVC CABLE 1.1KV,ELECTRICAL_CABLE,85.71428571428571
128,CPSE-A,4C X 10 SQMM PVC CABL 1.1KV,4C X 10 SQMM PVC CABL 1.1KV,CM0064,3C X 4 SQMM PVC CABLE 1.1KV,ELECTRICAL_CABLE,88.88888888888889
128,CPSE-A,4C X 10 SQMM PVC CABL 1.1KV,4C X 10 SQMM PVC CABL 1.1KV,CM0065,3C X 6 SQMM PVC CABLE 1.1KV,ELECTRICAL_CABLE,85.18518518518519
128,CPSE-A,4C X 10 SQMM PVC CABL 1.1KV,4C X 10 SQMM PVC CABL 1.1KV,CM0066,4C X 10 SQMM PVC CABLE 1.1KV,ELECTRICAL_CABLE,98.18181818181819
128,CPSE-A,4C X 10 SQMM PVC CABL 1.1KV,4C X 10 SQMM PVC CABL 1.1KV,CM0067,4C X 16 SQMM PVC CABLE 1.1KV,ELECTRICAL_CABLE,94.54545454545455
128,CPSE-A,4C X 10 SQMM PVC CABL 1.1KV,4C X 10 SQMM PVC CABL 1.1KV,CM0068,4C X 25 SQMM PVC CABLE 1.1KV,ELECTRICAL_CABLE,90.9090909090909
128,CPSE-A,4C X 10 SQMM PVC CABL 1.1KV,4C X 10 SQMM PVC CABL 1.1KV,CM0069,3C X 35 SQMM PVC CABLE 1.1KV,ELECTRICAL_CABLE,87.27272727272728
128,CPSE-A,4C X 10 SQMM PVC CABL 1.1KV,4C X 10 SQMM PVC CABL 1.1KV,CM0070,4C X 50 SQMM PVC CABLE 1.1KV,ELECTRICAL_CABLE,94.54545454545455
129,CPSE-B,ELEC DRILL 13MM 800W,ELEC DRILL 13MM 800W,CM0091,ANGLE GRINDER 100MM 750W,INDUSTRIAL_TOOL,45.45454545454545
129,CPSE-B,ELEC DRILL 13MM 800W,ELEC DRILL 13MM 800W,CM0092,ANGLE GRINDER 115MM 900W,INDUSTRIAL_TOOL,50.0
129,CPSE-B,ELEC DRILL 13MM 800W,ELEC DRILL 13MM 800W,CM0093,ANGLE GRINDER 125MM 1100W,INDUSTRIAL_TOOL,35.55555555555556
129,CPSE-B,ELEC DRILL 13MM 800W,ELEC DRILL 13MM 800W,CM0094,ELECTRIC DRILL 10MM 650W,INDUSTRIAL_TOOL,77.27272727272728
129,CPSE-B,ELEC DRILL 13MM 800W,ELEC DRILL 13MM 800W,CM0095,ELECTRIC DRILL 13MM 800W,INDUSTRIAL_TOOL,90.9090909090909
129,CPSE-B,ELEC DRILL 13MM 800W,ELEC DRILL 13MM 800W,CM0096,IMPACT WRENCH 1/2 IN 500W,INDUSTRIAL_TOOL,44.44444444444444
129,CPSE-B,ELEC DRILL 13MM 800W,ELEC DRILL 13MM 800W,CM0097,CUTTING MACHINE 355MM 2000W,INDUSTRIAL_TOOL,29.787234042553195
129,CPSE-B,ELEC DRILL 13MM 800W,ELEC DRILL 13MM 800W,CM0098,WELDING MACHINE 200A,INDUSTRIAL_TOOL,35.0
129,CPSE-B,ELEC DRILL 13MM 800W,ELEC DRILL 13MM 800W,CM0099,TORQUE WRENCH 50-250NM,INDUSTRIAL_TOOL,33.33333333333333
129,CPSE-B,ELEC DRILL 13MM 800W,ELEC DRILL 13MM 800W,CM0100,BENCH GRINDER 200MM 550W,INDUSTRIAL_TOOL,40.90909090909091
130,CPSE-C,8 IN CS WN FLG 300 CLASS,8IN CARBON STEEL WN FLANGE 300 CLASS,CM0041,2 IN CS WELD NECK FLANGE 150 CLASS,FLANGE,62.857142857142854
130,CPSE-C,8 IN CS WN FLG 300 CLASS,8IN CARBON STEEL WN FLANGE 300 CLASS,CM0042,2 IN SS304 WELD NECK FLANGE 150 CLASS,FLANGE,63.013698630136986
130,CPSE-C,8 IN CS WN FLG 300 CLASS,8IN CARBON STEEL WN FLANGE 300 CLASS,CM0043,3 IN CS SLIP ON FLANGE 150 CLASS,FLANGE,67.64705882352942
130,CPSE-C,8 IN CS WN FLG 300 CLASS,8IN CARBON STEEL WN FLANGE 300 CLASS,CM0044,4 IN SS316 WELD NECK FLANGE 300 CLASS,FLANGE,68.4931506849315
130,CPSE-C,8 IN CS WN FLG 300 CLASS,8IN CARBON STEEL WN FLANGE 300 CLASS,CM0045,6 IN CS SLIP ON FLANGE 150 CLASS,FLANGE,67.64705882352942
130,CPSE-C,8 IN CS WN FLG 300 CLASS,8IN CARBON STEEL WN FLANGE 300 CLASS,CM0046,8 IN CS WELD NECK FLANGE 300 CLASS,FLANGE,71.42857142857143
130,CPSE-C,8 IN CS WN FLG 300 CLASS,8IN CARBON STEEL WN FLANGE 300 CLASS,CM0047,10 IN SS304 SLIP ON FLANGE 150 CLASS,FLANGE,69.44444444444444
130,CPSE-C,8 IN CS WN FLG 300 CLASS,8IN CARBON STEEL WN FLANGE 300 CLASS,CM0048,12 IN CS WELD NECK FLANGE 150 CLASS,FLANGE,61.971830985915496
130,CPSE-C,8 IN CS WN FLG 300 CLASS,8IN CARBON STEEL WN FLANGE 300 CLASS,CM0049,4 IN SS304 SLIP ON FLANGE 300 CLASS,FLANGE,73.2394366197183
130,CPSE-C,8 IN CS WN FLG 300 CLASS,8IN CARBON STEEL WN FLANGE 300 CLASS,CM0050,6 IN SS316 WELD NECK FLANGE 150 CLASS,FLANGE,63.013698630136986
131,CPSE-B,"4""CS SEAMLESS PIPE SCH80",4INCS SEAMLESS PIPE SCH80,CM0031,2 IN CS SEAMLESS PIPE SCH40,PIPE,80.76923076923077
131,CPSE-B,"4""CS SEAMLESS PIPE SCH80",4INCS SEAMLESS PIPE SCH80,CM0032,3 IN CS SEAMLESS PIPE SCH40,PIPE,80.76923076923077
131,CPSE-B,"4""CS SEAMLESS PIPE SCH80",4INCS SEAMLESS PIPE SCH80,CM0033,4 IN SS304 SEAMLESS PIPE SCH40,PIPE,80.0
131,CPSE-B,"4""CS SEAMLESS PIPE SCH80",4INCS SEAMLESS PIPE SCH80,CM0034,6 IN CS SEAMLESS PIPE SCH80,PIPE,86.36363636363636
131,CPSE-B,"4""CS SEAMLESS PIPE SCH80",4INCS SEAMLESS PIPE SCH80,CM0035,8 IN SS316 SEAMLESS PIPE SCH40,PIPE,76.36363636363636
131,CPSE-B,"4""CS SEAMLESS PIPE SCH80",4INCS SEAMLESS PIPE SCH80,CM0036,2 IN SS304 SEAMLESS PIPE SCH10,PIPE,76.36363636363636
131,CPSE-B,"4""CS SEAMLESS PIPE SCH80",4INCS SEAMLESS PIPE SCH80,CM0037,3 IN SS316 SEAMLESS PIPE SCH40,PIPE,76.36363636363636
131,CPSE-B,"4""CS SEAMLESS PIPE SCH80",4INCS SEAMLESS PIPE SCH80,CM0038,4 IN CS SEAMLESS PIPE SCH80,PIPE,88.46153846153847
131,CPSE-B,"4""CS SEAMLESS PIPE SCH80",4INCS SEAMLESS PIPE SCH80,CM0039,6 IN SS304 SEAMLESS PIPE SCH40,PIPE,76.36363636363636
131,CPSE-B,"4""CS SEAMLESS PIPE SCH80",4INCS SEAMLESS PIPE SCH80,CM0040,8 IN CS SEAMLESS PIPE SCH80,PIPE,86.36363636363636
132,CPSE-A,4 IN SS GRAPHITE GKT 150 CLASS,4IN SS GRAPHITE GASKET 150 CLASS,CM0051,2 IN SPIRAL WOUND SS GRAPHITE GASKET 150 CLASS,GASKET,93.33333333333333
132,CPSE-A,4 IN SS GRAPHITE GKT 150 CLASS,4IN SS GRAPHITE GASKET 150 CLASS,CM0052,3 IN SPIRAL WOUND SS GRAPHITE GASKET 150 CLASS,GASKET,93.33333333333333
132,CPSE-A,4 IN SS GRAPHITE GKT 150 CLASS,4IN SS GRAPHITE GASKET 150 CLASS,CM0053,4 IN SPIRAL WOUND GRAPHITE GASKET 300 CLASS,GASKET,79.24528301886792
132,CPSE-A,4 IN SS GRAPHITE GKT 150 CLASS,4IN SS GRAPHITE GASKET 150 CLASS,CM0054,6 IN SPIRAL WOUND GRAPHITE GASKET 150 CLASS,GASKET,87.71929824561403
132,CPSE-A,4 IN SS GRAPHITE GKT 150 CLASS,4IN SS GRAPHITE GASKET 150 CLASS,CM0055,8 IN PTFE FULL FACE GASKET 150 CLASS,GASKET,67.64705882352942
132,CPSE-A,4 IN SS GRAPHITE GKT 150 CLASS,4IN SS GRAPHITE GASKET 150 CLASS,CM0056,2 IN PTFE FULL FACE GASKET 150 CLASS,GASKET,67.64705882352942
132,CPSE-A,4 IN SS GRAPHITE GKT 150 CLASS,4IN SS GRAPHITE GASKET 150 CLASS,CM0057,4 IN SS GRAPHITE GASKET 150 CLASS,GASKET,98.46153846153847
132,CPSE-A,4 IN SS GRAPHITE GKT 150 CLASS,4IN SS GRAPHITE GASKET 150 CLASS,CM0058,6 IN PTFE FULL FACE GASKET 300 CLASS,GASKET,61.76470588235294
132,CPSE-A,4 IN SS GRAPHITE GKT 150 CLASS,4IN SS GRAPHITE GASKET 150 CLASS,CM0059,10 IN GRAPHITE SPIRAL WOUND GASKET 150 CLASS,GASKET,87.71929824561403
132,CPSE-A,4 IN SS GRAPHITE GKT 150 CLASS,4IN SS GRAPHITE GASKET 150 CLASS,CM0060,12 IN GRAPHITE SPIRAL WOUND GASKET 300 CLASS,GASKET,79.24528301886792
133,CPSE-A,8 IN CS SEAMLESS PIP SCH80,8IN CARBON STEEL SEAMLESS PIP SCH80,CM0031,2 IN CS SEAMLESS PIPE SCH40,PIPE,67.74193548387098
133,CPSE-A,8 IN CS SEAMLESS PIP SCH80,8IN CARBON STEEL SEAMLESS PIP SCH80,CM0032,3 IN CS SEAMLESS PIPE SCH40,PIPE,67.74193548387098
133,CPSE-A,8 IN CS SEAMLESS PIP SCH80,8IN CARBON STEEL SEAMLESS PIP SCH80,CM0033,4 IN SS304 SEAMLESS PIPE SCH40,PIPE,67.6923076923077
133,CPSE-A,8 IN CS SEAMLESS PIP SCH80,8IN CARBON STEEL SEAMLESS PIP SCH80,CM0034,6 IN CS SEAMLESS PIPE SCH80,PIPE,74.19354838709677
133,CPSE-A,8 IN CS SEAMLESS PIP SCH80,8IN CARBON STEEL SEAMLESS PIP SCH80,CM0035,8 IN SS316 SEAMLESS PIPE SCH40,PIPE,70.76923076923077
133,CPSE-A,8 IN CS SEAMLESS PIP SCH80,8IN CARBON STEEL SEAMLESS PIP SCH80,CM0036,2 IN SS304 SEAMLESS PIPE SCH10,PIPE,67.6923076923077
133,CPSE-A,8 IN CS SEAMLESS PIP SCH80,8IN CARBON STEEL SEAMLESS PIP SCH80,CM0037,3 IN SS316 SEAMLESS PIPE SCH40,PIPE,67.6923076923077
133,CPSE-A,8 IN CS SEAMLESS PIP SCH80,8IN CARBON STEEL SEAMLESS PIP SCH80,CM0038,4 IN CS SEAMLESS PIPE SCH80,PIPE,74.19354838709677
133,CPSE-A,8 IN CS SEAMLESS PIP SCH80,8IN CARBON STEEL SEAMLESS PIP SCH80,CM0039,6 IN SS304 SEAMLESS PIPE SCH40,PIPE,67.6923076923077
133,CPSE-A,8 IN CS SEAMLESS PIP SCH80,8IN CARBON STEEL SEAMLESS PIP SCH80,CM0040,8 IN CS SEAMLESS PIPE SCH80,PIPE,77.41935483870968
134,CPSE-B,ANGLE GRINDER 125MM 1100W,ANGLE GRINDER 125MM 1100W,CM0091,ANGLE GRINDER 100MM 750W,INDUSTRIAL_TOOL,77.55102040816327
134,CPSE-B,ANGLE GRINDER 125MM 1100W,ANGLE GRINDER 125MM 1100W,CM0092,ANGLE GRINDER 115MM 900W,INDUSTRIAL_TOOL,77.55102040816327
134,CPSE-B,ANGLE GRINDER 125MM 1100W,ANGLE GRINDER 125MM 1100W,CM0093,ANGLE GRINDER 125MM 1100W,INDUSTRIAL_TOOL,100.0
134,CPSE-B,ANGLE GRINDER 125MM 1100W,ANGLE GRINDER 125MM 1100W,CM0094,ELECTRIC DRILL 10MM 650W,INDUSTRIAL_TOOL,40.816326530612244
134,CPSE-B,ANGLE GRINDER 125MM 1100W,ANGLE GRINDER 125MM 1100W,CM0095,ELECTRIC DRILL 13MM 800W,INDUSTRIAL_TOOL,40.816326530612244
134,CPSE-B,ANGLE GRINDER 125MM 1100W,ANGLE GRINDER 125MM 1100W,CM0096,IMPACT WRENCH 1/2 IN 500W,INDUSTRIAL_TOOL,44.0
134,CPSE-B,ANGLE GRINDER 125MM 1100W,ANGLE GRINDER 125MM 1100W,CM0097,CUTTING MACHINE 355MM 2000W,INDUSTRIAL_TOOL,53.84615384615385
134,CPSE-B,ANGLE GRINDER 125MM 1100W,ANGLE GRINDER 125MM 1100W,CM0098,WELDING MACHINE 200A,INDUSTRIAL_TOOL,44.44444444444444
134,CPSE-B,ANGLE GRINDER 125MM 1100W,ANGLE GRINDER 125MM 1100W,CM0099,TORQUE WRENCH 50-250NM,INDUSTRIAL_TOOL,38.297872340425535
134,CPSE-B,ANGLE GRINDER 125MM 1100W,ANGLE GRINDER 125MM 1100W,CM0100,BENCH GRINDER 200MM 550W,INDUSTRIAL_TOOL,57.142857142857146
135,CPSE-B,ANGLE GRINDER 100MM 750W,ANGLE GRINDER 100MM 750W,CM0091,ANGLE GRINDER 100MM 750W,INDUSTRIAL_TOOL,100.0
135,CPSE-B,ANGLE GRINDER 100MM 750W,ANGLE GRINDER 100MM 750W,CM0092,ANGLE GRINDER 115MM 900W,INDUSTRIAL_TOOL,83.33333333333333
135,CPSE-B,ANGLE GRINDER 100MM 750W,ANGLE GRINDER 100MM 750W,CM0093,ANGLE GRINDER 125MM 1100W,INDUSTRIAL_TOOL,77.55102040816327
135,CPSE-B,ANGLE GRINDER 100MM 750W,ANGLE GRINDER 100MM 750W,CM0094,ELECTRIC DRILL 10MM 650W,INDUSTRIAL_TOOL,54.166666666666664
135,CPSE-B,ANGLE GRINDER 100MM 750W,ANGLE GRINDER 100MM 750W,CM0095,ELECTRIC DRILL 13MM 800W,INDUSTRIAL_TOOL,45.833333333333336
135,CPSE-B,ANGLE GRINDER 100MM 750W,ANGLE GRINDER 100MM 750W,CM0096,IMPACT WRENCH 1/2 IN 500W,INDUSTRIAL_TOOL,44.89795918367347
135,CPSE-B,ANGLE GRINDER 100MM 750W,ANGLE GRINDER 100MM 750W,CM0097,CUTTING MACHINE 355MM 2000W,INDUSTRIAL_TOOL,43.13725490196079
135,CPSE-B,ANGLE GRINDER 100MM 750W,ANGLE GRINDER 100MM 750W,CM0098,WELDING MACHINE 200A,INDUSTRIAL_TOOL,40.90909090909091
135,CPSE-B,ANGLE GRINDER 100MM 750W,ANGLE GRINDER 100MM 750W,CM0099,TORQUE WRENCH 50-250NM,INDUSTRIAL_TOOL,34.78260869565217
135,CPSE-B,ANGLE GRINDER 100MM 750W,ANGLE GRINDER 100MM 750W,CM0100,BENCH GRINDER 200MM 550W,INDUSTRIAL_TOOL,75.0
136,CPSE-C,3 IN SW SS GRAPHITE GASKET 150 CLASS,3IN SW SS GRAPHITE GASKET 150 CLASS,CM0051,2 IN SPIRAL WOUND SS GRAPHITE GASKET 150 CLASS,GASKET,88.88888888888889
136,CPSE-C,3 IN SW SS GRAPHITE GASKET 150 CLASS,3IN SW SS GRAPHITE GASKET 150 CLASS,CM0052,3 IN SPIRAL WOUND SS GRAPHITE GASKET 150 CLASS,GASKET,88.88888888888889
136,CPSE-C,3 IN SW SS GRAPHITE GASKET 150 CLASS,3IN SW SS GRAPHITE GASKET 150 CLASS,CM0053,4 IN SPIRAL WOUND GRAPHITE GASKET 300 CLASS,GASKET,76.92307692307692
136,CPSE-C,3 IN SW SS GRAPHITE GASKET 150 CLASS,3IN SW SS GRAPHITE GASKET 150 CLASS,CM0054,6 IN SPIRAL WOUND GRAPHITE GASKET 150 CLASS,GASKET,83.33333333333333
136,CPSE-C,3 IN SW SS GRAPHITE GASKET 150 CLASS,3IN SW SS GRAPHITE GASKET 150 CLASS,CM0055,8 IN PTFE FULL FACE GASKET 150 CLASS,GASKET,64.7887323943662
136,CPSE-C,3 IN SW SS GRAPHITE GASKET 150 CLASS,3IN SW SS GRAPHITE GASKET 150 CLASS,CM0056,2 IN PTFE FULL FACE GASKET 150 CLASS,GASKET,64.7887323943662
136,CPSE-C,3 IN SW SS GRAPHITE GASKET 150 CLASS,3IN SW SS GRAPHITE GASKET 150 CLASS,CM0057,4 IN SS GRAPHITE GASKET 150 CLASS,GASKET,91.80327868852459
136,CPSE-C,3 IN SW SS GRAPHITE GASKET 150 CLASS,3IN SW SS GRAPHITE GASKET 150 CLASS,CM0058,6 IN PTFE FULL FACE GASKET 300 CLASS,GASKET,59.15492957746479
136,CPSE-C,3 IN SW SS GRAPHITE GASKET 150 CLASS,3IN SW SS GRAPHITE GASKET 150 CLASS,CM0059,10 IN GRAPHITE SPIRAL WOUND GASKET 150 CLASS,GASKET,83.33333333333333
136,CPSE-C,3 IN SW SS GRAPHITE GASKET 150 CLASS,3IN SW SS GRAPHITE GASKET 150 CLASS,CM0060,12 IN GRAPHITE SPIRAL WOUND GASKET 300 CLASS,GASKET,78.48101265822785
137,CPSE-C,10 IN GRAPHITE SW GASKET 150 CLASS,10IN GRAPHITE SW GASKET 150 CLASS,CM0051,2 IN SPIRAL WOUND SS GRAPHITE GASKET 150 CLASS,GASKET,86.20689655172414
137,CPSE-C,10 IN GRAPHITE SW GASKET 150 CLASS,10IN GRAPHITE SW GASKET 150 CLASS,CM0052,3 IN SPIRAL WOUND SS GRAPHITE GASKET 150 CLASS,GASKET,86.20689655172414
137,CPSE-C,10 IN GRAPHITE SW GASKET 150 CLASS,10IN GRAPHITE SW GASKET 150 CLASS,CM0053,4 IN SPIRAL WOUND GRAPHITE GASKET 300 CLASS,GASKET,77.77777777777777
137,CPSE-C,10 IN GRAPHITE SW GASKET 150 CLASS,10IN GRAPHITE SW GASKET 150 CLASS,CM0054,6 IN SPIRAL WOUND GRAPHITE GASKET 150 CLASS,GASKET,86.20689655172414
137,CPSE-C,10 IN GRAPHITE SW GASKET 150 CLASS,10IN GRAPHITE SW GASKET 150 CLASS,CM0055,8 IN PTFE FULL FACE GASKET 150 CLASS,GASKET,66.66666666666666
137,CPSE-C,10 IN GRAPHITE SW GASKET 150 CLASS,10IN GRAPHITE SW GASKET 150 CLASS,CM0056,2 IN PTFE FULL FACE GASKET 150 CLASS,GASKET,66.66666666666666
137,CPSE-C,10 IN GRAPHITE SW GASKET 150 CLASS,10IN GRAPHITE SW GASKET 150 CLASS,CM0057,4 IN SS GRAPHITE GASKET 150 CLASS,GASKET,90.9090909090909
137,CPSE-C,10 IN GRAPHITE SW GASKET 150 CLASS,10IN GRAPHITE SW GASKET 150 CLASS,CM0058,6 IN PTFE FULL FACE GASKET 300 CLASS,GASKET,57.971014492753625
137,CPSE-C,10 IN GRAPHITE SW GASKET 150 CLASS,10IN GRAPHITE SW GASKET 150 CLASS,CM0059,10 IN GRAPHITE SPIRAL WOUND GASKET 150 CLASS,GASKET,86.20689655172414
137,CPSE-C,10 IN GRAPHITE SW GASKET 150 CLASS,10IN GRAPHITE SW GASKET 150 CLASS,CM0060,12 IN GRAPHITE SPIRAL WOUND GASKET 300 CLASS,GASKET,77.77777777777777
138,CPSE-B,"12""GRAPHITE SPIRAL WOUND GASK 300#",12INGRAPHITE SPIRAL WOUND GASK 300#,CM0051,2 IN SPIRAL WOUND SS GRAPHITE GASKET 150 CLASS,GASKET,64.19753086419753
138,CPSE-B,"12""GRAPHITE SPIRAL WOUND GASK 300#",12INGRAPHITE SPIRAL WOUND GASK 300#,CM0052,3 IN SPIRAL WOUND SS GRAPHITE GASKET 150 CLASS,GASKET,61.72839506172839
138,CPSE-B,"12""GRAPHITE SPIRAL WOUND GASK 300#",12INGRAPHITE SPIRAL WOUND GASK 300#,CM0053,4 IN SPIRAL WOUND GRAPHITE GASKET 300 CLASS,GASKET,56.41025641025641
138,CPSE-B,"12""GRAPHITE SPIRAL WOUND GASK 300#",12INGRAPHITE SPIRAL WOUND GASK 300#,CM0054,6 IN SPIRAL WOUND GRAPHITE GASKET 150 CLASS,GASKET,58.97435897435897
138,CPSE-B,"12""GRAPHITE SPIRAL WOUND GASK 300#",12INGRAPHITE SPIRAL WOUND GASK 300#,CM0055,8 IN PTFE FULL FACE GASKET 150 CLASS,GASKET,33.80281690140845
138,CPSE-B,"12""GRAPHITE SPIRAL WOUND GASK 300#",12INGRAPHITE SPIRAL WOUND GASK 300#,CM0056,2 IN PTFE FULL FACE GASKET 150 CLASS,GASKET,36.61971830985915
138,CPSE-B,"12""GRAPHITE SPIRAL WOUND GASK 300#",12INGRAPHITE SPIRAL WOUND GASK 300#,CM0057,4 IN SS GRAPHITE GASKET 150 CLASS,GASKET,38.23529411764706
138,CPSE-B,"12""GRAPHITE SPIRAL WOUND GASK 300#",12INGRAPHITE SPIRAL WOUND GASK 300#,CM0058,6 IN PTFE FULL FACE GASKET 300 CLASS,GASKET,30.985915492957744
138,CPSE-B,"12""GRAPHITE SPIRAL WOUND GASK 300#",12INGRAPHITE SPIRAL WOUND GASK 300#,CM0059,10 IN GRAPHITE SPIRAL WOUND GASKET 150 CLASS,GASKET,58.22784810126582
138,CPSE-B,"12""GRAPHITE SPIRAL WOUND GASK 300#",12INGRAPHITE SPIRAL WOUND GASK 300#,CM0060,12 IN GRAPHITE SPIRAL WOUND GASKET 300 CLASS,GASKET,60.75949367088607
139,CPSE-C,M10X50 SS304 HEX BOLT,M10X50 SS304 HEX BOLT,CM0001,M10 X 50 SS304 HEX BOLT,FASTENER,86.36363636363636
139,CPSE-C,M10X50 SS304 HEX BOLT,M10X50 SS304 HEX BOLT,CM0002,M12 X 50 SS304 HEX BOLT,FASTENER,81.81818181818181
139,CPSE-C,M10X50 SS304 HEX BOLT,M10X50 SS304 HEX BOLT,CM0003,M10 X 75 SS316 HEX BOLT,FASTENER,72.72727272727272
139,CPSE-C,M10X50 SS304 HEX BOLT,M10X50 SS304 HEX BOLT,CM0004,M16 X 60 CARBON STEEL HEX BOLT,FASTENER,55.172413793103445
139,CPSE-C,M10X50 SS304 HEX BOLT,M10X50 SS304 HEX BOLT,CM0005,M20 X 80 GALVANIZED STEEL HEX BOLT,FASTENER,55.172413793103445
139,CPSE-C,M10X50 SS304 HEX BOLT,M10X50 SS304 HEX BOLT,CM0006,M8 X 40 CARBON STEEL HEX BOLT,FASTENER,55.172413793103445
139,CPSE-C,M10X50 SS304 HEX BOLT,M10X50 SS304 HEX BOLT,CM0007,M12 X 80 SS316 HEX BOLT,FASTENER,68.18181818181819
139,CPSE-C,M10X50 SS304 HEX BOLT,M10X50 SS304 HEX BOLT,CM0008,M16 X 75 SS304 HEX BOLT,FASTENER,81.81818181818181
139,CPSE-C,M10X50 SS304 HEX BOLT,M10X50 SS304 HEX BOLT,CM0009,M20 X 100 CARBON STEEL HEX BOLT,FASTENER,55.172413793103445
139,CPSE-C,M10X50 SS304 HEX BOLT,M10X50 SS304 HEX BOLT,CM0010,M10 X 30 SS304 HEX BOLT,FASTENER,86.36363636363636
140,CPSE-B,"6""SS304 SEAMLESS PIPE SCH40",6INSS304 SEAMLESS PIPE SCH40,CM0031,2 IN CS SEAMLESS PIPE SCH40,PIPE,82.6086956521739
140,CPSE-B,"6""SS304 SEAMLESS PIPE SCH40",6INSS304 SEAMLESS PIPE SCH40,CM0032,3 IN CS SEAMLESS PIPE SCH40,PIPE,82.6086956521739
140,CPSE-B,"6""SS304 SEAMLESS PIPE SCH40",6INSS304 SEAMLESS PIPE SCH40,CM0033,4 IN SS304 SEAMLESS PIPE SCH40,PIPE,93.10344827586206
140,CPSE-B,"6""SS304 SEAMLESS PIPE SCH40",6INSS304 SEAMLESS PIPE SCH40,CM0034,6 IN CS SEAMLESS PIPE SCH80,PIPE,80.0
140,CPSE-B,"6""SS304 SEAMLESS PIPE SCH40",6INSS304 SEAMLESS PIPE SCH40,CM0035,8 IN SS316 SEAMLESS PIPE SCH40,PIPE,86.20689655172414
140,CPSE-B,"6""SS304 SEAMLESS PIPE SCH40",6INSS304 SEAMLESS PIPE SCH40,CM0036,2 IN SS304 SEAMLESS PIPE SCH10,PIPE,72.41379310344828
140,CPSE-B,"6""SS304 SEAMLESS PIPE SCH40",6INSS304 SEAMLESS PIPE SCH40,CM0037,3 IN SS316 SEAMLESS PIPE SCH40,PIPE,86.20689655172414
140,CPSE-B,"6""SS304 SEAMLESS PIPE SCH40",6INSS304 SEAMLESS PIPE SCH40,CM0038,4 IN CS SEAMLESS PIPE SCH80,PIPE,76.36363636363636
140,CPSE-B,"6""SS304 SEAMLESS PIPE SCH40",6INSS304 SEAMLESS PIPE SCH40,CM0039,6 IN SS304 SEAMLESS PIPE SCH40,PIPE,96.55172413793103
140,CPSE-B,"6""SS304 SEAMLESS PIPE SCH40",6INSS304 SEAMLESS PIPE SCH40,CM0040,8 IN CS SEAMLESS PIPE SCH80,PIPE,76.36363636363636
141,CPSE-C,12 IN CS WN FLG 150 CLASS,12IN CARBON STEEL WN FLANGE 150 CLASS,CM0041,2 IN CS WELD NECK FLANGE 150 CLASS,FLANGE,70.4225352112676
141,CPSE-C,12 IN CS WN FLG 150 CLASS,12IN CARBON STEEL WN FLANGE 150 CLASS,CM0042,2 IN SS304 WELD NECK FLANGE 150 CLASS,FLANGE,70.27027027027027
141,CPSE-C,12 IN CS WN FLG 150 CLASS,12IN CARBON STEEL WN FLANGE 150 CLASS,CM0043,3 IN CS SLIP ON FLANGE 150 CLASS,FLANGE,72.46376811594203
141,CPSE-C,12 IN CS WN FLG 150 CLASS,12IN CARBON STEEL WN FLANGE 150 CLASS,CM0044,4 IN SS316 WELD NECK FLANGE 300 CLASS,FLANGE,56.75675675675676
141,CPSE-C,12 IN CS WN FLG 150 CLASS,12IN CARBON STEEL WN FLANGE 150 CLASS,CM0045,6 IN CS SLIP ON FLANGE 150 CLASS,FLANGE,72.46376811594203
141,CPSE-C,12 IN CS WN FLG 150 CLASS,12IN CARBON STEEL WN FLANGE 150 CLASS,CM0046,8 IN CS WELD NECK FLANGE 300 CLASS,FLANGE,59.15492957746479
141,CPSE-C,12 IN CS WN FLG 150 CLASS,12IN CARBON STEEL WN FLANGE 150 CLASS,CM0047,10 IN SS304 SLIP ON FLANGE 150 CLASS,FLANGE,73.97260273972603
141,CPSE-C,12 IN CS WN FLG 150 CLASS,12IN CARBON STEEL WN FLANGE 150 CLASS,CM0048,12 IN CS WELD NECK FLANGE 150 CLASS,FLANGE,72.22222222222223
141,CPSE-C,12 IN CS WN FLG 150 CLASS,12IN CARBON STEEL WN FLANGE 150 CLASS,CM0049,4 IN SS304 SLIP ON FLANGE 300 CLASS,FLANGE,61.111111111111114
141,CPSE-C,12 IN CS WN FLG 150 CLASS,12IN CARBON STEEL WN FLANGE 150 CLASS,CM0050,6 IN SS316 WELD NECK FLANGE 150 CLASS,FLANGE,67.56756756756756
142,CPSE-A,12 IN GRAPHITE SPIRAL WOUND GKT 300 CLASS,12IN GRAPHITE SPIRAL WOUND GASKET 300 CLASS,CM0051,2 IN SPIRAL WOUND SS GRAPHITE GASKET 150 CLASS,GASKET,89.88764044943821
142,CPSE-A,12 IN GRAPHITE SPIRAL WOUND GKT 300 CLASS,12IN GRAPHITE SPIRAL WOUND GASKET 300 CLASS,CM0052,3 IN SPIRAL WOUND SS GRAPHITE GASKET 150 CLASS,GASKET,88.31168831168831
142,CPSE-A,12 IN GRAPHITE SPIRAL WOUND GKT 300 CLASS,12IN GRAPHITE SPIRAL WOUND GASKET 300 CLASS,CM0053,4 IN SPIRAL WOUND GRAPHITE GASKET 300 CLASS,GASKET,95.34883720930233
142,CPSE-A,12 IN GRAPHITE SPIRAL WOUND GKT 300 CLASS,12IN GRAPHITE SPIRAL WOUND GASKET 300 CLASS,CM0054,6 IN SPIRAL WOUND GRAPHITE GASKET 150 CLASS,GASKET,88.37209302325581
142,CPSE-A,12 IN GRAPHITE SPIRAL WOUND GKT 300 CLASS,12IN GRAPHITE SPIRAL WOUND GASKET 300 CLASS,CM0055,8 IN PTFE FULL FACE GASKET 150 CLASS,GASKET,55.69620253164557
142,CPSE-A,12 IN GRAPHITE SPIRAL WOUND GKT 300 CLASS,12IN GRAPHITE SPIRAL WOUND GASKET 300 CLASS,CM0056,2 IN PTFE FULL FACE GASKET 150 CLASS,GASKET,55.69620253164557
142,CPSE-A,12 IN GRAPHITE SPIRAL WOUND GKT 300 CLASS,12IN GRAPHITE SPIRAL WOUND GASKET 300 CLASS,CM0057,4 IN SS GRAPHITE GASKET 150 CLASS,GASKET,77.77777777777777
142,CPSE-A,12 IN GRAPHITE SPIRAL WOUND GKT 300 CLASS,12IN GRAPHITE SPIRAL WOUND GASKET 300 CLASS,CM0058,6 IN PTFE FULL FACE GASKET 300 CLASS,GASKET,61.53846153846154
142,CPSE-A,12 IN GRAPHITE SPIRAL WOUND GKT 300 CLASS,12IN GRAPHITE SPIRAL WOUND GASKET 300 CLASS,CM0059,10 IN GRAPHITE SPIRAL WOUND GASKET 150 CLASS,GASKET,88.31168831168831
142,CPSE-A,12 IN GRAPHITE SPIRAL WOUND GKT 300 CLASS,12IN GRAPHITE SPIRAL WOUND GASKET 300 CLASS,CM0060,12 IN GRAPHITE SPIRAL WOUND GASKET 300 CLASS,GASKET,98.85057471264368
143,CPSE-A,2 IN CS WELD NECK FLG 150 CLASS,2IN CARBON STEEL WELD NECK FLANGE 150 CLASS,CM0041,2 IN CS WELD NECK FLANGE 150 CLASS,FLANGE,86.66666666666667
143,CPSE-A,2 IN CS WELD NECK FLG 150 CLASS,2IN CARBON STEEL WELD NECK FLANGE 150 CLASS,CM0042,2 IN SS304 WELD NECK FLANGE 150 CLASS,FLANGE,82.53968253968254
143,CPSE-A,2 IN CS WELD NECK FLG 150 CLASS,2IN CARBON STEEL WELD NECK FLANGE 150 CLASS,CM0043,3 IN CS SLIP ON FLANGE 150 CLASS,FLANGE,66.66666666666666
143,CPSE-A,2 IN CS WELD NECK FLG 150 CLASS,2IN CARBON STEEL WELD NECK FLANGE 150 CLASS,CM0044,4 IN SS316 WELD NECK FLANGE 300 CLASS,FLANGE,74.57627118644068
143,CPSE-A,2 IN CS WELD NECK FLG 150 CLASS,2IN CARBON STEEL WELD NECK FLANGE 150 CLASS,CM0045,6 IN CS SLIP ON FLANGE 150 CLASS,FLANGE,66.66666666666666
143,CPSE-A,2 IN CS WELD NECK FLG 150 CLASS,2IN CARBON STEEL WELD NECK FLANGE 150 CLASS,CM0046,8 IN CS WELD NECK FLANGE 300 CLASS,FLANGE,78.57142857142857
143,CPSE-A,2 IN CS WELD NECK FLG 150 CLASS,2IN CARBON STEEL WELD NECK FLANGE 150 CLASS,CM0047,10 IN SS304 SLIP ON FLANGE 150 CLASS,FLANGE,65.82278481012659
143,CPSE-A,2 IN CS WELD NECK FLG 150 CLASS,2IN CARBON STEEL WELD NECK FLANGE 150 CLASS,CM0048,12 IN CS WELD NECK FLANGE 150 CLASS,FLANGE,85.24590163934427
143,CPSE-A,2 IN CS WELD NECK FLG 150 CLASS,2IN CARBON STEEL WELD NECK FLANGE 150 CLASS,CM0049,4 IN SS304 SLIP ON FLANGE 300 CLASS,FLANGE,61.53846153846154
143,CPSE-A,2 IN CS WELD NECK FLG 150 CLASS,2IN CARBON STEEL WELD NECK FLANGE 150 CLASS,CM0050,6 IN SS316 WELD NECK FLANGE 150 CLASS,FLANGE,82.53968253968254
144,CPSE-A,3 PHASE INDUCTION MTR 5.5KW 415V 50HZ,3 PHASE INDUCTION MOTOR 5.5KW 415V 50HZ,CM0071,3 PHASE INDUCTION MOTOR 5.5KW 415V 50HZ,MOTOR,100.0
144,CPSE-A,3 PHASE INDUCTION MTR 5.5KW 415V 50HZ,3 PHASE INDUCTION MOTOR 5.5KW 415V 50HZ,CM0072,3 PHASE INDUCTION MOTOR 7.5KW 415V 50HZ,MOTOR,97.43589743589743
144,CPSE-A,3 PHASE INDUCTION MTR 5.5KW 415V 50HZ,3 PHASE INDUCTION MOTOR 5.5KW 415V 50HZ,CM0073,3 PHASE INDUCTION MOTOR 11KW 415V 50HZ,MOTOR,93.50649350649351
144,CPSE-A,3 PHASE INDUCTION MTR 5.5KW 415V 50HZ,3 PHASE INDUCTION MOTOR 5.5KW 415V 50HZ,CM0074,3 PHASE INDUCTION MOTOR 15KW 415V 50HZ,MOTOR,96.1038961038961
144,CPSE-A,3 PHASE INDUCTION MTR 5.5KW 415V 50HZ,3 PHASE INDUCTION MOTOR 5.5KW 415V 50HZ,CM0075,3 PHASE INDUCTION MOTOR 18.5KW 415V 50HZ,MOTOR,96.20253164556962
144,CPSE-A,3 PHASE INDUCTION MTR 5.5KW 415V 50HZ,3 PHASE INDUCTION MOTOR 5.5KW 415V 50HZ,CM0076,3 PHASE INDUCTION MOTOR 22KW 415V 50HZ,MOTOR,93.50649350649351
144,CPSE-A,3 PHASE INDUCTION MTR 5.5KW 415V 50HZ,3 PHASE INDUCTION MOTOR 5.5KW 415V 50HZ,CM0077,3 PHASE INDUCTION MOTOR 30KW 415V 50HZ,MOTOR,93.50649350649351
144,CPSE-A,3 PHASE INDUCTION MTR 5.5KW 415V 50HZ,3 PHASE INDUCTION MOTOR 5.5KW 415V 50HZ,CM0078,3 PHASE INDUCTION MOTOR 37KW 415V 50HZ,MOTOR,93.50649350649351
144,CPSE-A,3 PHASE INDUCTION MTR 5.5KW 415V 50HZ,3 PHASE INDUCTION MOTOR 5.5KW 415V 50HZ,CM0079,3 PHASE INDUCTION MOTOR 45KW 415V 50HZ,MOTOR,96.1038961038961
144,CPSE-A,3 PHASE INDUCTION MTR 5.5KW 415V 50HZ,3 PHASE INDUCTION MOTOR 5.5KW 415V 50HZ,CM0080,3 PHASE INDUCTION MOTOR 55KW 415V 50HZ,MOTOR,98.7012987012987
145,CPSE-C,C/PMP 150 M3/H 50M HEAD 37KW,C PUMP 150 M3 H 50M HEAD 37KW,CM0081,CENTRIFUGAL PUMP 20 M3/H 30M HEAD 5.5KW,PUMP,58.8235294117647
145,CPSE-C,C/PMP 150 M3/H 50M HEAD 37KW,C PUMP 150 M3 H 50M HEAD 37KW,CM0082,CENTRIFUGAL PUMP 30 M3/H 40M HEAD 7.5KW,PUMP,58.8235294117647
145,CPSE-C,C/PMP 150 M3/H 50M HEAD 37KW,C PUMP 150 M3 H 50M HEAD 37KW,CM0083,CENTRIFUGAL PUMP 50 M3/H 50M HEAD 11KW,PUMP,65.67164179104478
145,CPSE-C,C/PMP 150 M3/H 50M HEAD 37KW,C PUMP 150 M3 H 50M HEAD 37KW,CM0084,CENTRIFUGAL PUMP 75 M3/H 40M HEAD 15KW,PUMP,65.67164179104478
145,CPSE-C,C/PMP 150 M3/H 50M HEAD 37KW,C PUMP 150 M3 H 50M HEAD 37KW,CM0085,CENTRIFUGAL PUMP 100 M3/H 50M HEAD 22KW,PUMP,70.58823529411765
145,CPSE-C,C/PMP 150 M3/H 50M HEAD 37KW,C PUMP 150 M3 H 50M HEAD 37KW,CM0086,CENTRIFUGAL PUMP 120 M3/H 60M HEAD 30KW,PUMP,70.58823529411765
145,CPSE-C,C/PMP 150 M3/H 50M HEAD 37KW,C PUMP 150 M3 H 50M HEAD 37KW,CM0087,CENTRIFUGAL PUMP 150 M3/H 50M HEAD 37KW,PUMP,86.27450980392157
145,CPSE-C,C/PMP 150 M3/H 50M HEAD 37KW,C PUMP 150 M3 H 50M HEAD 37KW,CM0088,CENTRIFUGAL PUMP 200 M3/H 60M HEAD 45KW,PUMP,64.70588235294117
145,CPSE-C,C/PMP 150 M3/H 50M HEAD 37KW,C PUMP 150 M3 H 50M HEAD 37KW,CM0089,CENTRIFUGAL PUMP 250 M3/H 70M HEAD 55KW,PUMP,67.64705882352942
145,CPSE-C,C/PMP 150 M3/H 50M HEAD 37KW,C PUMP 150 M3 H 50M HEAD 37KW,CM0090,CENTRIFUGAL PUMP 300 M3/H 80M HEAD 75KW,PUMP,67.64705882352942
146,CPSE-B,"3""CS SLIP ON FLG 150#",3INCS SLIP ON FLANGE 150#,CM0041,2 IN CS WELD NECK FLANGE 150 CLASS,FLANGE,57.6271186440678
146,CPSE-B,"3""CS SLIP ON FLG 150#",3INCS SLIP ON FLANGE 150#,CM0042,2 IN SS304 WELD NECK FLANGE 150 CLASS,FLANGE,58.064516129032256
146,CPSE-B,"3""CS SLIP ON FLG 150#",3INCS SLIP ON FLANGE 150#,CM0043,3 IN CS SLIP ON FLANGE 150 CLASS,FLANGE,77.19298245614036
146,CPSE-B,"3""CS SLIP ON FLG 150#",3INCS SLIP ON FLANGE 150#,CM0044,4 IN SS316 WELD NECK FLANGE 300 CLASS,FLANGE,51.61290322580645
146,CPSE-B,"3""CS SLIP ON FLG 150#",3INCS SLIP ON FLANGE 150#,CM0045,6 IN CS SLIP ON FLANGE 150 CLASS,FLANGE,73.6842105263158
146,CPSE-B,"3""CS SLIP ON FLG 150#",3INCS SLIP ON FLANGE 150#,CM0046,8 IN CS WELD NECK FLANGE 300 CLASS,FLANGE,50.847457627118644
146,CPSE-B,"3""CS SLIP ON FLG 150#",3INCS SLIP ON FLANGE 150#,CM0047,10 IN SS304 SLIP ON FLANGE 150 CLASS,FLANGE,72.1311475409836
146,CPSE-B,"3""CS SLIP ON FLG 150#",3INCS SLIP ON FLANGE 150#,CM0048,12 IN CS WELD NECK FLANGE 150 CLASS,FLANGE,56.666666666666664
146,CPSE-B,"3""CS SLIP ON FLG 150#",3INCS SLIP ON FLANGE 150#,CM0049,4 IN SS304 SLIP ON FLANGE 300 CLASS,FLANGE,71.7948717948718
146,CPSE-B,"3""CS SLIP ON FLG 150#",3INCS SLIP ON FLANGE 150#,CM0050,6 IN SS316 WELD NECK FLANGE 150 CLASS,FLANGE,58.064516129032256
147,CPSE-C,6 IN CS BFV 150 CLASS,6IN CARBON STEEL BFV 150 CLASS,CM0021,2 IN SS304 GATE VALVE 150 CLASS,VALVE,52.459016393442624
147,CPSE-C,6 IN CS BFV 150 CLASS,6IN CARBON STEEL BFV 150 CLASS,CM0022,2 IN SS304 GATE VALVE 300 CLASS,VALVE,45.90163934426229
147,CPSE-C,6 IN CS BFV 150 CLASS,6IN CARBON STEEL BFV 150 CLASS,CM0023,3 IN CS GATE VALVE 150 CLASS,VALVE,55.172413793103445
147,CPSE-C,6 IN CS BFV 150 CLASS,6IN CARBON STEEL BFV 150 CLASS,CM0024,4 IN SS316 BALL VALVE 150 CLASS,VALVE,55.73770491803279
147,CPSE-C,6 IN CS BFV 150 CLASS,6IN CARBON STEEL BFV 150 CLASS,CM0025,6 IN CS BUTTERFLY VALVE 150 CLASS,VALVE,60.317460317460316
147,CPSE-C,6 IN CS BFV 150 CLASS,6IN CARBON STEEL BFV 150 CLASS,CM0026,4 IN SS304 GATE VALVE 150 CLASS,VALVE,52.459016393442624
147,CPSE-C,6 IN CS BFV 150 CLASS,6IN CARBON STEEL BFV 150 CLASS,CM0027,6 IN SS316 BALL VALVE 300 CLASS,VALVE,52.459016393442624
147,CPSE-C,6 IN CS BFV 150 CLASS,6IN CARBON STEEL BFV 150 CLASS,CM0028,8 IN CS GATE VALVE 300 CLASS,VALVE,48.275862068965516
147,CPSE-C,6 IN CS BFV 150 CLASS,6IN CARBON STEEL BFV 150 CLASS,CM0029,10 IN CS BUTTERFLY VALVE 150 CLASS,VALVE,56.25
147,CPSE-C,6 IN CS BFV 150 CLASS,6IN CARBON STEEL BFV 150 CLASS,CM0030,2 IN CS GLOBE VALVE 150 CLASS,VALVE,54.23728813559322
148,CPSE-C,M10X30 SS304 HEX BOLT,M10X30 SS304 HEX BOLT,CM0001,M10 X 50 SS304 HEX BOLT,FASTENER,86.36363636363636
148,CPSE-C,M10X30 SS304 HEX BOLT,M10X30 SS304 HEX BOLT,CM0002,M12 X 50 SS304 HEX BOLT,FASTENER,81.81818181818181
148,CPSE-C,M10X30 SS304 HEX BOLT,M10X30 SS304 HEX BOLT,CM0003,M10 X 75 SS316 HEX BOLT,FASTENER,72.72727272727272
148,CPSE-C,M10X30 SS304 HEX BOLT,M10X30 SS304 HEX BOLT,CM0004,M16 X 60 CARBON STEEL HEX BOLT,FASTENER,55.172413793103445
148,CPSE-C,M10X30 SS304 HEX BOLT,M10X30 SS304 HEX BOLT,CM0005,M20 X 80 GALVANIZED STEEL HEX BOLT,FASTENER,55.172413793103445
148,CPSE-C,M10X30 SS304 HEX BOLT,M10X30 SS304 HEX BOLT,CM0006,M8 X 40 CARBON STEEL HEX BOLT,FASTENER,55.172413793103445
148,CPSE-C,M10X30 SS304 HEX BOLT,M10X30 SS304 HEX BOLT,CM0007,M12 X 80 SS316 HEX BOLT,FASTENER,68.18181818181819
148,CPSE-C,M10X30 SS304 HEX BOLT,M10X30 SS304 HEX BOLT,CM0008,M16 X 75 SS304 HEX BOLT,FASTENER,81.81818181818181
148,CPSE-C,M10X30 SS304 HEX BOLT,M10X30 SS304 HEX BOLT,CM0009,M20 X 100 CARBON STEEL HEX BOLT,FASTENER,55.172413793103445
148,CPSE-C,M10X30 SS304 HEX BOLT,M10X30 SS304 HEX BOLT,CM0010,M10 X 30 SS304 HEX BOLT,FASTENER,86.36363636363636
149,CPSE-C,8 IN CS GTV 300 CLASS,8IN CARBON STEEL GTV 300 CLASS,CM0021,2 IN SS304 GATE VALVE 150 CLASS,VALVE,45.90163934426229
149,CPSE-C,8 IN CS GTV 300 CLASS,8IN CARBON STEEL GTV 300 CLASS,CM0022,2 IN SS304 GATE VALVE 300 CLASS,VALVE,52.459016393442624
149,CPSE-C,8 IN CS GTV 300 CLASS,8IN CARBON STEEL GTV 300 CLASS,CM0023,3 IN CS GATE VALVE 150 CLASS,VALVE,51.724137931034484
149,CPSE-C,8 IN CS GTV 300 CLASS,8IN CARBON STEEL GTV 300 CLASS,CM0024,4 IN SS316 BALL VALVE 150 CLASS,VALVE,45.90163934426229
149,CPSE-C,8 IN CS GTV 300 CLASS,8IN CARBON STEEL GTV 300 CLASS,CM0025,6 IN CS BUTTERFLY VALVE 150 CLASS,VALVE,44.44444444444444
149,CPSE-C,8 IN CS GTV 300 CLASS,8IN CARBON STEEL GTV 300 CLASS,CM0026,4 IN SS304 GATE VALVE 150 CLASS,VALVE,45.90163934426229
149,CPSE-C,8 IN CS GTV 300 CLASS,8IN CARBON STEEL GTV 300 CLASS,CM0027,6 IN SS316 BALL VALVE 300 CLASS,VALVE,52.459016393442624
149,CPSE-C,8 IN CS GTV 300 CLASS,8IN CARBON STEEL GTV 300 CLASS,CM0028,8 IN CS GATE VALVE 300 CLASS,VALVE,62.06896551724138
149,CPSE-C,8 IN CS GTV 300 CLASS,8IN CARBON STEEL GTV 300 CLASS,CM0029,10 IN CS BUTTERFLY VALVE 150 CLASS,VALVE,46.875
149,CPSE-C,8 IN CS GTV 300 CLASS,8IN CARBON STEEL GTV 300 CLASS,CM0030,2 IN CS GLOBE VALVE 150 CLASS,VALVE,50.847457627118644
150,CPSE-C,C/PMP 300 M3/H 80M HEAD 75KW,C PUMP 300 M3 H 80M HEAD 75KW,CM0081,CENTRIFUGAL PUMP 20 M3/H 30M HEAD 5.5KW,PUMP,61.76470588235294
150,CPSE-C,C/PMP 300 M3/H 80M HEAD 75KW,C PUMP 300 M3 H 80M HEAD 75KW,CM0082,CENTRIFUGAL PUMP 30 M3/H 40M HEAD 7.5KW,PUMP,67.64705882352942
150,CPSE-C,C/PMP 300 M3/H 80M HEAD 75KW,C PUMP 300 M3 H 80M HEAD 75KW,CM0083,CENTRIFUGAL PUMP 50 M3/H 50M HEAD 11KW,PUMP,59.701492537313435
150,CPSE-C,C/PMP 300 M3/H 80M HEAD 75KW,C PUMP 300 M3 H 80M HEAD 75KW,CM0084,CENTRIFUGAL PUMP 75 M3/H 40M HEAD 15KW,PUMP,62.6865671641791
150,CPSE-C,C/PMP 300 M3/H 80M HEAD 75KW,C PUMP 300 M3 H 80M HEAD 75KW,CM0085,CENTRIFUGAL PUMP 100 M3/H 50M HEAD 22KW,PUMP,67.64705882352942
150,CPSE-C,C/PMP 300 M3/H 80M HEAD 75KW,C PUMP 300 M3 H 80M HEAD 75KW,CM0086,CENTRIFUGAL PUMP 120 M3/H 60M HEAD 30KW,PUMP,64.70588235294117
150,CPSE-C,C/PMP 300 M3/H 80M HEAD 75KW,C PUMP 300 M3 H 80M HEAD 75KW,CM0087,CENTRIFUGAL PUMP 150 M3/H 50M HEAD 37KW,PUMP,67.64705882352942
150,CPSE-C,C/PMP 300 M3/H 80M HEAD 75KW,C PUMP 300 M3 H 80M HEAD 75KW,CM0088,CENTRIFUGAL PUMP 200 M3/H 60M HEAD 45KW,PUMP,70.58823529411765
150,CPSE-C,C/PMP 300 M3/H 80M HEAD 75KW,C PUMP 300 M3 H 80M HEAD 75KW,CM0089,CENTRIFUGAL PUMP 250 M3/H 70M HEAD 55KW,PUMP,67.64705882352942
150,CPSE-C,C/PMP 300 M3/H 80M HEAD 75KW,C PUMP 300 M3 H 80M HEAD 75KW,CM0090,CENTRIFUGAL PUMP 300 M3/H 80M HEAD 75KW,PUMP,86.27450980392157
151,CPSE-C,2 IN SS304 SEAMLESS PIPE SCH10,2IN SS304 SEAMLESS PIPE SCH10,CM0031,2 IN CS SEAMLESS PIPE SCH40,PIPE,78.57142857142857
151,CPSE-C,2 IN SS304 SEAMLESS PIPE SCH10,2IN SS304 SEAMLESS PIPE SCH10,CM0032,3 IN CS SEAMLESS PIPE SCH40,PIPE,75.0
151,CPSE-C,2 IN SS304 SEAMLESS PIPE SCH10,2IN SS304 SEAMLESS PIPE SCH10,CM0033,4 IN SS304 SEAMLESS PIPE SCH40,PIPE,91.52542372881356
151,CPSE-C,2 IN SS304 SEAMLESS PIPE SCH10,2IN SS304 SEAMLESS PIPE SCH10,CM0034,6 IN CS SEAMLESS PIPE SCH80,PIPE,75.0
151,CPSE-C,2 IN SS304 SEAMLESS PIPE SCH10,2IN SS304 SEAMLESS PIPE SCH10,CM0035,8 IN SS316 SEAMLESS PIPE SCH40,PIPE,84.7457627118644
151,CPSE-C,2 IN SS304 SEAMLESS PIPE SCH10,2IN SS304 SEAMLESS PIPE SCH10,CM0036,2 IN SS304 SEAMLESS PIPE SCH10,PIPE,98.30508474576271
151,CPSE-C,2 IN SS304 SEAMLESS PIPE SCH10,2IN SS304 SEAMLESS PIPE SCH10,CM0037,3 IN SS316 SEAMLESS PIPE SCH40,PIPE,84.7457627118644
151,CPSE-C,2 IN SS304 SEAMLESS PIPE SCH10,2IN SS304 SEAMLESS PIPE SCH10,CM0038,4 IN CS SEAMLESS PIPE SCH80,PIPE,75.0
151,CPSE-C,2 IN SS304 SEAMLESS PIPE SCH10,2IN SS304 SEAMLESS PIPE SCH10,CM0039,6 IN SS304 SEAMLESS PIPE SCH40,PIPE,91.52542372881356
151,CPSE-C,2 IN SS304 SEAMLESS PIPE SCH10,2IN SS304 SEAMLESS PIPE SCH10,CM0040,8 IN CS SEAMLESS PIPE SCH80,PIPE,75.0
152,CPSE-B,3 PHASE INDUCTION MOTOR 18.5KW 415V 50HZ,3 PHASE INDUCTION MOTOR 18.5KW 415V 50HZ,CM0071,3 PHASE INDUCTION MOTOR 5.5KW 415V 50HZ,MOTOR,96.20253164556962
152,CPSE-B,3 PHASE INDUCTION MOTOR 18.5KW 415V 50HZ,3 PHASE INDUCTION MOTOR 18.5KW 415V 50HZ,CM0072,3 PHASE INDUCTION MOTOR 7.5KW 415V 50HZ,MOTOR,96.20253164556962
152,CPSE-B,3 PHASE INDUCTION MOTOR 18.5KW 415V 50HZ,3 PHASE INDUCTION MOTOR 18.5KW 415V 50HZ,CM0073,3 PHASE INDUCTION MOTOR 11KW 415V 50HZ,MOTOR,94.87179487179488
152,CPSE-B,3 PHASE INDUCTION MOTOR 18.5KW 415V 50HZ,3 PHASE INDUCTION MOTOR 18.5KW 415V 50HZ,CM0074,3 PHASE INDUCTION MOTOR 15KW 415V 50HZ,MOTOR,97.43589743589743
152,CPSE-B,3 PHASE INDUCTION MOTOR 18.5KW 415V 50HZ,3 PHASE INDUCTION MOTOR 18.5KW 415V 50HZ,CM0075,3 PHASE INDUCTION MOTOR 18.5KW 415V 50HZ,MOTOR,100.0
152,CPSE-B,3 PHASE INDUCTION MOTOR 18.5KW 415V 50HZ,3 PHASE INDUCTION MOTOR 18.5KW 415V 50HZ,CM0076,3 PHASE INDUCTION MOTOR 22KW 415V 50HZ,MOTOR,92.95774647887323
152,CPSE-B,3 PHASE INDUCTION MOTOR 18.5KW 415V 50HZ,3 PHASE INDUCTION MOTOR 18.5KW 415V 50HZ,CM0077,3 PHASE INDUCTION MOTOR 30KW 415V 50HZ,MOTOR,92.95774647887323
152,CPSE-B,3 PHASE INDUCTION MOTOR 18.5KW 415V 50HZ,3 PHASE INDUCTION MOTOR 18.5KW 415V 50HZ,CM0078,3 PHASE INDUCTION MOTOR 37KW 415V 50HZ,MOTOR,92.95774647887323
152,CPSE-B,3 PHASE INDUCTION MOTOR 18.5KW 415V 50HZ,3 PHASE INDUCTION MOTOR 18.5KW 415V 50HZ,CM0079,3 PHASE INDUCTION MOTOR 45KW 415V 50HZ,MOTOR,94.87179487179488
152,CPSE-B,3 PHASE INDUCTION MOTOR 18.5KW 415V 50HZ,3 PHASE INDUCTION MOTOR 18.5KW 415V 50HZ,CM0080,3 PHASE INDUCTION MOTOR 55KW 415V 50HZ,MOTOR,94.87179487179488
153,CPSE-C,4 IN SW GRAPHITE GASKET 300 CLASS,4IN SW GRAPHITE GASKET 300 CLASS,CM0051,2 IN SPIRAL WOUND SS GRAPHITE GASKET 150 CLASS,GASKET,79.24528301886792
153,CPSE-C,4 IN SW GRAPHITE GASKET 300 CLASS,4IN SW GRAPHITE GASKET 300 CLASS,CM0052,3 IN SPIRAL WOUND SS GRAPHITE GASKET 150 CLASS,GASKET,79.24528301886792
153,CPSE-C,4 IN SW GRAPHITE GASKET 300 CLASS,4IN SW GRAPHITE GASKET 300 CLASS,CM0053,4 IN SPIRAL WOUND GRAPHITE GASKET 300 CLASS,GASKET,87.71929824561403
153,CPSE-C,4 IN SW GRAPHITE GASKET 300 CLASS,4IN SW GRAPHITE GASKET 300 CLASS,CM0054,6 IN SPIRAL WOUND GRAPHITE GASKET 150 CLASS,GASKET,79.24528301886792
153,CPSE-C,4 IN SW GRAPHITE GASKET 300 CLASS,4IN SW GRAPHITE GASKET 300 CLASS,CM0055,8 IN PTFE FULL FACE GASKET 150 CLASS,GASKET,61.76470588235294
153,CPSE-C,4 IN SW GRAPHITE GASKET 300 CLASS,4IN SW GRAPHITE GASKET 300 CLASS,CM0056,2 IN PTFE FULL FACE GASKET 150 CLASS,GASKET,61.76470588235294
153,CPSE-C,4 IN SW GRAPHITE GASKET 300 CLASS,4IN SW GRAPHITE GASKET 300 CLASS,CM0057,4 IN SS GRAPHITE GASKET 150 CLASS,GASKET,89.23076923076923
153,CPSE-C,4 IN SW GRAPHITE GASKET 300 CLASS,4IN SW GRAPHITE GASKET 300 CLASS,CM0058,6 IN PTFE FULL FACE GASKET 300 CLASS,GASKET,67.64705882352942
153,CPSE-C,4 IN SW GRAPHITE GASKET 300 CLASS,4IN SW GRAPHITE GASKET 300 CLASS,CM0059,10 IN GRAPHITE SPIRAL WOUND GASKET 150 CLASS,GASKET,79.24528301886792
153,CPSE-C,4 IN SW GRAPHITE GASKET 300 CLASS,4IN SW GRAPHITE GASKET 300 CLASS,CM0060,12 IN GRAPHITE SPIRAL WOUND GASKET 300 CLASS,GASKET,87.71929824561403
154,CPSE-B,ELEC DRILL 10MM 650W,ELEC DRILL 10MM 650W,CM0091,ANGLE GRINDER 100MM 750W,INDUSTRIAL_TOOL,54.54545454545455
154,CPSE-B,ELEC DRILL 10MM 650W,ELEC DRILL 10MM 650W,CM0092,ANGLE GRINDER 115MM 900W,INDUSTRIAL_TOOL,45.45454545454545
154,CPSE-B,ELEC DRILL 10MM 650W,ELEC DRILL 10MM 650W,CM0093,ANGLE GRINDER 125MM 1100W,INDUSTRIAL_TOOL,40.0
154,CPSE-B,ELEC DRILL 10MM 650W,ELEC DRILL 10MM 650W,CM0094,ELECTRIC DRILL 10MM 650W,INDUSTRIAL_TOOL,90.9090909090909
154,CPSE-B,ELEC DRILL 10MM 650W,ELEC DRILL 10MM 650W,CM0095,ELECTRIC DRILL 13MM 800W,INDUSTRIAL_TOOL,77.27272727272728
154,CPSE-B,ELEC DRILL 10MM 650W,ELEC DRILL 10MM 650W,CM0096,IMPACT WRENCH 1/2 IN 500W,INDUSTRIAL_TOOL,44.44444444444444
154,CPSE-B,ELEC DRILL 10MM 650W,ELEC DRILL 10MM 650W,CM0097,CUTTING MACHINE 355MM 2000W,INDUSTRIAL_TOOL,29.787234042553195
154,CPSE-B,ELEC DRILL 10MM 650W,ELEC DRILL 10MM 650W,CM0098,WELDING MACHINE 200A,INDUSTRIAL_TOOL,35.0
154,CPSE-B,ELEC DRILL 10MM 650W,ELEC DRILL 10MM 650W,CM0099,TORQUE WRENCH 50-250NM,INDUSTRIAL_TOOL,38.095238095238095
154,CPSE-B,ELEC DRILL 10MM 650W,ELEC DRILL 10MM 650W,CM0100,BENCH GRINDER 200MM 550W,INDUSTRIAL_TOOL,50.0
155,CPSE-A,CENT PMP 50 M3/H 50M HEAD 11KW,CENT PUMP 50 M3 H 50M HEAD 11KW,CM0081,CENTRIFUGAL PUMP 20 M3/H 30M HEAD 5.5KW,PUMP,62.857142857142854
155,CPSE-A,CENT PMP 50 M3/H 50M HEAD 11KW,CENT PUMP 50 M3 H 50M HEAD 11KW,CM0082,CENTRIFUGAL PUMP 30 M3/H 40M HEAD 7.5KW,PUMP,62.857142857142854
155,CPSE-A,CENT PMP 50 M3/H 50M HEAD 11KW,CENT PUMP 50 M3 H 50M HEAD 11KW,CM0083,CENTRIFUGAL PUMP 50 M3/H 50M HEAD 11KW,PUMP,84.05797101449275
155,CPSE-A,CENT PMP 50 M3/H 50M HEAD 11KW,CENT PUMP 50 M3 H 50M HEAD 11KW,CM0084,CENTRIFUGAL PUMP 75 M3/H 40M HEAD 15KW,PUMP,72.46376811594203
155,CPSE-A,CENT PMP 50 M3/H 50M HEAD 11KW,CENT PUMP 50 M3 H 50M HEAD 11KW,CM0085,CENTRIFUGAL PUMP 100 M3/H 50M HEAD 22KW,PUMP,71.42857142857143
155,CPSE-A,CENT PMP 50 M3/H 50M HEAD 11KW,CENT PUMP 50 M3 H 50M HEAD 11KW,CM0086,CENTRIFUGAL PUMP 120 M3/H 60M HEAD 30KW,PUMP,68.57142857142857
155,CPSE-A,CENT PMP 50 M3/H 50M HEAD 11KW,CENT PUMP 50 M3 H 50M HEAD 11KW,CM0087,CENTRIFUGAL PUMP 150 M3/H 50M HEAD 37KW,PUMP,71.42857142857143
155,CPSE-A,CENT PMP 50 M3/H 50M HEAD 11KW,CENT PUMP 50 M3 H 50M HEAD 11KW,CM0088,CENTRIFUGAL PUMP 200 M3/H 60M HEAD 45KW,PUMP,65.71428571428572
155,CPSE-A,CENT PMP 50 M3/H 50M HEAD 11KW,CENT PUMP 50 M3 H 50M HEAD 11KW,CM0089,CENTRIFUGAL PUMP 250 M3/H 70M HEAD 55KW,PUMP,68.57142857142857
155,CPSE-A,CENT PMP 50 M3/H 50M HEAD 11KW,CENT PUMP 50 M3 H 50M HEAD 11KW,CM0090,CENTRIFUGAL PUMP 300 M3/H 80M HEAD 75KW,PUMP,65.71428571428572
156,CPSE-A,3 PHASE INDUCTION MTR 18.5KW 415V 50HZ,3 PHASE INDUCTION MOTOR 18.5KW 415V 50HZ,CM0071,3 PHASE INDUCTION MOTOR 5.5KW 415V 50HZ,MOTOR,96.20253164556962
156,CPSE-A,3 PHASE INDUCTION MTR 18.5KW 415V 50HZ,3 PHASE INDUCTION MOTOR 18.5KW 415V 50HZ,CM0072,3 PHASE INDUCTION MOTOR 7.5KW 415V 50HZ,MOTOR,96.20253164556962
156,CPSE-A,3 PHASE INDUCTION MTR 18.5KW 415V 50HZ,3 PHASE INDUCTION MOTOR 18.5KW 415V 50HZ,CM0073,3 PHASE INDUCTION MOTOR 11KW 415V 50HZ,MOTOR,94.87179487179488
156,CPSE-A,3 PHASE INDUCTION MTR 18.5KW 415V 50HZ,3 PHASE INDUCTION MOTOR 18.5KW 415V 50HZ,CM0074,3 PHASE INDUCTION MOTOR 15KW 415V 50HZ,MOTOR,97.43589743589743
156,CPSE-A,3 PHASE INDUCTION MTR 18.5KW 415V 50HZ,3 PHASE INDUCTION MOTOR 18.5KW 415V 50HZ,CM0075,3 PHASE INDUCTION MOTOR 18.5KW 415V 50HZ,MOTOR,100.0
156,CPSE-A,3 PHASE INDUCTION MTR 18.5KW 415V 50HZ,3 PHASE INDUCTION MOTOR 18.5KW 415V 50HZ,CM0076,3 PHASE INDUCTION MOTOR 22KW 415V 50HZ,MOTOR,92.95774647887323
156,CPSE-A,3 PHASE INDUCTION MTR 18.5KW 415V 50HZ,3 PHASE INDUCTION MOTOR 18.5KW 415V 50HZ,CM0077,3 PHASE INDUCTION MOTOR 30KW 415V 50HZ,MOTOR,92.95774647887323
156,CPSE-A,3 PHASE INDUCTION MTR 18.5KW 415V 50HZ,3 PHASE INDUCTION MOTOR 18.5KW 415V 50HZ,CM0078,3 PHASE INDUCTION MOTOR 37KW 415V 50HZ,MOTOR,92.95774647887323
156,CPSE-A,3 PHASE INDUCTION MTR 18.5KW 415V 50HZ,3 PHASE INDUCTION MOTOR 18.5KW 415V 50HZ,CM0079,3 PHASE INDUCTION MOTOR 45KW 415V 50HZ,MOTOR,94.87179487179488
156,CPSE-A,3 PHASE INDUCTION MTR 18.5KW 415V 50HZ,3 PHASE INDUCTION MOTOR 18.5KW 415V 50HZ,CM0080,3 PHASE INDUCTION MOTOR 55KW 415V 50HZ,MOTOR,94.87179487179488
157,CPSE-C,2 IN SS304 GTV 300 CLASS,2IN SS304 GTV 300 CLASS,CM0021,2 IN SS304 GATE VALVE 150 CLASS,VALVE,64.70588235294117
157,CPSE-C,2 IN SS304 GTV 300 CLASS,2IN SS304 GTV 300 CLASS,CM0022,2 IN SS304 GATE VALVE 300 CLASS,VALVE,78.94736842105263
157,CPSE-C,2 IN SS304 GTV 300 CLASS,2IN SS304 GTV 300 CLASS,CM0023,3 IN CS GATE VALVE 150 CLASS,VALVE,47.05882352941177
157,CPSE-C,2 IN SS304 GTV 300 CLASS,2IN SS304 GTV 300 CLASS,CM0024,4 IN SS316 BALL VALVE 150 CLASS,VALVE,44.44444444444444
157,CPSE-C,2 IN SS304 GTV 300 CLASS,2IN SS304 GTV 300 CLASS,CM0025,6 IN CS BUTTERFLY VALVE 150 CLASS,VALVE,39.285714285714285
157,CPSE-C,2 IN SS304 GTV 300 CLASS,2IN SS304 GTV 300 CLASS,CM0026,4 IN SS304 GATE VALVE 150 CLASS,VALVE,64.70588235294117
157,CPSE-C,2 IN SS304 GTV 300 CLASS,2IN SS304 GTV 300 CLASS,CM0027,6 IN SS316 BALL VALVE 300 CLASS,VALVE,59.25925925925926
157,CPSE-C,2 IN SS304 GTV 300 CLASS,2IN SS304 GTV 300 CLASS,CM0028,8 IN CS GATE VALVE 300 CLASS,VALVE,56.25
157,CPSE-C,2 IN SS304 GTV 300 CLASS,2IN SS304 GTV 300 CLASS,CM0029,10 IN CS BUTTERFLY VALVE 150 CLASS,VALVE,42.10526315789474
157,CPSE-C,2 IN SS304 GTV 300 CLASS,2IN SS304 GTV 300 CLASS,CM0030,2 IN CS GLOBE VALVE 150 CLASS,VALVE,42.30769230769231
158,CPSE-A,4C X 16 SQMM PVC CABL 1.1KV,4C X 16 SQMM PVC CABL 1.1KV,CM0061,1C X 2.5 SQMM PVC CABLE 1.1KV,ELECTRICAL_CABLE,85.71428571428571
158,CPSE-A,4C X 16 SQMM PVC CABL 1.1KV,4C X 16 SQMM PVC CABL 1.1KV,CM0062,1C X 4 SQMM PVC CABLE 1.1KV,ELECTRICAL_CABLE,92.5925925925926
158,CPSE-A,4C X 16 SQMM PVC CABL 1.1KV,4C X 16 SQMM PVC CABL 1.1KV,CM0063,3C X 2.5 SQMM PVC CABLE 1.1KV,ELECTRICAL_CABLE,85.71428571428571
158,CPSE-A,4C X 16 SQMM PVC CABL 1.1KV,4C X 16 SQMM PVC CABL 1.1KV,CM0064,3C X 4 SQMM PVC CABLE 1.1KV,ELECTRICAL_CABLE,88.88888888888889
158,CPSE-A,4C X 16 SQMM PVC CABL 1.1KV,4C X 16 SQMM PVC CABL 1.1KV,CM0065,3C X 6 SQMM PVC CABLE 1.1KV,ELECTRICAL_CABLE,85.18518518518519
158,CPSE-A,4C X 16 SQMM PVC CABL 1.1KV,4C X 16 SQMM PVC CABL 1.1KV,CM0066,4C X 10 SQMM PVC CABLE 1.1KV,ELECTRICAL_CABLE,94.54545454545455
158,CPSE-A,4C X 16 SQMM PVC CABL 1.1KV,4C X 16 SQMM PVC CABL 1.1KV,CM0067,4C X 16 SQMM PVC CABLE 1.1KV,ELECTRICAL_CABLE,98.18181818181819
158,CPSE-A,4C X 16 SQMM PVC CABL 1.1KV,4C X 16 SQMM PVC CABL 1.1KV,CM0068,4C X 25 SQMM PVC CABLE 1.1KV,ELECTRICAL_CABLE,90.9090909090909
158,CPSE-A,4C X 16 SQMM PVC CABL 1.1KV,4C X 16 SQMM PVC CABL 1.1KV,CM0069,3C X 35 SQMM PVC CABLE 1.1KV,ELECTRICAL_CABLE,87.27272727272728
158,CPSE-A,4C X 16 SQMM PVC CABL 1.1KV,4C X 16 SQMM PVC CABL 1.1KV,CM0070,4C X 50 SQMM PVC CABLE 1.1KV,ELECTRICAL_CABLE,90.9090909090909
159,CPSE-B,"10""CS BUTTERFLY VAL 150#",10INCS BUTTERFLY VAL 150#,CM0021,2 IN SS304 GATE VALVE 150 CLASS,VALVE,39.285714285714285
159,CPSE-B,"10""CS BUTTERFLY VAL 150#",10INCS BUTTERFLY VAL 150#,CM0022,2 IN SS304 GATE VALVE 300 CLASS,VALVE,35.71428571428571
159,CPSE-B,"10""CS BUTTERFLY VAL 150#",10INCS BUTTERFLY VAL 150#,CM0023,3 IN CS GATE VALVE 150 CLASS,VALVE,45.283018867924525
159,CPSE-B,"10""CS BUTTERFLY VAL 150#",10INCS BUTTERFLY VAL 150#,CM0024,4 IN SS316 BALL VALVE 150 CLASS,VALVE,35.71428571428571
159,CPSE-B,"10""CS BUTTERFLY VAL 150#",10INCS BUTTERFLY VAL 150#,CM0025,6 IN CS BUTTERFLY VALVE 150 CLASS,VALVE,65.51724137931035
159,CPSE-B,"10""CS BUTTERFLY VAL 150#",10INCS BUTTERFLY VAL 150#,CM0026,4 IN SS304 GATE VALVE 150 CLASS,VALVE,39.285714285714285
159,CPSE-B,"10""CS BUTTERFLY VAL 150#",10INCS BUTTERFLY VAL 150#,CM0027,6 IN SS316 BALL VALVE 300 CLASS,VALVE,32.14285714285714
159,CPSE-B,"10""CS BUTTERFLY VAL 150#",10INCS BUTTERFLY VAL 150#,CM0028,8 IN CS GATE VALVE 300 CLASS,VALVE,41.509433962264154
159,CPSE-B,"10""CS BUTTERFLY VAL 150#",10INCS BUTTERFLY VAL 150#,CM0029,10 IN CS BUTTERFLY VALVE 150 CLASS,VALVE,67.79661016949152
159,CPSE-B,"10""CS BUTTERFLY VAL 150#",10INCS BUTTERFLY VAL 150#,CM0030,2 IN CS GLOBE VALVE 150 CLASS,VALVE,44.44444444444444
160,CPSE-A,3 PHASE INDUCTION MTR 7.5KW 415V 50HZ,3 PHASE INDUCTION MOTOR 7.5KW 415V 50HZ,CM0071,3 PHASE INDUCTION MOTOR 5.5KW 415V 50HZ,MOTOR,97.43589743589743
160,CPSE-A,3 PHASE INDUCTION MTR 7.5KW 415V 50HZ,3 PHASE INDUCTION MOTOR 7.5KW 415V 50HZ,CM0072,3 PHASE INDUCTION MOTOR 7.5KW 415V 50HZ,MOTOR,100.0
160,CPSE-A,3 PHASE INDUCTION MTR 7.5KW 415V 50HZ,3 PHASE INDUCTION MOTOR 7.5KW 415V 50HZ,CM0073,3 PHASE INDUCTION MOTOR 11KW 415V 50HZ,MOTOR,93.50649350649351
160,CPSE-A,3 PHASE INDUCTION MTR 7.5KW 415V 50HZ,3 PHASE INDUCTION MOTOR 7.5KW 415V 50HZ,CM0074,3 PHASE INDUCTION MOTOR 15KW 415V 50HZ,MOTOR,96.1038961038961
160,CPSE-A,3 PHASE INDUCTION MTR 7.5KW 415V 50HZ,3 PHASE INDUCTION MOTOR 7.5KW 415V 50HZ,CM0075,3 PHASE INDUCTION MOTOR 18.5KW 415V 50HZ,MOTOR,96.20253164556962
160,CPSE-A,3 PHASE INDUCTION MTR 7.5KW 415V 50HZ,3 PHASE INDUCTION MOTOR 7.5KW 415V 50HZ,CM0076,3 PHASE INDUCTION MOTOR 22KW 415V 50HZ,MOTOR,93.50649350649351
160,CPSE-A,3 PHASE INDUCTION MTR 7.5KW 415V 50HZ,3 PHASE INDUCTION MOTOR 7.5KW 415V 50HZ,CM0077,3 PHASE INDUCTION MOTOR 30KW 415V 50HZ,MOTOR,93.50649350649351
160,CPSE-A,3 PHASE INDUCTION MTR 7.5KW 415V 50HZ,3 PHASE INDUCTION MOTOR 7.5KW 415V 50HZ,CM0078,3 PHASE INDUCTION MOTOR 37KW 415V 50HZ,MOTOR,96.1038961038961
160,CPSE-A,3 PHASE INDUCTION MTR 7.5KW 415V 50HZ,3 PHASE INDUCTION MOTOR 7.5KW 415V 50HZ,CM0079,3 PHASE INDUCTION MOTOR 45KW 415V 50HZ,MOTOR,96.1038961038961
160,CPSE-A,3 PHASE INDUCTION MTR 7.5KW 415V 50HZ,3 PHASE INDUCTION MOTOR 7.5KW 415V 50HZ,CM0080,3 PHASE INDUCTION MOTOR 55KW 415V 50HZ,MOTOR,96.1038961038961
161,CPSE-A,6 IN SPIRAL WOUND GRAPHITE GKT 150 CLASS,6IN SPIRAL WOUND GRAPHITE GASKET 150 CLASS,CM0051,2 IN SPIRAL WOUND SS GRAPHITE GASKET 150 CLASS,GASKET,95.0
161,CPSE-A,6 IN SPIRAL WOUND GRAPHITE GKT 150 CLASS,6IN SPIRAL WOUND GRAPHITE GASKET 150 CLASS,CM0052,3 IN SPIRAL WOUND SS GRAPHITE GASKET 150 CLASS,GASKET,95.0
161,CPSE-A,6 IN SPIRAL WOUND GRAPHITE GKT 150 CLASS,6IN SPIRAL WOUND GRAPHITE GASKET 150 CLASS,CM0053,4 IN SPIRAL WOUND GRAPHITE GASKET 300 CLASS,GASKET,91.76470588235294
161,CPSE-A,6 IN SPIRAL WOUND GRAPHITE GKT 150 CLASS,6IN SPIRAL WOUND GRAPHITE GASKET 150 CLASS,CM0054,6 IN SPIRAL WOUND GRAPHITE GASKET 150 CLASS,GASKET,98.82352941176471
161,CPSE-A,6 IN SPIRAL WOUND GRAPHITE GKT 150 CLASS,6IN SPIRAL WOUND GRAPHITE GASKET 150 CLASS,CM0055,8 IN PTFE FULL FACE GASKET 150 CLASS,GASKET,61.53846153846154
161,CPSE-A,6 IN SPIRAL WOUND GRAPHITE GKT 150 CLASS,6IN SPIRAL WOUND GRAPHITE GASKET 150 CLASS,CM0056,2 IN PTFE FULL FACE GASKET 150 CLASS,GASKET,61.53846153846154
161,CPSE-A,6 IN SPIRAL WOUND GRAPHITE GKT 150 CLASS,6IN SPIRAL WOUND GRAPHITE GASKET 150 CLASS,CM0057,4 IN SS GRAPHITE GASKET 150 CLASS,GASKET,86.20689655172414
161,CPSE-A,6 IN SPIRAL WOUND GRAPHITE GKT 150 CLASS,6IN SPIRAL WOUND GRAPHITE GASKET 150 CLASS,CM0058,6 IN PTFE FULL FACE GASKET 300 CLASS,GASKET,58.97435897435897
161,CPSE-A,6 IN SPIRAL WOUND GRAPHITE GKT 150 CLASS,6IN SPIRAL WOUND GRAPHITE GASKET 150 CLASS,CM0059,10 IN GRAPHITE SPIRAL WOUND GASKET 150 CLASS,GASKET,95.34883720930233
161,CPSE-A,6 IN SPIRAL WOUND GRAPHITE GKT 150 CLASS,6IN SPIRAL WOUND GRAPHITE GASKET 150 CLASS,CM0060,12 IN GRAPHITE SPIRAL WOUND GASKET 300 CLASS,GASKET,93.02325581395348
162,CPSE-A,M20 X 80 GI HEX BOLT,M20X80 GALVANIZED STEEL HEX BOLT,CM0001,M10 X 50 SS304 HEX BOLT,FASTENER,51.61290322580645
162,CPSE-A,M20 X 80 GI HEX BOLT,M20X80 GALVANIZED STEEL HEX BOLT,CM0002,M12 X 50 SS304 HEX BOLT,FASTENER,51.61290322580645
162,CPSE-A,M20 X 80 GI HEX BOLT,M20X80 GALVANIZED STEEL HEX BOLT,CM0003,M10 X 75 SS316 HEX BOLT,FASTENER,51.61290322580645
162,CPSE-A,M20 X 80 GI HEX BOLT,M20X80 GALVANIZED STEEL HEX BOLT,CM0004,M16 X 60 CARBON STEEL HEX BOLT,FASTENER,64.51612903225806
162,CPSE-A,M20 X 80 GI HEX BOLT,M20X80 GALVANIZED STEEL HEX BOLT,CM0005,M20 X 80 GALVANIZED STEEL HEX BOLT,FASTENER,90.9090909090909
162,CPSE-A,M20 X 80 GI HEX BOLT,M20X80 GALVANIZED STEEL HEX BOLT,CM0006,M8 X 40 CARBON STEEL HEX BOLT,FASTENER,65.57377049180329
162,CPSE-A,M20 X 80 GI HEX BOLT,M20X80 GALVANIZED STEEL HEX BOLT,CM0007,M12 X 80 SS316 HEX BOLT,FASTENER,51.61290322580645
162,CPSE-A,M20 X 80 GI HEX BOLT,M20X80 GALVANIZED STEEL HEX BOLT,CM0008,M16 X 75 SS304 HEX BOLT,FASTENER,51.61290322580645
162,CPSE-A,M20 X 80 GI HEX BOLT,M20X80 GALVANIZED STEEL HEX BOLT,CM0009,M20 X 100 CARBON STEEL HEX BOLT,FASTENER,69.84126984126985
162,CPSE-A,M20 X 80 GI HEX BOLT,M20X80 GALVANIZED STEEL HEX BOLT,CM0010,M10 X 30 SS304 HEX BOLT,FASTENER,51.61290322580645
163,CPSE-C,DGB BRG 6206,DGB BEARING 6206,CM0011,DEEP GROOVE BALL BEARING 6205,BEARING,62.22222222222222
163,CPSE-C,DGB BRG 6206,DGB BEARING 6206,CM0012,DEEP GROOVE BALL BEARING 6206,BEARING,85.71428571428571
163,CPSE-C,DGB BRG 6206,DGB BEARING 6206,CM0013,DEEP GROOVE BALL BEARING 6207,BEARING,62.22222222222222
163,CPSE-C,DGB BRG 6206,DGB BEARING 6206,CM0014,DEEP GROOVE BALL BEARING 6305,BEARING,60.869565217391305
163,CPSE-C,DGB BRG 6206,DGB BEARING 6206,CM0015,DEEP GROOVE BALL BEARING 6306,BEARING,62.22222222222222
163,CPSE-C,DGB BRG 6206,DGB BEARING 6206,CM0016,DEEP GROOVE BALL BEARING 6307,BEARING,60.869565217391305
163,CPSE-C,DGB BRG 6206,DGB BEARING 6206,CM0017,TAPERED ROLLER BEARING 30205,BEARING,60.869565217391305
163,CPSE-C,DGB BRG 6206,DGB BEARING 6206,CM0018,TAPERED ROLLER BEARING 30206,BEARING,60.869565217391305
163,CPSE-C,DGB BRG 6206,DGB BEARING 6206,CM0019,TAPERED ROLLER BEARING 30305,BEARING,60.869565217391305
163,CPSE-C,DGB BRG 6206,DGB BEARING 6206,CM0020,SPHERICAL ROLLER BEARING 22205,BEARING,60.869565217391305
164,CPSE-B,M10X30 SS304 HEX BOLT,M10X30 SS304 HEX BOLT,CM0001,M10 X 50 SS304 HEX BOLT,FASTENER,86.36363636363636
164,CPSE-B,M10X30 SS304 HEX BOLT,M10X30 SS304 HEX BOLT,CM0002,M12 X 50 SS304 HEX BOLT,FASTENER,81.81818181818181
164,CPSE-B,M10X30 SS304 HEX BOLT,M10X30 SS304 HEX BOLT,CM0003,M10 X 75 SS316 HEX BOLT,FASTENER,72.72727272727272
164,CPSE-B,M10X30 SS304 HEX BOLT,M10X30 SS304 HEX BOLT,CM0004,M16 X 60 CARBON STEEL HEX BOLT,FASTENER,55.172413793103445
164,CPSE-B,M10X30 SS304 HEX BOLT,M10X30 SS304 HEX BOLT,CM0005,M20 X 80 GALVANIZED STEEL HEX BOLT,FASTENER,55.172413793103445
164,CPSE-B,M10X30 SS304 HEX BOLT,M10X30 SS304 HEX BOLT,CM0006,M8 X 40 CARBON STEEL HEX BOLT,FASTENER,55.172413793103445
164,CPSE-B,M10X30 SS304 HEX BOLT,M10X30 SS304 HEX BOLT,CM0007,M12 X 80 SS316 HEX BOLT,FASTENER,68.18181818181819
164,CPSE-B,M10X30 SS304 HEX BOLT,M10X30 SS304 HEX BOLT,CM0008,M16 X 75 SS304 HEX BOLT,FASTENER,81.81818181818181
164,CPSE-B,M10X30 SS304 HEX BOLT,M10X30 SS304 HEX BOLT,CM0009,M20 X 100 CARBON STEEL HEX BOLT,FASTENER,55.172413793103445
164,CPSE-B,M10X30 SS304 HEX BOLT,M10X30 SS304 HEX BOLT,CM0010,M10 X 30 SS304 HEX BOLT,FASTENER,86.36363636363636
165,CPSE-B,"12""CS WELD NECK FLG 150#",12INCS WELD NECK FLANGE 150#,CM0041,2 IN CS WELD NECK FLANGE 150 CLASS,FLANGE,72.72727272727272
165,CPSE-B,"12""CS WELD NECK FLG 150#",12INCS WELD NECK FLANGE 150#,CM0042,2 IN SS304 WELD NECK FLANGE 150 CLASS,FLANGE,72.72727272727272
165,CPSE-B,"12""CS WELD NECK FLG 150#",12INCS WELD NECK FLANGE 150#,CM0043,3 IN CS SLIP ON FLANGE 150 CLASS,FLANGE,50.0
165,CPSE-B,"12""CS WELD NECK FLG 150#",12INCS WELD NECK FLANGE 150#,CM0044,4 IN SS316 WELD NECK FLANGE 300 CLASS,FLANGE,72.72727272727272
165,CPSE-B,"12""CS WELD NECK FLG 150#",12INCS WELD NECK FLANGE 150#,CM0045,6 IN CS SLIP ON FLANGE 150 CLASS,FLANGE,50.0
165,CPSE-B,"12""CS WELD NECK FLG 150#",12INCS WELD NECK FLANGE 150#,CM0046,8 IN CS WELD NECK FLANGE 300 CLASS,FLANGE,72.72727272727272
165,CPSE-B,"12""CS WELD NECK FLG 150#",12INCS WELD NECK FLANGE 150#,CM0047,10 IN SS304 SLIP ON FLANGE 150 CLASS,FLANGE,50.0
165,CPSE-B,"12""CS WELD NECK FLG 150#",12INCS WELD NECK FLANGE 150#,CM0048,12 IN CS WELD NECK FLANGE 150 CLASS,FLANGE,73.01587301587301
165,CPSE-B,"12""CS WELD NECK FLG 150#",12INCS WELD NECK FLANGE 150#,CM0049,4 IN SS304 SLIP ON FLANGE 300 CLASS,FLANGE,44.44444444444444
165,CPSE-B,"12""CS WELD NECK FLG 150#",12INCS WELD NECK FLANGE 150#,CM0050,6 IN SS316 WELD NECK FLANGE 150 CLASS,FLANGE,72.72727272727272
166,CPSE-C,E-DRILL 13MM 800W,E-DRILL 13MM 800W,CM0091,ANGLE GRINDER 100MM 750W,INDUSTRIAL_TOOL,48.78048780487805
166,CPSE-C,E-DRILL 13MM 800W,E-DRILL 13MM 800W,CM0092,ANGLE GRINDER 115MM 900W,INDUSTRIAL_TOOL,53.65853658536585
166,CPSE-C,E-DRILL 13MM 800W,E-DRILL 13MM 800W,CM0093,ANGLE GRINDER 125MM 1100W,INDUSTRIAL_TOOL,38.095238095238095
166,CPSE-C,E-DRILL 13MM 800W,E-DRILL 13MM 800W,CM0094,ELECTRIC DRILL 10MM 650W,INDUSTRIAL_TOOL,58.53658536585366
166,CPSE-C,E-DRILL 13MM 800W,E-DRILL 13MM 800W,CM0095,ELECTRIC DRILL 13MM 800W,INDUSTRIAL_TOOL,73.17073170731707
166,CPSE-C,E-DRILL 13MM 800W,E-DRILL 13MM 800W,CM0096,IMPACT WRENCH 1/2 IN 500W,INDUSTRIAL_TOOL,33.33333333333333
166,CPSE-C,E-DRILL 13MM 800W,E-DRILL 13MM 800W,CM0097,CUTTING MACHINE 355MM 2000W,INDUSTRIAL_TOOL,27.272727272727266
166,CPSE-C,E-DRILL 13MM 800W,E-DRILL 13MM 800W,CM0098,WELDING MACHINE 200A,INDUSTRIAL_TOOL,32.432432432432435
166,CPSE-C,E-DRILL 13MM 800W,E-DRILL 13MM 800W,CM0099,TORQUE WRENCH 50-250NM,INDUSTRIAL_TOOL,25.641025641025635
166,CPSE-C,E-DRILL 13MM 800W,E-DRILL 13MM 800W,CM0100,BENCH GRINDER 200MM 550W,INDUSTRIAL_TOOL,43.90243902439025
167,CPSE-C,C/PMP 100 M3/H 50M HEAD 22KW,C PUMP 100 M3 H 50M HEAD 22KW,CM0081,CENTRIFUGAL PUMP 20 M3/H 30M HEAD 5.5KW,PUMP,58.8235294117647
167,CPSE-C,C/PMP 100 M3/H 50M HEAD 22KW,C PUMP 100 M3 H 50M HEAD 22KW,CM0082,CENTRIFUGAL PUMP 30 M3/H 40M HEAD 7.5KW,PUMP,58.8235294117647
167,CPSE-C,C/PMP 100 M3/H 50M HEAD 22KW,C PUMP 100 M3 H 50M HEAD 22KW,CM0083,CENTRIFUGAL PUMP 50 M3/H 50M HEAD 11KW,PUMP,65.67164179104478
167,CPSE-C,C/PMP 100 M3/H 50M HEAD 22KW,C PUMP 100 M3 H 50M HEAD 22KW,CM0084,CENTRIFUGAL PUMP 75 M3/H 40M HEAD 15KW,PUMP,62.6865671641791
167,CPSE-C,C/PMP 100 M3/H 50M HEAD 22KW,C PUMP 100 M3 H 50M HEAD 22KW,CM0085,CENTRIFUGAL PUMP 100 M3/H 50M HEAD 22KW,PUMP,86.27450980392157
167,CPSE-C,C/PMP 100 M3/H 50M HEAD 22KW,C PUMP 100 M3 H 50M HEAD 22KW,CM0086,CENTRIFUGAL PUMP 120 M3/H 60M HEAD 30KW,PUMP,67.64705882352942
167,CPSE-C,C/PMP 100 M3/H 50M HEAD 22KW,C PUMP 100 M3 H 50M HEAD 22KW,CM0087,CENTRIFUGAL PUMP 150 M3/H 50M HEAD 37KW,PUMP,70.58823529411765
167,CPSE-C,C/PMP 100 M3/H 50M HEAD 22KW,C PUMP 100 M3 H 50M HEAD 22KW,CM0088,CENTRIFUGAL PUMP 200 M3/H 60M HEAD 45KW,PUMP,67.64705882352942
167,CPSE-C,C/PMP 100 M3/H 50M HEAD 22KW,C PUMP 100 M3 H 50M HEAD 22KW,CM0089,CENTRIFUGAL PUMP 250 M3/H 70M HEAD 55KW,PUMP,64.70588235294117
167,CPSE-C,C/PMP 100 M3/H 50M HEAD 22KW,C PUMP 100 M3 H 50M HEAD 22KW,CM0090,CENTRIFUGAL PUMP 300 M3/H 80M HEAD 75KW,PUMP,67.64705882352942
168,CPSE-C,4 IN SS GRAPHITE GASKET 150 CLASS,4IN SS GRAPHITE GASKET 150 CLASS,CM0051,2 IN SPIRAL WOUND SS GRAPHITE GASKET 150 CLASS,GASKET,93.33333333333333
168,CPSE-C,4 IN SS GRAPHITE GASKET 150 CLASS,4IN SS GRAPHITE GASKET 150 CLASS,CM0052,3 IN SPIRAL WOUND SS GRAPHITE GASKET 150 CLASS,GASKET,93.33333333333333
168,CPSE-C,4 IN SS GRAPHITE GASKET 150 CLASS,4IN SS GRAPHITE GASKET 150 CLASS,CM0053,4 IN SPIRAL WOUND GRAPHITE GASKET 300 CLASS,GASKET,79.24528301886792
168,CPSE-C,4 IN SS GRAPHITE GASKET 150 CLASS,4IN SS GRAPHITE GASKET 150 CLASS,CM0054,6 IN SPIRAL WOUND GRAPHITE GASKET 150 CLASS,GASKET,87.71929824561403
168,CPSE-C,4 IN SS GRAPHITE GASKET 150 CLASS,4IN SS GRAPHITE GASKET 150 CLASS,CM0055,8 IN PTFE FULL FACE GASKET 150 CLASS,GASKET,67.64705882352942
168,CPSE-C,4 IN SS GRAPHITE GASKET 150 CLASS,4IN SS GRAPHITE GASKET 150 CLASS,CM0056,2 IN PTFE FULL FACE GASKET 150 CLASS,GASKET,67.64705882352942
168,CPSE-C,4 IN SS GRAPHITE GASKET 150 CLASS,4IN SS GRAPHITE GASKET 150 CLASS,CM0057,4 IN SS GRAPHITE GASKET 150 CLASS,GASKET,98.46153846153847
168,CPSE-C,4 IN SS GRAPHITE GASKET 150 CLASS,4IN SS GRAPHITE GASKET 150 CLASS,CM0058,6 IN PTFE FULL FACE GASKET 300 CLASS,GASKET,61.76470588235294
168,CPSE-C,4 IN SS GRAPHITE GASKET 150 CLASS,4IN SS GRAPHITE GASKET 150 CLASS,CM0059,10 IN GRAPHITE SPIRAL WOUND GASKET 150 CLASS,GASKET,87.71929824561403
168,CPSE-C,4 IN SS GRAPHITE GASKET 150 CLASS,4IN SS GRAPHITE GASKET 150 CLASS,CM0060,12 IN GRAPHITE SPIRAL WOUND GASKET 300 CLASS,GASKET,79.24528301886792
169,CPSE-A,TAPERED ROLLER BRG 30206,TAPERED ROLLER BEARING 30206,CM0011,DEEP GROOVE BALL BEARING 6205,BEARING,59.64912280701754
169,CPSE-A,TAPERED ROLLER BRG 30206,TAPERED ROLLER BEARING 30206,CM0012,DEEP GROOVE BALL BEARING 6206,BEARING,63.1578947368421
169,CPSE-A,TAPERED ROLLER BRG 30206,TAPERED ROLLER BEARING 30206,CM0013,DEEP GROOVE BALL BEARING 6207,BEARING,59.64912280701754
169,CPSE-A,TAPERED ROLLER BRG 30206,TAPERED ROLLER BEARING 30206,CM0014,DEEP GROOVE BALL BEARING 6305,BEARING,59.64912280701754
169,CPSE-A,TAPERED ROLLER BRG 30206,TAPERED ROLLER BEARING 30206,CM0015,DEEP GROOVE BALL BEARING 6306,BEARING,63.1578947368421
169,CPSE-A,TAPERED ROLLER BRG 30206,TAPERED ROLLER BEARING 30206,CM0016,DEEP GROOVE BALL BEARING 6307,BEARING,59.64912280701754
169,CPSE-A,TAPERED ROLLER BRG 30206,TAPERED ROLLER BEARING 30206,CM0017,TAPERED ROLLER BEARING 30205,BEARING,96.42857142857143
169,CPSE-A,TAPERED ROLLER BRG 30206,TAPERED ROLLER BEARING 30206,CM0018,TAPERED ROLLER BEARING 30206,BEARING,100.0
169,CPSE-A,TAPERED ROLLER BRG 30206,TAPERED ROLLER BEARING 30206,CM0019,TAPERED ROLLER BEARING 30305,BEARING,92.85714285714286
169,CPSE-A,TAPERED ROLLER BRG 30206,TAPERED ROLLER BEARING 30206,CM0020,SPHERICAL ROLLER BEARING 22205,BEARING,72.41379310344828
170,CPSE-C,3 IN CS SEAMLESS PIPE SCH40,3IN CARBON STEEL SEAMLESS PIPE SCH40,CM0031,2 IN CS SEAMLESS PIPE SCH40,PIPE,82.6086956521739
170,CPSE-C,3 IN CS SEAMLESS PIPE SCH40,3IN CARBON STEEL SEAMLESS PIPE SCH40,CM0032,3 IN CS SEAMLESS PIPE SCH40,PIPE,82.6086956521739
170,CPSE-C,3 IN CS SEAMLESS PIPE SCH40,3IN CARBON STEEL SEAMLESS PIPE SCH40,CM0033,4 IN SS304 SEAMLESS PIPE SCH40,PIPE,77.55102040816327
170,CPSE-C,3 IN CS SEAMLESS PIPE SCH40,3IN CARBON STEEL SEAMLESS PIPE SCH40,CM0034,6 IN CS SEAMLESS PIPE SCH80,PIPE,69.84126984126985
170,CPSE-C,3 IN CS SEAMLESS PIPE SCH40,3IN CARBON STEEL SEAMLESS PIPE SCH40,CM0035,8 IN SS316 SEAMLESS PIPE SCH40,PIPE,77.55102040816327
170,CPSE-C,3 IN CS SEAMLESS PIPE SCH40,3IN CARBON STEEL SEAMLESS PIPE SCH40,CM0036,2 IN SS304 SEAMLESS PIPE SCH10,PIPE,69.69696969696969
170,CPSE-C,3 IN CS SEAMLESS PIPE SCH40,3IN CARBON STEEL SEAMLESS PIPE SCH40,CM0037,3 IN SS316 SEAMLESS PIPE SCH40,PIPE,77.55102040816327
170,CPSE-C,3 IN CS SEAMLESS PIPE SCH40,3IN CARBON STEEL SEAMLESS PIPE SCH40,CM0038,4 IN CS SEAMLESS PIPE SCH80,PIPE,69.84126984126985
170,CPSE-C,3 IN CS SEAMLESS PIPE SCH40,3IN CARBON STEEL SEAMLESS PIPE SCH40,CM0039,6 IN SS304 SEAMLESS PIPE SCH40,PIPE,77.55102040816327
170,CPSE-C,3 IN CS SEAMLESS PIPE SCH40,3IN CARBON STEEL SEAMLESS PIPE SCH40,CM0040,8 IN CS SEAMLESS PIPE SCH80,PIPE,69.84126984126985
171,CPSE-B,4CX50 SQMM PVC CABLE 1.1KV,4CX50 SQMM PVC CABLE 1.1KV,CM0061,1C X 2.5 SQMM PVC CABLE 1.1KV,ELECTRICAL_CABLE,86.95652173913044
171,CPSE-B,4CX50 SQMM PVC CABLE 1.1KV,4CX50 SQMM PVC CABLE 1.1KV,CM0062,1C X 4 SQMM PVC CABLE 1.1KV,ELECTRICAL_CABLE,86.95652173913044
171,CPSE-B,4CX50 SQMM PVC CABLE 1.1KV,4CX50 SQMM PVC CABLE 1.1KV,CM0063,3C X 2.5 SQMM PVC CABLE 1.1KV,ELECTRICAL_CABLE,86.95652173913044
171,CPSE-B,4CX50 SQMM PVC CABLE 1.1KV,4CX50 SQMM PVC CABLE 1.1KV,CM0064,3C X 4 SQMM PVC CABLE 1.1KV,ELECTRICAL_CABLE,86.95652173913044
171,CPSE-B,4CX50 SQMM PVC CABLE 1.1KV,4CX50 SQMM PVC CABLE 1.1KV,CM0065,3C X 6 SQMM PVC CABLE 1.1KV,ELECTRICAL_CABLE,86.95652173913044
171,CPSE-B,4CX50 SQMM PVC CABLE 1.1KV,4CX50 SQMM PVC CABLE 1.1KV,CM0066,4C X 10 SQMM PVC CABLE 1.1KV,ELECTRICAL_CABLE,88.88888888888889
171,CPSE-B,4CX50 SQMM PVC CABLE 1.1KV,4CX50 SQMM PVC CABLE 1.1KV,CM0067,4C X 16 SQMM PVC CABLE 1.1KV,ELECTRICAL_CABLE,88.88888888888889
171,CPSE-B,4CX50 SQMM PVC CABLE 1.1KV,4CX50 SQMM PVC CABLE 1.1KV,CM0068,4C X 25 SQMM PVC CABLE 1.1KV,ELECTRICAL_CABLE,88.88888888888889
171,CPSE-B,4CX50 SQMM PVC CABLE 1.1KV,4CX50 SQMM PVC CABLE 1.1KV,CM0069,3C X 35 SQMM PVC CABLE 1.1KV,ELECTRICAL_CABLE,86.95652173913044
171,CPSE-B,4CX50 SQMM PVC CABLE 1.1KV,4CX50 SQMM PVC CABLE 1.1KV,CM0070,4C X 50 SQMM PVC CABLE 1.1KV,ELECTRICAL_CABLE,92.5925925925926
172,CPSE-B,CENTRIF PUMP 50 M3/H 50M HEAD 11KW,CENTRIF PUMP 50 M3 H 50M HEAD 11KW,CM0081,CENTRIFUGAL PUMP 20 M3/H 30M HEAD 5.5KW,PUMP,68.4931506849315
172,CPSE-B,CENTRIF PUMP 50 M3/H 50M HEAD 11KW,CENTRIF PUMP 50 M3 H 50M HEAD 11KW,CM0082,CENTRIFUGAL PUMP 30 M3/H 40M HEAD 7.5KW,PUMP,68.4931506849315
172,CPSE-B,CENTRIF PUMP 50 M3/H 50M HEAD 11KW,CENTRIF PUMP 50 M3 H 50M HEAD 11KW,CM0083,CENTRIFUGAL PUMP 50 M3/H 50M HEAD 11KW,PUMP,88.88888888888889
172,CPSE-B,CENTRIF PUMP 50 M3/H 50M HEAD 11KW,CENTRIF PUMP 50 M3 H 50M HEAD 11KW,CM0084,CENTRIFUGAL PUMP 75 M3/H 40M HEAD 15KW,PUMP,77.77777777777777
172,CPSE-B,CENTRIF PUMP 50 M3/H 50M HEAD 11KW,CENTRIF PUMP 50 M3 H 50M HEAD 11KW,CM0085,CENTRIFUGAL PUMP 100 M3/H 50M HEAD 22KW,PUMP,76.7123287671233
172,CPSE-B,CENTRIF PUMP 50 M3/H 50M HEAD 11KW,CENTRIF PUMP 50 M3 H 50M HEAD 11KW,CM0086,CENTRIFUGAL PUMP 120 M3/H 60M HEAD 30KW,PUMP,73.97260273972603
172,CPSE-B,CENTRIF PUMP 50 M3/H 50M HEAD 11KW,CENTRIF PUMP 50 M3 H 50M HEAD 11KW,CM0087,CENTRIFUGAL PUMP 150 M3/H 50M HEAD 37KW,PUMP,76.7123287671233
172,CPSE-B,CENTRIF PUMP 50 M3/H 50M HEAD 11KW,CENTRIF PUMP 50 M3 H 50M HEAD 11KW,CM0088,CENTRIFUGAL PUMP 200 M3/H 60M HEAD 45KW,PUMP,71.23287671232876
172,CPSE-B,CENTRIF PUMP 50 M3/H 50M HEAD 11KW,CENTRIF PUMP 50 M3 H 50M HEAD 11KW,CM0089,CENTRIFUGAL PUMP 250 M3/H 70M HEAD 55KW,PUMP,73.97260273972603
172,CPSE-B,CENTRIF PUMP 50 M3/H 50M HEAD 11KW,CENTRIF PUMP 50 M3 H 50M HEAD 11KW,CM0090,CENTRIFUGAL PUMP 300 M3/H 80M HEAD 75KW,PUMP,71.23287671232876
173,CPSE-C,DGB BRG 6305,DGB BEARING 6305,CM0011,DEEP GROOVE BALL BEARING 6205,BEARING,62.22222222222222
173,CPSE-C,DGB BRG 6305,DGB BEARING 6305,CM0012,DEEP GROOVE BALL BEARING 6206,BEARING,60.869565217391305
173,CPSE-C,DGB BRG 6305,DGB BEARING 6305,CM0013,DEEP GROOVE BALL BEARING 6207,BEARING,60.869565217391305
173,CPSE-C,DGB BRG 6305,DGB BEARING 6305,CM0014,DEEP GROOVE BALL BEARING 6305,BEARING,85.71428571428571
173,CPSE-C,DGB BRG 6305,DGB BEARING 6305,CM0015,DEEP GROOVE BALL BEARING 6306,BEARING,62.22222222222222
173,CPSE-C,DGB BRG 6305,DGB BEARING 6305,CM0016,DEEP GROOVE BALL BEARING 6307,BEARING,62.22222222222222
173,CPSE-C,DGB BRG 6305,DGB BEARING 6305,CM0017,TAPERED ROLLER BEARING 30205,BEARING,60.869565217391305
173,CPSE-C,DGB BRG 6305,DGB BEARING 6305,CM0018,TAPERED ROLLER BEARING 30206,BEARING,60.869565217391305
173,CPSE-C,DGB BRG 6305,DGB BEARING 6305,CM0019,TAPERED ROLLER BEARING 30305,BEARING,60.869565217391305
173,CPSE-C,DGB BRG 6305,DGB BEARING 6305,CM0020,SPHERICAL ROLLER BEARING 22205,BEARING,60.869565217391305
174,CPSE-C,2 IN CS GLV 150 CLASS,2IN CARBON STEEL GLV 150 CLASS,CM0021,2 IN SS304 GATE VALVE 150 CLASS,VALVE,59.01639344262295
174,CPSE-C,2 IN CS GLV 150 CLASS,2IN CARBON STEEL GLV 150 CLASS,CM0022,2 IN SS304 GATE VALVE 300 CLASS,VALVE,49.18032786885246
174,CPSE-C,2 IN CS GLV 150 CLASS,2IN CARBON STEEL GLV 150 CLASS,CM0023,3 IN CS GATE VALVE 150 CLASS,VALVE,62.06896551724138
174,CPSE-C,2 IN CS GLV 150 CLASS,2IN CARBON STEEL GLV 150 CLASS,CM0024,4 IN SS316 BALL VALVE 150 CLASS,VALVE,55.73770491803279
174,CPSE-C,2 IN CS GLV 150 CLASS,2IN CARBON STEEL GLV 150 CLASS,CM0025,6 IN CS BUTTERFLY VALVE 150 CLASS,VALVE,53.96825396825397
174,CPSE-C,2 IN CS GLV 150 CLASS,2IN CARBON STEEL GLV 150 CLASS,CM0026,4 IN SS304 GATE VALVE 150 CLASS,VALVE,55.73770491803279
174,CPSE-C,2 IN CS GLV 150 CLASS,2IN CARBON STEEL GLV 150 CLASS,CM0027,6 IN SS316 BALL VALVE 300 CLASS,VALVE,49.18032786885246
174,CPSE-C,2 IN CS GLV 150 CLASS,2IN CARBON STEEL GLV 150 CLASS,CM0028,8 IN CS GATE VALVE 300 CLASS,VALVE,55.172413793103445
174,CPSE-C,2 IN CS GLV 150 CLASS,2IN CARBON STEEL GLV 150 CLASS,CM0029,10 IN CS BUTTERFLY VALVE 150 CLASS,VALVE,53.125
174,CPSE-C,2 IN CS GLV 150 CLASS,2IN CARBON STEEL GLV 150 CLASS,CM0030,2 IN CS GLOBE VALVE 150 CLASS,VALVE,64.40677966101694
175,CPSE-B,CENTRIF PUMP 30 M3/H 40M HEAD 7.5KW,CENTRIF PUMP 30 M3 H 40M HEAD 7.5KW,CM0081,CENTRIFUGAL PUMP 20 M3/H 30M HEAD 5.5KW,PUMP,81.08108108108108
175,CPSE-B,CENTRIF PUMP 30 M3/H 40M HEAD 7.5KW,CENTRIF PUMP 30 M3 H 40M HEAD 7.5KW,CM0082,CENTRIFUGAL PUMP 30 M3/H 40M HEAD 7.5KW,PUMP,89.1891891891892
175,CPSE-B,CENTRIF PUMP 30 M3/H 40M HEAD 7.5KW,CENTRIF PUMP 30 M3 H 40M HEAD 7.5KW,CM0083,CENTRIFUGAL PUMP 50 M3/H 50M HEAD 11KW,PUMP,68.4931506849315
175,CPSE-B,CENTRIF PUMP 30 M3/H 40M HEAD 7.5KW,CENTRIF PUMP 30 M3 H 40M HEAD 7.5KW,CM0084,CENTRIFUGAL PUMP 75 M3/H 40M HEAD 15KW,PUMP,76.7123287671233
175,CPSE-B,CENTRIF PUMP 30 M3/H 40M HEAD 7.5KW,CENTRIF PUMP 30 M3 H 40M HEAD 7.5KW,CM0085,CENTRIFUGAL PUMP 100 M3/H 50M HEAD 22KW,PUMP,70.27027027027027
175,CPSE-B,CENTRIF PUMP 30 M3/H 40M HEAD 7.5KW,CENTRIF PUMP 30 M3 H 40M HEAD 7.5KW,CM0086,CENTRIFUGAL PUMP 120 M3/H 60M HEAD 30KW,PUMP,70.27027027027027
175,CPSE-B,CENTRIF PUMP 30 M3/H 40M HEAD 7.5KW,CENTRIF PUMP 30 M3 H 40M HEAD 7.5KW,CM0087,CENTRIFUGAL PUMP 150 M3/H 50M HEAD 37KW,PUMP,70.27027027027027
175,CPSE-B,CENTRIF PUMP 30 M3/H 40M HEAD 7.5KW,CENTRIF PUMP 30 M3 H 40M HEAD 7.5KW,CM0088,CENTRIFUGAL PUMP 200 M3/H 60M HEAD 45KW,PUMP,72.97297297297297
175,CPSE-B,CENTRIF PUMP 30 M3/H 40M HEAD 7.5KW,CENTRIF PUMP 30 M3 H 40M HEAD 7.5KW,CM0089,CENTRIFUGAL PUMP 250 M3/H 70M HEAD 55KW,PUMP,70.27027027027027
175,CPSE-B,CENTRIF PUMP 30 M3/H 40M HEAD 7.5KW,CENTRIF PUMP 30 M3 H 40M HEAD 7.5KW,CM0090,CENTRIFUGAL PUMP 300 M3/H 80M HEAD 75KW,PUMP,78.37837837837839
176,CPSE-B,"8""CS WELD NECK FLG 300#",8INCS WELD NECK FLANGE 300#,CM0041,2 IN CS WELD NECK FLANGE 150 CLASS,FLANGE,74.4186046511628
176,CPSE-B,"8""CS WELD NECK FLG 300#",8INCS WELD NECK FLANGE 300#,CM0042,2 IN SS304 WELD NECK FLANGE 150 CLASS,FLANGE,74.4186046511628
176,CPSE-B,"8""CS WELD NECK FLG 300#",8INCS WELD NECK FLANGE 300#,CM0043,3 IN CS SLIP ON FLANGE 150 CLASS,FLANGE,50.847457627118644
176,CPSE-B,"8""CS WELD NECK FLG 300#",8INCS WELD NECK FLANGE 300#,CM0044,4 IN SS316 WELD NECK FLANGE 300 CLASS,FLANGE,75.0
176,CPSE-B,"8""CS WELD NECK FLG 300#",8INCS WELD NECK FLANGE 300#,CM0045,6 IN CS SLIP ON FLANGE 150 CLASS,FLANGE,50.847457627118644
176,CPSE-B,"8""CS WELD NECK FLG 300#",8INCS WELD NECK FLANGE 300#,CM0046,8 IN CS WELD NECK FLANGE 300 CLASS,FLANGE,78.68852459016394
176,CPSE-B,"8""CS WELD NECK FLG 300#",8INCS WELD NECK FLANGE 300#,CM0047,10 IN SS304 SLIP ON FLANGE 150 CLASS,FLANGE,50.79365079365079
176,CPSE-B,"8""CS WELD NECK FLG 300#",8INCS WELD NECK FLANGE 300#,CM0048,12 IN CS WELD NECK FLANGE 150 CLASS,FLANGE,74.4186046511628
176,CPSE-B,"8""CS WELD NECK FLG 300#",8INCS WELD NECK FLANGE 300#,CM0049,4 IN SS304 SLIP ON FLANGE 300 CLASS,FLANGE,54.83870967741935
176,CPSE-B,"8""CS WELD NECK FLG 300#",8INCS WELD NECK FLANGE 300#,CM0050,6 IN SS316 WELD NECK FLANGE 150 CLASS,FLANGE,74.4186046511628
177,CPSE-C,M20X100 CS HEX BOLT,M20X100 CARBON STEEL HEX BOLT,CM0001,M10 X 50 SS304 HEX BOLT,FASTENER,57.69230769230769
177,CPSE-C,M20X100 CS HEX BOLT,M20X100 CARBON STEEL HEX BOLT,CM0002,M12 X 50 SS304 HEX BOLT,FASTENER,53.84615384615385
177,CPSE-C,M20X100 CS HEX BOLT,M20X100 CARBON STEEL HEX BOLT,CM0003,M10 X 75 SS316 HEX BOLT,FASTENER,57.69230769230769
177,CPSE-C,M20X100 CS HEX BOLT,M20X100 CARBON STEEL HEX BOLT,CM0004,M16 X 60 CARBON STEEL HEX BOLT,FASTENER,84.0
177,CPSE-C,M20X100 CS HEX BOLT,M20X100 CARBON STEEL HEX BOLT,CM0005,M20 X 80 GALVANIZED STEEL HEX BOLT,FASTENER,69.84126984126985
177,CPSE-C,M20X100 CS HEX BOLT,M20X100 CARBON STEEL HEX BOLT,CM0006,M8 X 40 CARBON STEEL HEX BOLT,FASTENER,84.0
177,CPSE-C,M20X100 CS HEX BOLT,M20X100 CARBON STEEL HEX BOLT,CM0007,M12 X 80 SS316 HEX BOLT,FASTENER,53.84615384615385
177,CPSE-C,M20X100 CS HEX BOLT,M20X100 CARBON STEEL HEX BOLT,CM0008,M16 X 75 SS304 HEX BOLT,FASTENER,53.84615384615385
177,CPSE-C,M20X100 CS HEX BOLT,M20X100 CARBON STEEL HEX BOLT,CM0009,M20 X 100 CARBON STEEL HEX BOLT,FASTENER,86.66666666666667
177,CPSE-C,M20X100 CS HEX BOLT,M20X100 CARBON STEEL HEX BOLT,CM0010,M10 X 30 SS304 HEX BOLT,FASTENER,57.69230769230769
178,CPSE-C,WELDING MACHINE 200A,WELDING MACHINE 200A,CM0091,ANGLE GRINDER 100MM 750W,INDUSTRIAL_TOOL,40.90909090909091
178,CPSE-C,WELDING MACHINE 200A,WELDING MACHINE 200A,CM0092,ANGLE GRINDER 115MM 900W,INDUSTRIAL_TOOL,40.90909090909091
178,CPSE-C,WELDING MACHINE 200A,WELDING MACHINE 200A,CM0093,ANGLE GRINDER 125MM 1100W,INDUSTRIAL_TOOL,44.44444444444444
178,CPSE-C,WELDING MACHINE 200A,WELDING MACHINE 200A,CM0094,ELECTRIC DRILL 10MM 650W,INDUSTRIAL_TOOL,36.36363636363637
178,CPSE-C,WELDING MACHINE 200A,WELDING MACHINE 200A,CM0095,ELECTRIC DRILL 13MM 800W,INDUSTRIAL_TOOL,36.36363636363637
178,CPSE-C,WELDING MACHINE 200A,WELDING MACHINE 200A,CM0096,IMPACT WRENCH 1/2 IN 500W,INDUSTRIAL_TOOL,57.77777777777778
178,CPSE-C,WELDING MACHINE 200A,WELDING MACHINE 200A,CM0097,CUTTING MACHINE 355MM 2000W,INDUSTRIAL_TOOL,63.829787234042556
178,CPSE-C,WELDING MACHINE 200A,WELDING MACHINE 200A,CM0098,WELDING MACHINE 200A,INDUSTRIAL_TOOL,100.0
178,CPSE-C,WELDING MACHINE 200A,WELDING MACHINE 200A,CM0099,TORQUE WRENCH 50-250NM,INDUSTRIAL_TOOL,38.095238095238095
178,CPSE-C,WELDING MACHINE 200A,WELDING MACHINE 200A,CM0100,BENCH GRINDER 200MM 550W,INDUSTRIAL_TOOL,40.90909090909091
179,CPSE-A,12 IN CS WELD NECK FLG 150 CLASS,12IN CARBON STEEL WELD NECK FLANGE 150 CLASS,CM0041,2 IN CS WELD NECK FLANGE 150 CLASS,FLANGE,86.66666666666667
179,CPSE-A,12 IN CS WELD NECK FLG 150 CLASS,12IN CARBON STEEL WELD NECK FLANGE 150 CLASS,CM0042,2 IN SS304 WELD NECK FLANGE 150 CLASS,FLANGE,82.53968253968254
179,CPSE-A,12 IN CS WELD NECK FLG 150 CLASS,12IN CARBON STEEL WELD NECK FLANGE 150 CLASS,CM0043,3 IN CS SLIP ON FLANGE 150 CLASS,FLANGE,66.66666666666666
179,CPSE-A,12 IN CS WELD NECK FLG 150 CLASS,12IN CARBON STEEL WELD NECK FLANGE 150 CLASS,CM0044,4 IN SS316 WELD NECK FLANGE 300 CLASS,FLANGE,74.57627118644068
179,CPSE-A,12 IN CS WELD NECK FLG 150 CLASS,12IN CARBON STEEL WELD NECK FLANGE 150 CLASS,CM0045,6 IN CS SLIP ON FLANGE 150 CLASS,FLANGE,66.66666666666666
179,CPSE-A,12 IN CS WELD NECK FLG 150 CLASS,12IN CARBON STEEL WELD NECK FLANGE 150 CLASS,CM0046,8 IN CS WELD NECK FLANGE 300 CLASS,FLANGE,78.57142857142857
179,CPSE-A,12 IN CS WELD NECK FLG 150 CLASS,12IN CARBON STEEL WELD NECK FLANGE 150 CLASS,CM0047,10 IN SS304 SLIP ON FLANGE 150 CLASS,FLANGE,67.5
179,CPSE-A,12 IN CS WELD NECK FLG 150 CLASS,12IN CARBON STEEL WELD NECK FLANGE 150 CLASS,CM0048,12 IN CS WELD NECK FLANGE 150 CLASS,FLANGE,85.24590163934427
179,CPSE-A,12 IN CS WELD NECK FLG 150 CLASS,12IN CARBON STEEL WELD NECK FLANGE 150 CLASS,CM0049,4 IN SS304 SLIP ON FLANGE 300 CLASS,FLANGE,55.69620253164557
179,CPSE-A,12 IN CS WELD NECK FLG 150 CLASS,12IN CARBON STEEL WELD NECK FLANGE 150 CLASS,CM0050,6 IN SS316 WELD NECK FLANGE 150 CLASS,FLANGE,82.53968253968254
180,CPSE-C,4CX16 SQMM PVC CABLE 1.1KV,4CX16 SQMM PVC CABLE 1.1KV,CM0061,1C X 2.5 SQMM PVC CABLE 1.1KV,ELECTRICAL_CABLE,86.95652173913044
180,CPSE-C,4CX16 SQMM PVC CABLE 1.1KV,4CX16 SQMM PVC CABLE 1.1KV,CM0062,1C X 4 SQMM PVC CABLE 1.1KV,ELECTRICAL_CABLE,86.95652173913044
180,CPSE-C,4CX16 SQMM PVC CABLE 1.1KV,4CX16 SQMM PVC CABLE 1.1KV,CM0063,3C X 2.5 SQMM PVC CABLE 1.1KV,ELECTRICAL_CABLE,86.95652173913044
180,CPSE-C,4CX16 SQMM PVC CABLE 1.1KV,4CX16 SQMM PVC CABLE 1.1KV,CM0064,3C X 4 SQMM PVC CABLE 1.1KV,ELECTRICAL_CABLE,86.95652173913044
180,CPSE-C,4CX16 SQMM PVC CABLE 1.1KV,4CX16 SQMM PVC CABLE 1.1KV,CM0065,3C X 6 SQMM PVC CABLE 1.1KV,ELECTRICAL_CABLE,86.95652173913044
180,CPSE-C,4CX16 SQMM PVC CABLE 1.1KV,4CX16 SQMM PVC CABLE 1.1KV,CM0066,4C X 10 SQMM PVC CABLE 1.1KV,ELECTRICAL_CABLE,88.88888888888889
180,CPSE-C,4CX16 SQMM PVC CABLE 1.1KV,4CX16 SQMM PVC CABLE 1.1KV,CM0067,4C X 16 SQMM PVC CABLE 1.1KV,ELECTRICAL_CABLE,88.88888888888889
180,CPSE-C,4CX16 SQMM PVC CABLE 1.1KV,4CX16 SQMM PVC CABLE 1.1KV,CM0068,4C X 25 SQMM PVC CABLE 1.1KV,ELECTRICAL_CABLE,88.88888888888889
180,CPSE-C,4CX16 SQMM PVC CABLE 1.1KV,4CX16 SQMM PVC CABLE 1.1KV,CM0069,3C X 35 SQMM PVC CABLE 1.1KV,ELECTRICAL_CABLE,86.95652173913044
180,CPSE-C,4CX16 SQMM PVC CABLE 1.1KV,4CX16 SQMM PVC CABLE 1.1KV,CM0070,4C X 50 SQMM PVC CABLE 1.1KV,ELECTRICAL_CABLE,88.88888888888889
181,CPSE-A,M10 X 50 SS304 HEX BOLT,M10X50 SS304 HEX BOLT,CM0001,M10 X 50 SS304 HEX BOLT,FASTENER,86.36363636363636
181,CPSE-A,M10 X 50 SS304 HEX BOLT,M10X50 SS304 HEX BOLT,CM0002,M12 X 50 SS304 HEX BOLT,FASTENER,81.81818181818181
181,CPSE-A,M10 X 50 SS304 HEX BOLT,M10X50 SS304 HEX BOLT,CM0003,M10 X 75 SS316 HEX BOLT,FASTENER,72.72727272727272
181,CPSE-A,M10 X 50 SS304 HEX BOLT,M10X50 SS304 HEX BOLT,CM0004,M16 X 60 CARBON STEEL HEX BOLT,FASTENER,55.172413793103445
181,CPSE-A,M10 X 50 SS304 HEX BOLT,M10X50 SS304 HEX BOLT,CM0005,M20 X 80 GALVANIZED STEEL HEX BOLT,FASTENER,55.172413793103445
181,CPSE-A,M10 X 50 SS304 HEX BOLT,M10X50 SS304 HEX BOLT,CM0006,M8 X 40 CARBON STEEL HEX BOLT,FASTENER,55.172413793103445
181,CPSE-A,M10 X 50 SS304 HEX BOLT,M10X50 SS304 HEX BOLT,CM0007,M12 X 80 SS316 HEX BOLT,FASTENER,68.18181818181819
181,CPSE-A,M10 X 50 SS304 HEX BOLT,M10X50 SS304 HEX BOLT,CM0008,M16 X 75 SS304 HEX BOLT,FASTENER,81.81818181818181
181,CPSE-A,M10 X 50 SS304 HEX BOLT,M10X50 SS304 HEX BOLT,CM0009,M20 X 100 CARBON STEEL HEX BOLT,FASTENER,55.172413793103445
181,CPSE-A,M10 X 50 SS304 HEX BOLT,M10X50 SS304 HEX BOLT,CM0010,M10 X 30 SS304 HEX BOLT,FASTENER,86.36363636363636
182,CPSE-B,CENTRIF PUMP 300 M3/H 80M HEAD 75KW,CENTRIF PUMP 300 M3 H 80M HEAD 75KW,CM0081,CENTRIFUGAL PUMP 20 M3/H 30M HEAD 5.5KW,PUMP,72.97297297297297
182,CPSE-B,CENTRIF PUMP 300 M3/H 80M HEAD 75KW,CENTRIF PUMP 300 M3 H 80M HEAD 75KW,CM0082,CENTRIFUGAL PUMP 30 M3/H 40M HEAD 7.5KW,PUMP,78.37837837837839
182,CPSE-B,CENTRIF PUMP 300 M3/H 80M HEAD 75KW,CENTRIF PUMP 300 M3 H 80M HEAD 75KW,CM0083,CENTRIFUGAL PUMP 50 M3/H 50M HEAD 11KW,PUMP,71.23287671232876
182,CPSE-B,CENTRIF PUMP 300 M3/H 80M HEAD 75KW,CENTRIF PUMP 300 M3 H 80M HEAD 75KW,CM0084,CENTRIFUGAL PUMP 75 M3/H 40M HEAD 15KW,PUMP,73.97260273972603
182,CPSE-B,CENTRIF PUMP 300 M3/H 80M HEAD 75KW,CENTRIF PUMP 300 M3 H 80M HEAD 75KW,CM0085,CENTRIFUGAL PUMP 100 M3/H 50M HEAD 22KW,PUMP,78.37837837837839
182,CPSE-B,CENTRIF PUMP 300 M3/H 80M HEAD 75KW,CENTRIF PUMP 300 M3 H 80M HEAD 75KW,CM0086,CENTRIFUGAL PUMP 120 M3/H 60M HEAD 30KW,PUMP,75.67567567567568
182,CPSE-B,CENTRIF PUMP 300 M3/H 80M HEAD 75KW,CENTRIF PUMP 300 M3 H 80M HEAD 75KW,CM0087,CENTRIFUGAL PUMP 150 M3/H 50M HEAD 37KW,PUMP,78.37837837837839
182,CPSE-B,CENTRIF PUMP 300 M3/H 80M HEAD 75KW,CENTRIF PUMP 300 M3 H 80M HEAD 75KW,CM0088,CENTRIFUGAL PUMP 200 M3/H 60M HEAD 45KW,PUMP,81.08108108108108
182,CPSE-B,CENTRIF PUMP 300 M3/H 80M HEAD 75KW,CENTRIF PUMP 300 M3 H 80M HEAD 75KW,CM0089,CENTRIFUGAL PUMP 250 M3/H 70M HEAD 55KW,PUMP,78.37837837837839
182,CPSE-B,CENTRIF PUMP 300 M3/H 80M HEAD 75KW,CENTRIF PUMP 300 M3 H 80M HEAD 75KW,CM0090,CENTRIFUGAL PUMP 300 M3/H 80M HEAD 75KW,PUMP,89.1891891891892
183,CPSE-C,A/GRINDER 100MM 750W,A GRINDER 100MM 750W,CM0091,ANGLE GRINDER 100MM 750W,INDUSTRIAL_TOOL,94.73684210526315
183,CPSE-C,A/GRINDER 100MM 750W,A GRINDER 100MM 750W,CM0092,ANGLE GRINDER 115MM 900W,INDUSTRIAL_TOOL,72.72727272727272
183,CPSE-C,A/GRINDER 100MM 750W,A GRINDER 100MM 750W,CM0093,ANGLE GRINDER 125MM 1100W,INDUSTRIAL_TOOL,66.66666666666666
183,CPSE-C,A/GRINDER 100MM 750W,A GRINDER 100MM 750W,CM0094,ELECTRIC DRILL 10MM 650W,INDUSTRIAL_TOOL,59.09090909090909
183,CPSE-C,A/GRINDER 100MM 750W,A GRINDER 100MM 750W,CM0095,ELECTRIC DRILL 13MM 800W,INDUSTRIAL_TOOL,50.0
183,CPSE-C,A/GRINDER 100MM 750W,A GRINDER 100MM 750W,CM0096,IMPACT WRENCH 1/2 IN 500W,INDUSTRIAL_TOOL,48.888888888888886
183,CPSE-C,A/GRINDER 100MM 750W,A GRINDER 100MM 750W,CM0097,CUTTING MACHINE 355MM 2000W,INDUSTRIAL_TOOL,42.5531914893617
183,CPSE-C,A/GRINDER 100MM 750W,A GRINDER 100MM 750W,CM0098,WELDING MACHINE 200A,INDUSTRIAL_TOOL,35.0
183,CPSE-C,A/GRINDER 100MM 750W,A GRINDER 100MM 750W,CM0099,TORQUE WRENCH 50-250NM,INDUSTRIAL_TOOL,33.33333333333333
183,CPSE-C,A/GRINDER 100MM 750W,A GRINDER 100MM 750W,CM0100,BENCH GRINDER 200MM 550W,INDUSTRIAL_TOOL,77.27272727272728
184,CPSE-B,"6""CS SEAMLESS PIPE SCH80",6INCS SEAMLESS PIPE SCH80,CM0031,2 IN CS SEAMLESS PIPE SCH40,PIPE,80.76923076923077
184,CPSE-B,"6""CS SEAMLESS PIPE SCH80",6INCS SEAMLESS PIPE SCH80,CM0032,3 IN CS SEAMLESS PIPE SCH40,PIPE,80.76923076923077
184,CPSE-B,"6""CS SEAMLESS PIPE SCH80",6INCS SEAMLESS PIPE SCH80,CM0033,4 IN SS304 SEAMLESS PIPE SCH40,PIPE,76.36363636363636
184,CPSE-B,"6""CS SEAMLESS PIPE SCH80",6INCS SEAMLESS PIPE SCH80,CM0034,6 IN CS SEAMLESS PIPE SCH80,PIPE,88.46153846153847
184,CPSE-B,"6""CS SEAMLESS PIPE SCH80",6INCS SEAMLESS PIPE SCH80,CM0035,8 IN SS316 SEAMLESS PIPE SCH40,PIPE,76.36363636363636
184,CPSE-B,"6""CS SEAMLESS PIPE SCH80",6INCS SEAMLESS PIPE SCH80,CM0036,2 IN SS304 SEAMLESS PIPE SCH10,PIPE,76.36363636363636
184,CPSE-B,"6""CS SEAMLESS PIPE SCH80",6INCS SEAMLESS PIPE SCH80,CM0037,3 IN SS316 SEAMLESS PIPE SCH40,PIPE,76.36363636363636
184,CPSE-B,"6""CS SEAMLESS PIPE SCH80",6INCS SEAMLESS PIPE SCH80,CM0038,4 IN CS SEAMLESS PIPE SCH80,PIPE,86.36363636363636
184,CPSE-B,"6""CS SEAMLESS PIPE SCH80",6INCS SEAMLESS PIPE SCH80,CM0039,6 IN SS304 SEAMLESS PIPE SCH40,PIPE,80.0
184,CPSE-B,"6""CS SEAMLESS PIPE SCH80",6INCS SEAMLESS PIPE SCH80,CM0040,8 IN CS SEAMLESS PIPE SCH80,PIPE,86.36363636363636
185,CPSE-B,CENTRIF PUMP 150 M3/H 50M HEAD 37KW,CENTRIF PUMP 150 M3 H 50M HEAD 37KW,CM0081,CENTRIFUGAL PUMP 20 M3/H 30M HEAD 5.5KW,PUMP,70.27027027027027
185,CPSE-B,CENTRIF PUMP 150 M3/H 50M HEAD 37KW,CENTRIF PUMP 150 M3 H 50M HEAD 37KW,CM0082,CENTRIFUGAL PUMP 30 M3/H 40M HEAD 7.5KW,PUMP,70.27027027027027
185,CPSE-B,CENTRIF PUMP 150 M3/H 50M HEAD 37KW,CENTRIF PUMP 150 M3 H 50M HEAD 37KW,CM0083,CENTRIFUGAL PUMP 50 M3/H 50M HEAD 11KW,PUMP,76.7123287671233
185,CPSE-B,CENTRIF PUMP 150 M3/H 50M HEAD 37KW,CENTRIF PUMP 150 M3 H 50M HEAD 37KW,CM0084,CENTRIFUGAL PUMP 75 M3/H 40M HEAD 15KW,PUMP,76.7123287671233
185,CPSE-B,CENTRIF PUMP 150 M3/H 50M HEAD 37KW,CENTRIF PUMP 150 M3 H 50M HEAD 37KW,CM0085,CENTRIFUGAL PUMP 100 M3/H 50M HEAD 22KW,PUMP,81.08108108108108
185,CPSE-B,CENTRIF PUMP 150 M3/H 50M HEAD 37KW,CENTRIF PUMP 150 M3 H 50M HEAD 37KW,CM0086,CENTRIFUGAL PUMP 120 M3/H 60M HEAD 30KW,PUMP,81.08108108108108
185,CPSE-B,CENTRIF PUMP 150 M3/H 50M HEAD 37KW,CENTRIF PUMP 150 M3 H 50M HEAD 37KW,CM0087,CENTRIFUGAL PUMP 150 M3/H 50M HEAD 37KW,PUMP,89.1891891891892
185,CPSE-B,CENTRIF PUMP 150 M3/H 50M HEAD 37KW,CENTRIF PUMP 150 M3 H 50M HEAD 37KW,CM0088,CENTRIFUGAL PUMP 200 M3/H 60M HEAD 45KW,PUMP,75.67567567567568
185,CPSE-B,CENTRIF PUMP 150 M3/H 50M HEAD 37KW,CENTRIF PUMP 150 M3 H 50M HEAD 37KW,CM0089,CENTRIFUGAL PUMP 250 M3/H 70M HEAD 55KW,PUMP,78.37837837837839
185,CPSE-B,CENTRIF PUMP 150 M3/H 50M HEAD 37KW,CENTRIF PUMP 150 M3 H 50M HEAD 37KW,CM0090,CENTRIFUGAL PUMP 300 M3/H 80M HEAD 75KW,PUMP,78.37837837837839
186,CPSE-A,CENT PMP 120 M3/H 60M HEAD 30KW,CENT PUMP 120 M3 H 60M HEAD 30KW,CM0081,CENTRIFUGAL PUMP 20 M3/H 30M HEAD 5.5KW,PUMP,70.4225352112676
186,CPSE-A,CENT PMP 120 M3/H 60M HEAD 30KW,CENT PUMP 120 M3 H 60M HEAD 30KW,CM0082,CENTRIFUGAL PUMP 30 M3/H 40M HEAD 7.5KW,PUMP,64.7887323943662
186,CPSE-A,CENT PMP 120 M3/H 60M HEAD 30KW,CENT PUMP 120 M3 H 60M HEAD 30KW,CM0083,CENTRIFUGAL PUMP 50 M3/H 50M HEAD 11KW,PUMP,68.57142857142857
186,CPSE-A,CENT PMP 120 M3/H 60M HEAD 30KW,CENT PUMP 120 M3 H 60M HEAD 30KW,CM0084,CENTRIFUGAL PUMP 75 M3/H 40M HEAD 15KW,PUMP,68.57142857142857
186,CPSE-A,CENT PMP 120 M3/H 60M HEAD 30KW,CENT PUMP 120 M3 H 60M HEAD 30KW,CM0085,CENTRIFUGAL PUMP 100 M3/H 50M HEAD 22KW,PUMP,73.2394366197183
186,CPSE-A,CENT PMP 120 M3/H 60M HEAD 30KW,CENT PUMP 120 M3 H 60M HEAD 30KW,CM0086,CENTRIFUGAL PUMP 120 M3/H 60M HEAD 30KW,PUMP,84.50704225352112
186,CPSE-A,CENT PMP 120 M3/H 60M HEAD 30KW,CENT PUMP 120 M3 H 60M HEAD 30KW,CM0087,CENTRIFUGAL PUMP 150 M3/H 50M HEAD 37KW,PUMP,76.05633802816902
186,CPSE-A,CENT PMP 120 M3/H 60M HEAD 30KW,CENT PUMP 120 M3 H 60M HEAD 30KW,CM0088,CENTRIFUGAL PUMP 200 M3/H 60M HEAD 45KW,PUMP,76.05633802816902
186,CPSE-A,CENT PMP 120 M3/H 60M HEAD 30KW,CENT PUMP 120 M3 H 60M HEAD 30KW,CM0089,CENTRIFUGAL PUMP 250 M3/H 70M HEAD 55KW,PUMP,73.2394366197183
186,CPSE-A,CENT PMP 120 M3/H 60M HEAD 30KW,CENT PUMP 120 M3 H 60M HEAD 30KW,CM0090,CENTRIFUGAL PUMP 300 M3/H 80M HEAD 75KW,PUMP,70.4225352112676
187,CPSE-A,6 IN PTFE FULL FACE GKT 300 CLASS,6IN PTFE FULL FACE GASKET 300 CLASS,CM0051,2 IN SPIRAL WOUND SS GRAPHITE GASKET 150 CLASS,GASKET,51.851851851851855
187,CPSE-A,6 IN PTFE FULL FACE GKT 300 CLASS,6IN PTFE FULL FACE GASKET 300 CLASS,CM0052,3 IN SPIRAL WOUND SS GRAPHITE GASKET 150 CLASS,GASKET,51.851851851851855
187,CPSE-A,6 IN PTFE FULL FACE GKT 300 CLASS,6IN PTFE FULL FACE GASKET 300 CLASS,CM0053,4 IN SPIRAL WOUND GRAPHITE GASKET 300 CLASS,GASKET,62.745098039215684
187,CPSE-A,6 IN PTFE FULL FACE GKT 300 CLASS,6IN PTFE FULL FACE GASKET 300 CLASS,CM0054,6 IN SPIRAL WOUND GRAPHITE GASKET 150 CLASS,GASKET,56.41025641025641
187,CPSE-A,6 IN PTFE FULL FACE GKT 300 CLASS,6IN PTFE FULL FACE GASKET 300 CLASS,CM0055,8 IN PTFE FULL FACE GASKET 150 CLASS,GASKET,90.14084507042253
187,CPSE-A,6 IN PTFE FULL FACE GKT 300 CLASS,6IN PTFE FULL FACE GASKET 300 CLASS,CM0056,2 IN PTFE FULL FACE GASKET 150 CLASS,GASKET,90.14084507042253
187,CPSE-A,6 IN PTFE FULL FACE GKT 300 CLASS,6IN PTFE FULL FACE GASKET 300 CLASS,CM0057,4 IN SS GRAPHITE GASKET 150 CLASS,GASKET,58.8235294117647
187,CPSE-A,6 IN PTFE FULL FACE GKT 300 CLASS,6IN PTFE FULL FACE GASKET 300 CLASS,CM0058,6 IN PTFE FULL FACE GASKET 300 CLASS,GASKET,98.59154929577466
187,CPSE-A,6 IN PTFE FULL FACE GKT 300 CLASS,6IN PTFE FULL FACE GASKET 300 CLASS,CM0059,10 IN GRAPHITE SPIRAL WOUND GASKET 150 CLASS,GASKET,55.69620253164557
187,CPSE-A,6 IN PTFE FULL FACE GKT 300 CLASS,6IN PTFE FULL FACE GASKET 300 CLASS,CM0060,12 IN GRAPHITE SPIRAL WOUND GASKET 300 CLASS,GASKET,62.745098039215684
188,CPSE-C,4 IN SS304 SEAMLESS PIPE SCH40,4IN SS304 SEAMLESS PIPE SCH40,CM0031,2 IN CS SEAMLESS PIPE SCH40,PIPE,82.6086956521739
188,CPSE-C,4 IN SS304 SEAMLESS PIPE SCH40,4IN SS304 SEAMLESS PIPE SCH40,CM0032,3 IN CS SEAMLESS PIPE SCH40,PIPE,82.6086956521739
188,CPSE-C,4 IN SS304 SEAMLESS PIPE SCH40,4IN SS304 SEAMLESS PIPE SCH40,CM0033,4 IN SS304 SEAMLESS PIPE SCH40,PIPE,98.30508474576271
188,CPSE-C,4 IN SS304 SEAMLESS PIPE SCH40,4IN SS304 SEAMLESS PIPE SCH40,CM0034,6 IN CS SEAMLESS PIPE SCH80,PIPE,75.0
188,CPSE-C,4 IN SS304 SEAMLESS PIPE SCH40,4IN SS304 SEAMLESS PIPE SCH40,CM0035,8 IN SS316 SEAMLESS PIPE SCH40,PIPE,88.13559322033899
188,CPSE-C,4 IN SS304 SEAMLESS PIPE SCH40,4IN SS304 SEAMLESS PIPE SCH40,CM0036,2 IN SS304 SEAMLESS PIPE SCH10,PIPE,91.52542372881356
188,CPSE-C,4 IN SS304 SEAMLESS PIPE SCH40,4IN SS304 SEAMLESS PIPE SCH40,CM0037,3 IN SS316 SEAMLESS PIPE SCH40,PIPE,88.13559322033899
188,CPSE-C,4 IN SS304 SEAMLESS PIPE SCH40,4IN SS304 SEAMLESS PIPE SCH40,CM0038,4 IN CS SEAMLESS PIPE SCH80,PIPE,78.57142857142857
188,CPSE-C,4 IN SS304 SEAMLESS PIPE SCH40,4IN SS304 SEAMLESS PIPE SCH40,CM0039,6 IN SS304 SEAMLESS PIPE SCH40,PIPE,94.91525423728814
188,CPSE-C,4 IN SS304 SEAMLESS PIPE SCH40,4IN SS304 SEAMLESS PIPE SCH40,CM0040,8 IN CS SEAMLESS PIPE SCH80,PIPE,75.0
189,CPSE-A,DEEP GROOVE BALL BRG 6207,DEEP GROOVE BALL BEARING 6207,CM0011,DEEP GROOVE BALL BEARING 6205,BEARING,96.55172413793103
189,CPSE-A,DEEP GROOVE BALL BRG 6207,DEEP GROOVE BALL BEARING 6207,CM0012,DEEP GROOVE BALL BEARING 6206,BEARING,96.55172413793103
189,CPSE-A,DEEP GROOVE BALL BRG 6207,DEEP GROOVE BALL BEARING 6207,CM0013,DEEP GROOVE BALL BEARING 6207,BEARING,100.0
189,CPSE-A,DEEP GROOVE BALL BRG 6207,DEEP GROOVE BALL BEARING 6207,CM0014,DEEP GROOVE BALL BEARING 6305,BEARING,93.10344827586206
189,CPSE-A,DEEP GROOVE BALL BRG 6207,DEEP GROOVE BALL BEARING 6207,CM0015,DEEP GROOVE BALL BEARING 6306,BEARING,93.10344827586206
189,CPSE-A,DEEP GROOVE BALL BRG 6207,DEEP GROOVE BALL BEARING 6207,CM0016,DEEP GROOVE BALL BEARING 6307,BEARING,96.55172413793103
189,CPSE-A,DEEP GROOVE BALL BRG 6207,DEEP GROOVE BALL BEARING 6207,CM0017,TAPERED ROLLER BEARING 30205,BEARING,59.64912280701754
189,CPSE-A,DEEP GROOVE BALL BRG 6207,DEEP GROOVE BALL BEARING 6207,CM0018,TAPERED ROLLER BEARING 30206,BEARING,59.64912280701754
189,CPSE-A,DEEP GROOVE BALL BRG 6207,DEEP GROOVE BALL BEARING 6207,CM0019,TAPERED ROLLER BEARING 30305,BEARING,56.14035087719298
189,CPSE-A,DEEP GROOVE BALL BRG 6207,DEEP GROOVE BALL BEARING 6207,CM0020,SPHERICAL ROLLER BEARING 22205,BEARING,54.23728813559322
190,CPSE-B,"2""SS304 GATE VAL 150#",2INSS304 GATE VAL 150#,CM0021,2 IN SS304 GATE VALVE 150 CLASS,VALVE,79.24528301886792
190,CPSE-B,"2""SS304 GATE VAL 150#",2INSS304 GATE VAL 150#,CM0022,2 IN SS304 GATE VALVE 300 CLASS,VALVE,67.9245283018868
190,CPSE-B,"2""SS304 GATE VAL 150#",2INSS304 GATE VAL 150#,CM0023,3 IN CS GATE VALVE 150 CLASS,VALVE,60.0
190,CPSE-B,"2""SS304 GATE VAL 150#",2INSS304 GATE VAL 150#,CM0024,4 IN SS316 BALL VALVE 150 CLASS,VALVE,49.056603773584904
190,CPSE-B,"2""SS304 GATE VAL 150#",2INSS304 GATE VAL 150#,CM0025,6 IN CS BUTTERFLY VALVE 150 CLASS,VALVE,40.0
190,CPSE-B,"2""SS304 GATE VAL 150#",2INSS304 GATE VAL 150#,CM0026,4 IN SS304 GATE VALVE 150 CLASS,VALVE,75.47169811320755
190,CPSE-B,"2""SS304 GATE VAL 150#",2INSS304 GATE VAL 150#,CM0027,6 IN SS316 BALL VALVE 300 CLASS,VALVE,41.509433962264154
190,CPSE-B,"2""SS304 GATE VAL 150#",2INSS304 GATE VAL 150#,CM0028,8 IN CS GATE VALVE 300 CLASS,VALVE,52.0
190,CPSE-B,"2""SS304 GATE VAL 150#",2INSS304 GATE VAL 150#,CM0029,10 IN CS BUTTERFLY VALVE 150 CLASS,VALVE,39.285714285714285
190,CPSE-B,"2""SS304 GATE VAL 150#",2INSS304 GATE VAL 150#,CM0030,2 IN CS GLOBE VALVE 150 CLASS,VALVE,54.90196078431372
191,CPSE-A,2 IN SPIRAL WOUND SS GRAPHITE GKT 150 CLASS,2IN SPIRAL WOUND SS GRAPHITE GASKET 150 CLASS,CM0051,2 IN SPIRAL WOUND SS GRAPHITE GASKET 150 CLASS,GASKET,98.9010989010989
191,CPSE-A,2 IN SPIRAL WOUND SS GRAPHITE GKT 150 CLASS,2IN SPIRAL WOUND SS GRAPHITE GASKET 150 CLASS,CM0052,3 IN SPIRAL WOUND SS GRAPHITE GASKET 150 CLASS,GASKET,96.7032967032967
191,CPSE-A,2 IN SPIRAL WOUND SS GRAPHITE GKT 150 CLASS,2IN SPIRAL WOUND SS GRAPHITE GASKET 150 CLASS,CM0053,4 IN SPIRAL WOUND GRAPHITE GASKET 300 CLASS,GASKET,88.63636363636364
191,CPSE-A,2 IN SPIRAL WOUND SS GRAPHITE GKT 150 CLASS,2IN SPIRAL WOUND SS GRAPHITE GASKET 150 CLASS,CM0054,6 IN SPIRAL WOUND GRAPHITE GASKET 150 CLASS,GASKET,93.82716049382717
191,CPSE-A,2 IN SPIRAL WOUND SS GRAPHITE GKT 150 CLASS,2IN SPIRAL WOUND SS GRAPHITE GASKET 150 CLASS,CM0055,8 IN PTFE FULL FACE GASKET 150 CLASS,GASKET,61.53846153846154
191,CPSE-A,2 IN SPIRAL WOUND SS GRAPHITE GKT 150 CLASS,2IN SPIRAL WOUND SS GRAPHITE GASKET 150 CLASS,CM0056,2 IN PTFE FULL FACE GASKET 150 CLASS,GASKET,61.72839506172839
191,CPSE-A,2 IN SPIRAL WOUND SS GRAPHITE GKT 150 CLASS,2IN SPIRAL WOUND SS GRAPHITE GASKET 150 CLASS,CM0057,4 IN SS GRAPHITE GASKET 150 CLASS,GASKET,91.80327868852459
191,CPSE-A,2 IN SPIRAL WOUND SS GRAPHITE GKT 150 CLASS,2IN SPIRAL WOUND SS GRAPHITE GASKET 150 CLASS,CM0058,6 IN PTFE FULL FACE GASKET 300 CLASS,GASKET,54.32098765432099
191,CPSE-A,2 IN SPIRAL WOUND SS GRAPHITE GKT 150 CLASS,2IN SPIRAL WOUND SS GRAPHITE GASKET 150 CLASS,CM0059,10 IN GRAPHITE SPIRAL WOUND GASKET 150 CLASS,GASKET,92.6829268292683
191,CPSE-A,2 IN SPIRAL WOUND SS GRAPHITE GKT 150 CLASS,2IN SPIRAL WOUND SS GRAPHITE GASKET 150 CLASS,CM0060,12 IN GRAPHITE SPIRAL WOUND GASKET 300 CLASS,GASKET,89.88764044943821
192,CPSE-C,3 PHASE IND MTR 45KW 415V 50HZ,3 PHASE IND MOTOR 45KW 415V 50HZ,CM0071,3 PHASE INDUCTION MOTOR 5.5KW 415V 50HZ,MOTOR,87.32394366197182
192,CPSE-C,3 PHASE IND MTR 45KW 415V 50HZ,3 PHASE IND MOTOR 45KW 415V 50HZ,CM0072,3 PHASE INDUCTION MOTOR 7.5KW 415V 50HZ,MOTOR,87.32394366197182
192,CPSE-C,3 PHASE IND MTR 45KW 415V 50HZ,3 PHASE IND MOTOR 45KW 415V 50HZ,CM0073,3 PHASE INDUCTION MOTOR 11KW 415V 50HZ,MOTOR,85.71428571428571
192,CPSE-C,3 PHASE IND MTR 45KW 415V 50HZ,3 PHASE IND MOTOR 45KW 415V 50HZ,CM0074,3 PHASE INDUCTION MOTOR 15KW 415V 50HZ,MOTOR,88.57142857142857
192,CPSE-C,3 PHASE IND MTR 45KW 415V 50HZ,3 PHASE IND MOTOR 45KW 415V 50HZ,CM0075,3 PHASE INDUCTION MOTOR 18.5KW 415V 50HZ,MOTOR,86.11111111111111
192,CPSE-C,3 PHASE IND MTR 45KW 415V 50HZ,3 PHASE IND MOTOR 45KW 415V 50HZ,CM0076,3 PHASE INDUCTION MOTOR 22KW 415V 50HZ,MOTOR,85.71428571428571
192,CPSE-C,3 PHASE IND MTR 45KW 415V 50HZ,3 PHASE IND MOTOR 45KW 415V 50HZ,CM0077,3 PHASE INDUCTION MOTOR 30KW 415V 50HZ,MOTOR,85.71428571428571
192,CPSE-C,3 PHASE IND MTR 45KW 415V 50HZ,3 PHASE IND MOTOR 45KW 415V 50HZ,CM0078,3 PHASE INDUCTION MOTOR 37KW 415V 50HZ,MOTOR,85.71428571428571
192,CPSE-C,3 PHASE IND MTR 45KW 415V 50HZ,3 PHASE IND MOTOR 45KW 415V 50HZ,CM0079,3 PHASE INDUCTION MOTOR 45KW 415V 50HZ,MOTOR,93.33333333333333
192,CPSE-C,3 PHASE IND MTR 45KW 415V 50HZ,3 PHASE IND MOTOR 45KW 415V 50HZ,CM0080,3 PHASE INDUCTION MOTOR 55KW 415V 50HZ,MOTOR,88.57142857142857
193,CPSE-B,4CX25 SQMM PVC CABLE 1.1KV,4CX25 SQMM PVC CABLE 1.1KV,CM0061,1C X 2.5 SQMM PVC CABLE 1.1KV,ELECTRICAL_CABLE,87.27272727272728
193,CPSE-B,4CX25 SQMM PVC CABLE 1.1KV,4CX25 SQMM PVC CABLE 1.1KV,CM0062,1C X 4 SQMM PVC CABLE 1.1KV,ELECTRICAL_CABLE,86.95652173913044
193,CPSE-B,4CX25 SQMM PVC CABLE 1.1KV,4CX25 SQMM PVC CABLE 1.1KV,CM0063,3C X 2.5 SQMM PVC CABLE 1.1KV,ELECTRICAL_CABLE,86.95652173913044
193,CPSE-B,4CX25 SQMM PVC CABLE 1.1KV,4CX25 SQMM PVC CABLE 1.1KV,CM0064,3C X 4 SQMM PVC CABLE 1.1KV,ELECTRICAL_CABLE,86.95652173913044
193,CPSE-B,4CX25 SQMM PVC CABLE 1.1KV,4CX25 SQMM PVC CABLE 1.1KV,CM0065,3C X 6 SQMM PVC CABLE 1.1KV,ELECTRICAL_CABLE,86.95652173913044
193,CPSE-B,4CX25 SQMM PVC CABLE 1.1KV,4CX25 SQMM PVC CABLE 1.1KV,CM0066,4C X 10 SQMM PVC CABLE 1.1KV,ELECTRICAL_CABLE,88.88888888888889
193,CPSE-B,4CX25 SQMM PVC CABLE 1.1KV,4CX25 SQMM PVC CABLE 1.1KV,CM0067,4C X 16 SQMM PVC CABLE 1.1KV,ELECTRICAL_CABLE,88.88888888888889
193,CPSE-B,4CX25 SQMM PVC CABLE 1.1KV,4CX25 SQMM PVC CABLE 1.1KV,CM0068,4C X 25 SQMM PVC CABLE 1.1KV,ELECTRICAL_CABLE,88.88888888888889
193,CPSE-B,4CX25 SQMM PVC CABLE 1.1KV,4CX25 SQMM PVC CABLE 1.1KV,CM0069,3C X 35 SQMM PVC CABLE 1.1KV,ELECTRICAL_CABLE,86.95652173913044
193,CPSE-B,4CX25 SQMM PVC CABLE 1.1KV,4CX25 SQMM PVC CABLE 1.1KV,CM0070,4C X 50 SQMM PVC CABLE 1.1KV,ELECTRICAL_CABLE,88.88888888888889
194,CPSE-C,C/PMP 20 M3/H 30M HEAD 5.5KW,C PUMP 20 M3 H 30M HEAD 5.5KW,CM0081,CENTRIFUGAL PUMP 20 M3/H 30M HEAD 5.5KW,PUMP,86.27450980392157
194,CPSE-C,C/PMP 20 M3/H 30M HEAD 5.5KW,C PUMP 20 M3 H 30M HEAD 5.5KW,CM0082,CENTRIFUGAL PUMP 30 M3/H 40M HEAD 7.5KW,PUMP,70.58823529411765
194,CPSE-C,C/PMP 20 M3/H 30M HEAD 5.5KW,C PUMP 20 M3 H 30M HEAD 5.5KW,CM0083,CENTRIFUGAL PUMP 50 M3/H 50M HEAD 11KW,PUMP,56.71641791044776
194,CPSE-C,C/PMP 20 M3/H 30M HEAD 5.5KW,C PUMP 20 M3 H 30M HEAD 5.5KW,CM0084,CENTRIFUGAL PUMP 75 M3/H 40M HEAD 15KW,PUMP,59.701492537313435
194,CPSE-C,C/PMP 20 M3/H 30M HEAD 5.5KW,C PUMP 20 M3 H 30M HEAD 5.5KW,CM0085,CENTRIFUGAL PUMP 100 M3/H 50M HEAD 22KW,PUMP,58.8235294117647
194,CPSE-C,C/PMP 20 M3/H 30M HEAD 5.5KW,C PUMP 20 M3 H 30M HEAD 5.5KW,CM0086,CENTRIFUGAL PUMP 120 M3/H 60M HEAD 30KW,PUMP,64.70588235294117
194,CPSE-C,C/PMP 20 M3/H 30M HEAD 5.5KW,C PUMP 20 M3 H 30M HEAD 5.5KW,CM0087,CENTRIFUGAL PUMP 150 M3/H 50M HEAD 37KW,PUMP,58.8235294117647
194,CPSE-C,C/PMP 20 M3/H 30M HEAD 5.5KW,C PUMP 20 M3 H 30M HEAD 5.5KW,CM0088,CENTRIFUGAL PUMP 200 M3/H 60M HEAD 45KW,PUMP,64.70588235294117
194,CPSE-C,C/PMP 20 M3/H 30M HEAD 5.5KW,C PUMP 20 M3 H 30M HEAD 5.5KW,CM0089,CENTRIFUGAL PUMP 250 M3/H 70M HEAD 55KW,PUMP,64.70588235294117
194,CPSE-C,C/PMP 20 M3/H 30M HEAD 5.5KW,C PUMP 20 M3 H 30M HEAD 5.5KW,CM0090,CENTRIFUGAL PUMP 300 M3/H 80M HEAD 75KW,PUMP,61.76470588235294
195,CPSE-C,M16X60 CS HEX BOLT,M16X60 CARBON STEEL HEX BOLT,CM0001,M10 X 50 SS304 HEX BOLT,FASTENER,58.8235294117647
195,CPSE-C,M16X60 CS HEX BOLT,M16X60 CARBON STEEL HEX BOLT,CM0002,M12 X 50 SS304 HEX BOLT,FASTENER,54.90196078431372
195,CPSE-C,M16X60 CS HEX BOLT,M16X60 CARBON STEEL HEX BOLT,CM0003,M10 X 75 SS316 HEX BOLT,FASTENER,58.8235294117647
195,CPSE-C,M16X60 CS HEX BOLT,M16X60 CARBON STEEL HEX BOLT,CM0004,M16 X 60 CARBON STEEL HEX BOLT,FASTENER,89.65517241379311
195,CPSE-C,M16X60 CS HEX BOLT,M16X60 CARBON STEEL HEX BOLT,CM0005,M20 X 80 GALVANIZED STEEL HEX BOLT,FASTENER,66.66666666666666
195,CPSE-C,M16X60 CS HEX BOLT,M16X60 CARBON STEEL HEX BOLT,CM0006,M8 X 40 CARBON STEEL HEX BOLT,FASTENER,85.71428571428571
195,CPSE-C,M16X60 CS HEX BOLT,M16X60 CARBON STEEL HEX BOLT,CM0007,M12 X 80 SS316 HEX BOLT,FASTENER,54.90196078431372
195,CPSE-C,M16X60 CS HEX BOLT,M16X60 CARBON STEEL HEX BOLT,CM0008,M16 X 75 SS304 HEX BOLT,FASTENER,58.8235294117647
195,CPSE-C,M16X60 CS HEX BOLT,M16X60 CARBON STEEL HEX BOLT,CM0009,M20 X 100 CARBON STEEL HEX BOLT,FASTENER,85.71428571428571
195,CPSE-C,M16X60 CS HEX BOLT,M16X60 CARBON STEEL HEX BOLT,CM0010,M10 X 30 SS304 HEX BOLT,FASTENER,58.8235294117647
196,CPSE-C,TORQUE WRENCH 50-250NM,TORQUE WRENCH 50-250NM,CM0091,ANGLE GRINDER 100MM 750W,INDUSTRIAL_TOOL,34.78260869565217
196,CPSE-C,TORQUE WRENCH 50-250NM,TORQUE WRENCH 50-250NM,CM0092,ANGLE GRINDER 115MM 900W,INDUSTRIAL_TOOL,34.78260869565217
196,CPSE-C,TORQUE WRENCH 50-250NM,TORQUE WRENCH 50-250NM,CM0093,ANGLE GRINDER 125MM 1100W,INDUSTRIAL_TOOL,38.297872340425535
196,CPSE-C,TORQUE WRENCH 50-250NM,TORQUE WRENCH 50-250NM,CM0094,ELECTRIC DRILL 10MM 650W,INDUSTRIAL_TOOL,34.78260869565217
196,CPSE-C,TORQUE WRENCH 50-250NM,TORQUE WRENCH 50-250NM,CM0095,ELECTRIC DRILL 13MM 800W,INDUSTRIAL_TOOL,30.434782608695656
196,CPSE-C,TORQUE WRENCH 50-250NM,TORQUE WRENCH 50-250NM,CM0096,IMPACT WRENCH 1/2 IN 500W,INDUSTRIAL_TOOL,51.06382978723404
196,CPSE-C,TORQUE WRENCH 50-250NM,TORQUE WRENCH 50-250NM,CM0097,CUTTING MACHINE 355MM 2000W,INDUSTRIAL_TOOL,32.65306122448979
196,CPSE-C,TORQUE WRENCH 50-250NM,TORQUE WRENCH 50-250NM,CM0098,WELDING MACHINE 200A,INDUSTRIAL_TOOL,38.095238095238095
196,CPSE-C,TORQUE WRENCH 50-250NM,TORQUE WRENCH 50-250NM,CM0099,TORQUE WRENCH 50-250NM,INDUSTRIAL_TOOL,100.0
196,CPSE-C,TORQUE WRENCH 50-250NM,TORQUE WRENCH 50-250NM,CM0100,BENCH GRINDER 200MM 550W,INDUSTRIAL_TOOL,39.130434782608695
197,CPSE-A,CENT PMP 300 M3/H 80M HEAD 75KW,CENT PUMP 300 M3 H 80M HEAD 75KW,CM0081,CENTRIFUGAL PUMP 20 M3/H 30M HEAD 5.5KW,PUMP,67.6056338028169
197,CPSE-A,CENT PMP 300 M3/H 80M HEAD 75KW,CENT PUMP 300 M3 H 80M HEAD 75KW,CM0082,CENTRIFUGAL PUMP 30 M3/H 40M HEAD 7.5KW,PUMP,73.2394366197183
197,CPSE-A,CENT PMP 300 M3/H 80M HEAD 75KW,CENT PUMP 300 M3 H 80M HEAD 75KW,CM0083,CENTRIFUGAL PUMP 50 M3/H 50M HEAD 11KW,PUMP,65.71428571428572
197,CPSE-A,CENT PMP 300 M3/H 80M HEAD 75KW,CENT PUMP 300 M3 H 80M HEAD 75KW,CM0084,CENTRIFUGAL PUMP 75 M3/H 40M HEAD 15KW,PUMP,68.57142857142857
197,CPSE-A,CENT PMP 300 M3/H 80M HEAD 75KW,CENT PUMP 300 M3 H 80M HEAD 75KW,CM0085,CENTRIFUGAL PUMP 100 M3/H 50M HEAD 22KW,PUMP,73.2394366197183
197,CPSE-A,CENT PMP 300 M3/H 80M HEAD 75KW,CENT PUMP 300 M3 H 80M HEAD 75KW,CM0086,CENTRIFUGAL PUMP 120 M3/H 60M HEAD 30KW,PUMP,70.4225352112676
197,CPSE-A,CENT PMP 300 M3/H 80M HEAD 75KW,CENT PUMP 300 M3 H 80M HEAD 75KW,CM0087,CENTRIFUGAL PUMP 150 M3/H 50M HEAD 37KW,PUMP,73.2394366197183
197,CPSE-A,CENT PMP 300 M3/H 80M HEAD 75KW,CENT PUMP 300 M3 H 80M HEAD 75KW,CM0088,CENTRIFUGAL PUMP 200 M3/H 60M HEAD 45KW,PUMP,76.05633802816902
197,CPSE-A,CENT PMP 300 M3/H 80M HEAD 75KW,CENT PUMP 300 M3 H 80M HEAD 75KW,CM0089,CENTRIFUGAL PUMP 250 M3/H 70M HEAD 55KW,PUMP,73.2394366197183
197,CPSE-A,CENT PMP 300 M3/H 80M HEAD 75KW,CENT PUMP 300 M3 H 80M HEAD 75KW,CM0090,CENTRIFUGAL PUMP 300 M3/H 80M HEAD 75KW,PUMP,84.50704225352112
198,CPSE-A,M10 X 30 SS304 HEX BOLT,M10X30 SS304 HEX BOLT,CM0001,M10 X 50 SS304 HEX BOLT,FASTENER,86.36363636363636
198,CPSE-A,M10 X 30 SS304 HEX BOLT,M10X30 SS304 HEX BOLT,CM0002,M12 X 50 SS304 HEX BOLT,FASTENER,81.81818181818181
198,CPSE-A,M10 X 30 SS304 HEX BOLT,M10X30 SS304 HEX BOLT,CM0003,M10 X 75 SS316 HEX BOLT,FASTENER,72.72727272727272
198,CPSE-A,M10 X 30 SS304 HEX BOLT,M10X30 SS304 HEX BOLT,CM0004,M16 X 60 CARBON STEEL HEX BOLT,FASTENER,55.172413793103445
198,CPSE-A,M10 X 30 SS304 HEX BOLT,M10X30 SS304 HEX BOLT,CM0005,M20 X 80 GALVANIZED STEEL HEX BOLT,FASTENER,55.172413793103445
198,CPSE-A,M10 X 30 SS304 HEX BOLT,M10X30 SS304 HEX BOLT,CM0006,M8 X 40 CARBON STEEL HEX BOLT,FASTENER,55.172413793103445
198,CPSE-A,M10 X 30 SS304 HEX BOLT,M10X30 SS304 HEX BOLT,CM0007,M12 X 80 SS316 HEX BOLT,FASTENER,68.18181818181819
198,CPSE-A,M10 X 30 SS304 HEX BOLT,M10X30 SS304 HEX BOLT,CM0008,M16 X 75 SS304 HEX BOLT,FASTENER,81.81818181818181
198,CPSE-A,M10 X 30 SS304 HEX BOLT,M10X30 SS304 HEX BOLT,CM0009,M20 X 100 CARBON STEEL HEX BOLT,FASTENER,55.172413793103445
198,CPSE-A,M10 X 30 SS304 HEX BOLT,M10X30 SS304 HEX BOLT,CM0010,M10 X 30 SS304 HEX BOLT,FASTENER,86.36363636363636
199,CPSE-A,3 PHASE INDUCTION MTR 15KW 415V 50HZ,3 PHASE INDUCTION MOTOR 15KW 415V 50HZ,CM0071,3 PHASE INDUCTION MOTOR 5.5KW 415V 50HZ,MOTOR,96.1038961038961
199,CPSE-A,3 PHASE INDUCTION MTR 15KW 415V 50HZ,3 PHASE INDUCTION MOTOR 15KW 415V 50HZ,CM0072,3 PHASE INDUCTION MOTOR 7.5KW 415V 50HZ,MOTOR,96.1038961038961
199,CPSE-A,3 PHASE INDUCTION MTR 15KW 415V 50HZ,3 PHASE INDUCTION MOTOR 15KW 415V 50HZ,CM0073,3 PHASE INDUCTION MOTOR 11KW 415V 50HZ,MOTOR,97.36842105263158
199,CPSE-A,3 PHASE INDUCTION MTR 15KW 415V 50HZ,3 PHASE INDUCTION MOTOR 15KW 415V 50HZ,CM0074,3 PHASE INDUCTION MOTOR 15KW 415V 50HZ,MOTOR,100.0
199,CPSE-A,3 PHASE INDUCTION MTR 15KW 415V 50HZ,3 PHASE INDUCTION MOTOR 15KW 415V 50HZ,CM0075,3 PHASE INDUCTION MOTOR 18.5KW 415V 50HZ,MOTOR,97.43589743589743
199,CPSE-A,3 PHASE INDUCTION MTR 15KW 415V 50HZ,3 PHASE INDUCTION MOTOR 15KW 415V 50HZ,CM0076,3 PHASE INDUCTION MOTOR 22KW 415V 50HZ,MOTOR,94.73684210526315
199,CPSE-A,3 PHASE INDUCTION MTR 15KW 415V 50HZ,3 PHASE INDUCTION MOTOR 15KW 415V 50HZ,CM0077,3 PHASE INDUCTION MOTOR 30KW 415V 50HZ,MOTOR,94.73684210526315
199,CPSE-A,3 PHASE INDUCTION MTR 15KW 415V 50HZ,3 PHASE INDUCTION MOTOR 15KW 415V 50HZ,CM0078,3 PHASE INDUCTION MOTOR 37KW 415V 50HZ,MOTOR,94.73684210526315
199,CPSE-A,3 PHASE INDUCTION MTR 15KW 415V 50HZ,3 PHASE INDUCTION MOTOR 15KW 415V 50HZ,CM0079,3 PHASE INDUCTION MOTOR 45KW 415V 50HZ,MOTOR,97.36842105263158
199,CPSE-A,3 PHASE INDUCTION MTR 15KW 415V 50HZ,3 PHASE INDUCTION MOTOR 15KW 415V 50HZ,CM0080,3 PHASE INDUCTION MOTOR 55KW 415V 50HZ,MOTOR,97.36842105263158
200,CPSE-B,M12X50 SS304 HEX BOLT,M12X50 SS304 HEX BOLT,CM0001,M10 X 50 SS304 HEX BOLT,FASTENER,81.81818181818181
200,CPSE-B,M12X50 SS304 HEX BOLT,M12X50 SS304 HEX BOLT,CM0002,M12 X 50 SS304 HEX BOLT,FASTENER,86.36363636363636
200,CPSE-B,M12X50 SS304 HEX BOLT,M12X50 SS304 HEX BOLT,CM0003,M10 X 75 SS316 HEX BOLT,FASTENER,72.72727272727272
200,CPSE-B,M12X50 SS304 HEX BOLT,M12X50 SS304 HEX BOLT,CM0004,M16 X 60 CARBON STEEL HEX BOLT,FASTENER,55.172413793103445
200,CPSE-B,M12X50 SS304 HEX BOLT,M12X50 SS304 HEX BOLT,CM0005,M20 X 80 GALVANIZED STEEL HEX BOLT,FASTENER,55.172413793103445
200,CPSE-B,M12X50 SS304 HEX BOLT,M12X50 SS304 HEX BOLT,CM0006,M8 X 40 CARBON STEEL HEX BOLT,FASTENER,55.172413793103445
200,CPSE-B,M12X50 SS304 HEX BOLT,M12X50 SS304 HEX BOLT,CM0007,M12 X 80 SS316 HEX BOLT,FASTENER,72.72727272727272
200,CPSE-B,M12X50 SS304 HEX BOLT,M12X50 SS304 HEX BOLT,CM0008,M16 X 75 SS304 HEX BOLT,FASTENER,81.81818181818181
200,CPSE-B,M12X50 SS304 HEX BOLT,M12X50 SS304 HEX BOLT,CM0009,M20 X 100 CARBON STEEL HEX BOLT,FASTENER,55.172413793103445
200,CPSE-B,M12X50 SS304 HEX BOLT,M12X50 SS304 HEX BOLT,CM0010,M10 X 30 SS304 HEX BOLT,FASTENER,81.81818181818181
201,CPSE-C,2 IN CS WN FLG 150 CLASS,2IN CARBON STEEL WN FLANGE 150 CLASS,CM0041,2 IN CS WELD NECK FLANGE 150 CLASS,FLANGE,71.42857142857143
201,CPSE-C,2 IN CS WN FLG 150 CLASS,2IN CARBON STEEL WN FLANGE 150 CLASS,CM0042,2 IN SS304 WELD NECK FLANGE 150 CLASS,FLANGE,71.23287671232876
201,CPSE-C,2 IN CS WN FLG 150 CLASS,2IN CARBON STEEL WN FLANGE 150 CLASS,CM0043,3 IN CS SLIP ON FLANGE 150 CLASS,FLANGE,73.52941176470588
201,CPSE-C,2 IN CS WN FLG 150 CLASS,2IN CARBON STEEL WN FLANGE 150 CLASS,CM0044,4 IN SS316 WELD NECK FLANGE 300 CLASS,FLANGE,63.013698630136986
201,CPSE-C,2 IN CS WN FLG 150 CLASS,2IN CARBON STEEL WN FLANGE 150 CLASS,CM0045,6 IN CS SLIP ON FLANGE 150 CLASS,FLANGE,73.52941176470588
201,CPSE-C,2 IN CS WN FLG 150 CLASS,2IN CARBON STEEL WN FLANGE 150 CLASS,CM0046,8 IN CS WELD NECK FLANGE 300 CLASS,FLANGE,62.857142857142854
201,CPSE-C,2 IN CS WN FLG 150 CLASS,2IN CARBON STEEL WN FLANGE 150 CLASS,CM0047,10 IN SS304 SLIP ON FLANGE 150 CLASS,FLANGE,72.22222222222223
201,CPSE-C,2 IN CS WN FLG 150 CLASS,2IN CARBON STEEL WN FLANGE 150 CLASS,CM0048,12 IN CS WELD NECK FLANGE 150 CLASS,FLANGE,70.4225352112676
201,CPSE-C,2 IN CS WN FLG 150 CLASS,2IN CARBON STEEL WN FLANGE 150 CLASS,CM0049,4 IN SS304 SLIP ON FLANGE 300 CLASS,FLANGE,67.6056338028169
201,CPSE-C,2 IN CS WN FLG 150 CLASS,2IN CARBON STEEL WN FLANGE 150 CLASS,CM0050,6 IN SS316 WELD NECK FLANGE 150 CLASS,FLANGE,68.4931506849315
202,CPSE-C,DGB BRG 6205,DGB BEARING 6205,CM0011,DEEP GROOVE BALL BEARING 6205,BEARING,85.71428571428571
202,CPSE-C,DGB BRG 6205,DGB BEARING 6205,CM0012,DEEP GROOVE BALL BEARING 6206,BEARING,62.22222222222222
202,CPSE-C,DGB BRG 6205,DGB BEARING 6205,CM0013,DEEP GROOVE BALL BEARING 6207,BEARING,62.22222222222222
202,CPSE-C,DGB BRG 6205,DGB BEARING 6205,CM0014,DEEP GROOVE BALL BEARING 6305,BEARING,62.22222222222222
202,CPSE-C,DGB BRG 6205,DGB BEARING 6205,CM0015,DEEP GROOVE BALL BEARING 6306,BEARING,60.869565217391305
202,CPSE-C,DGB BRG 6205,DGB BEARING 6205,CM0016,DEEP GROOVE BALL BEARING 6307,BEARING,60.869565217391305
202,CPSE-C,DGB BRG 6205,DGB BEARING 6205,CM0017,TAPERED ROLLER BEARING 30205,BEARING,60.869565217391305
202,CPSE-C,DGB BRG 6205,DGB BEARING 6205,CM0018,TAPERED ROLLER BEARING 30206,BEARING,60.869565217391305
202,CPSE-C,DGB BRG 6205,DGB BEARING 6205,CM0019,TAPERED ROLLER BEARING 30305,BEARING,60.869565217391305
202,CPSE-C,DGB BRG 6205,DGB BEARING 6205,CM0020,SPHERICAL ROLLER BEARING 22205,BEARING,60.869565217391305
203,CPSE-A,3C X 35 SQMM PVC CABL 1.1KV,3C X 35 SQMM PVC CABL 1.1KV,CM0061,1C X 2.5 SQMM PVC CABLE 1.1KV,ELECTRICAL_CABLE,82.14285714285714
203,CPSE-A,3C X 35 SQMM PVC CABL 1.1KV,3C X 35 SQMM PVC CABL 1.1KV,CM0062,1C X 4 SQMM PVC CABLE 1.1KV,ELECTRICAL_CABLE,85.18518518518519
203,CPSE-A,3C X 35 SQMM PVC CABL 1.1KV,3C X 35 SQMM PVC CABL 1.1KV,CM0063,3C X 2.5 SQMM PVC CABLE 1.1KV,ELECTRICAL_CABLE,92.85714285714286
203,CPSE-A,3C X 35 SQMM PVC CABL 1.1KV,3C X 35 SQMM PVC CABL 1.1KV,CM0064,3C X 4 SQMM PVC CABLE 1.1KV,ELECTRICAL_CABLE,92.5925925925926
203,CPSE-A,3C X 35 SQMM PVC CABL 1.1KV,3C X 35 SQMM PVC CABL 1.1KV,CM0065,3C X 6 SQMM PVC CABLE 1.1KV,ELECTRICAL_CABLE,92.5925925925926
203,CPSE-A,3C X 35 SQMM PVC CABL 1.1KV,3C X 35 SQMM PVC CABL 1.1KV,CM0066,4C X 10 SQMM PVC CABLE 1.1KV,ELECTRICAL_CABLE,87.27272727272728
203,CPSE-A,3C X 35 SQMM PVC CABL 1.1KV,3C X 35 SQMM PVC CABL 1.1KV,CM0067,4C X 16 SQMM PVC CABLE 1.1KV,ELECTRICAL_CABLE,87.27272727272728
203,CPSE-A,3C X 35 SQMM PVC CABL 1.1KV,3C X 35 SQMM PVC CABL 1.1KV,CM0068,4C X 25 SQMM PVC CABLE 1.1KV,ELECTRICAL_CABLE,90.9090909090909
203,CPSE-A,3C X 35 SQMM PVC CABL 1.1KV,3C X 35 SQMM PVC CABL 1.1KV,CM0069,3C X 35 SQMM PVC CABLE 1.1KV,ELECTRICAL_CABLE,98.18181818181819
203,CPSE-A,3C X 35 SQMM PVC CABL 1.1KV,3C X 35 SQMM PVC CABL 1.1KV,CM0070,4C X 50 SQMM PVC CABLE 1.1KV,ELECTRICAL_CABLE,83.63636363636364
204,CPSE-A,8 IN PTFE FULL FACE GKT 150 CLASS,8IN PTFE FULL FACE GASKET 150 CLASS,CM0051,2 IN SPIRAL WOUND SS GRAPHITE GASKET 150 CLASS,GASKET,62.745098039215684
204,CPSE-A,8 IN PTFE FULL FACE GKT 150 CLASS,8IN PTFE FULL FACE GASKET 150 CLASS,CM0052,3 IN SPIRAL WOUND SS GRAPHITE GASKET 150 CLASS,GASKET,62.745098039215684
204,CPSE-A,8 IN PTFE FULL FACE GKT 150 CLASS,8IN PTFE FULL FACE GASKET 150 CLASS,CM0053,4 IN SPIRAL WOUND GRAPHITE GASKET 300 CLASS,GASKET,53.84615384615385
204,CPSE-A,8 IN PTFE FULL FACE GKT 150 CLASS,8IN PTFE FULL FACE GASKET 150 CLASS,CM0054,6 IN SPIRAL WOUND GRAPHITE GASKET 150 CLASS,GASKET,62.745098039215684
204,CPSE-A,8 IN PTFE FULL FACE GKT 150 CLASS,8IN PTFE FULL FACE GASKET 150 CLASS,CM0055,8 IN PTFE FULL FACE GASKET 150 CLASS,GASKET,98.59154929577466
204,CPSE-A,8 IN PTFE FULL FACE GKT 150 CLASS,8IN PTFE FULL FACE GASKET 150 CLASS,CM0056,2 IN PTFE FULL FACE GASKET 150 CLASS,GASKET,95.77464788732394
204,CPSE-A,8 IN PTFE FULL FACE GKT 150 CLASS,8IN PTFE FULL FACE GASKET 150 CLASS,CM0057,4 IN SS GRAPHITE GASKET 150 CLASS,GASKET,65.3061224489796
204,CPSE-A,8 IN PTFE FULL FACE GKT 150 CLASS,8IN PTFE FULL FACE GASKET 150 CLASS,CM0058,6 IN PTFE FULL FACE GASKET 300 CLASS,GASKET,90.14084507042253
204,CPSE-A,8 IN PTFE FULL FACE GKT 150 CLASS,8IN PTFE FULL FACE GASKET 150 CLASS,CM0059,10 IN GRAPHITE SPIRAL WOUND GASKET 150 CLASS,GASKET,62.745098039215684
204,CPSE-A,8 IN PTFE FULL FACE GKT 150 CLASS,8IN PTFE FULL FACE GASKET 150 CLASS,CM0060,12 IN GRAPHITE SPIRAL WOUND GASKET 300 CLASS,GASKET,55.69620253164557
205,CPSE-C,4CX50 SQMM PVC CABLE 1.1KV,4CX50 SQMM PVC CABLE 1.1KV,CM0061,1C X 2.5 SQMM PVC CABLE 1.1KV,ELECTRICAL_CABLE,86.95652173913044
205,CPSE-C,4CX50 SQMM PVC CABLE 1.1KV,4CX50 SQMM PVC CABLE 1.1KV,CM0062,1C X 4 SQMM PVC CABLE 1.1KV,ELECTRICAL_CABLE,86.95652173913044
205,CPSE-C,4CX50 SQMM PVC CABLE 1.1KV,4CX50 SQMM PVC CABLE 1.1KV,CM0063,3C X 2.5 SQMM PVC CABLE 1.1KV,ELECTRICAL_CABLE,86.95652173913044
205,CPSE-C,4CX50 SQMM PVC CABLE 1.1KV,4CX50 SQMM PVC CABLE 1.1KV,CM0064,3C X 4 SQMM PVC CABLE 1.1KV,ELECTRICAL_CABLE,86.95652173913044
205,CPSE-C,4CX50 SQMM PVC CABLE 1.1KV,4CX50 SQMM PVC CABLE 1.1KV,CM0065,3C X 6 SQMM PVC CABLE 1.1KV,ELECTRICAL_CABLE,86.95652173913044
205,CPSE-C,4CX50 SQMM PVC CABLE 1.1KV,4CX50 SQMM PVC CABLE 1.1KV,CM0066,4C X 10 SQMM PVC CABLE 1.1KV,ELECTRICAL_CABLE,88.88888888888889
205,CPSE-C,4CX50 SQMM PVC CABLE 1.1KV,4CX50 SQMM PVC CABLE 1.1KV,CM0067,4C X 16 SQMM PVC CABLE 1.1KV,ELECTRICAL_CABLE,88.88888888888889
205,CPSE-C,4CX50 SQMM PVC CABLE 1.1KV,4CX50 SQMM PVC CABLE 1.1KV,CM0068,4C X 25 SQMM PVC CABLE 1.1KV,ELECTRICAL_CABLE,88.88888888888889
205,CPSE-C,4CX50 SQMM PVC CABLE 1.1KV,4CX50 SQMM PVC CABLE 1.1KV,CM0069,3C X 35 SQMM PVC CABLE 1.1KV,ELECTRICAL_CABLE,86.95652173913044
205,CPSE-C,4CX50 SQMM PVC CABLE 1.1KV,4CX50 SQMM PVC CABLE 1.1KV,CM0070,4C X 50 SQMM PVC CABLE 1.1KV,ELECTRICAL_CABLE,92.5925925925926
206,CPSE-A,IMPACT WRENCH 1/2 IN 500W,IMPACT WRENCH 1 2IN 500W,CM0091,ANGLE GRINDER 100MM 750W,INDUSTRIAL_TOOL,41.666666666666664
206,CPSE-A,IMPACT WRENCH 1/2 IN 500W,IMPACT WRENCH 1 2IN 500W,CM0092,ANGLE GRINDER 115MM 900W,INDUSTRIAL_TOOL,41.666666666666664
206,CPSE-A,IMPACT WRENCH 1/2 IN 500W,IMPACT WRENCH 1 2IN 500W,CM0093,ANGLE GRINDER 125MM 1100W,INDUSTRIAL_TOOL,40.816326530612244
206,CPSE-A,IMPACT WRENCH 1/2 IN 500W,IMPACT WRENCH 1 2IN 500W,CM0094,ELECTRIC DRILL 10MM 650W,INDUSTRIAL_TOOL,45.833333333333336
206,CPSE-A,IMPACT WRENCH 1/2 IN 500W,IMPACT WRENCH 1 2IN 500W,CM0095,ELECTRIC DRILL 13MM 800W,INDUSTRIAL_TOOL,45.833333333333336
206,CPSE-A,IMPACT WRENCH 1/2 IN 500W,IMPACT WRENCH 1 2IN 500W,CM0096,IMPACT WRENCH 1/2 IN 500W,INDUSTRIAL_TOOL,93.87755102040816
206,CPSE-A,IMPACT WRENCH 1/2 IN 500W,IMPACT WRENCH 1 2IN 500W,CM0097,CUTTING MACHINE 355MM 2000W,INDUSTRIAL_TOOL,43.13725490196079
206,CPSE-A,IMPACT WRENCH 1/2 IN 500W,IMPACT WRENCH 1 2IN 500W,CM0098,WELDING MACHINE 200A,INDUSTRIAL_TOOL,50.0
206,CPSE-A,IMPACT WRENCH 1/2 IN 500W,IMPACT WRENCH 1 2IN 500W,CM0099,TORQUE WRENCH 50-250NM,INDUSTRIAL_TOOL,52.17391304347826
206,CPSE-A,IMPACT WRENCH 1/2 IN 500W,IMPACT WRENCH 1 2IN 500W,CM0100,BENCH GRINDER 200MM 550W,INDUSTRIAL_TOOL,41.666666666666664
207,CPSE-A,10 IN SS304 SLIP ON FLG 150 CLASS,10IN SS304 SLIP ON FLANGE 150 CLASS,CM0041,2 IN CS WELD NECK FLANGE 150 CLASS,FLANGE,66.66666666666666
207,CPSE-A,10 IN SS304 SLIP ON FLG 150 CLASS,10IN SS304 SLIP ON FLANGE 150 CLASS,CM0042,2 IN SS304 WELD NECK FLANGE 150 CLASS,FLANGE,80.55555555555556
207,CPSE-A,10 IN SS304 SLIP ON FLG 150 CLASS,10IN SS304 SLIP ON FLANGE 150 CLASS,CM0043,3 IN CS SLIP ON FLANGE 150 CLASS,FLANGE,85.71428571428571
207,CPSE-A,10 IN SS304 SLIP ON FLG 150 CLASS,10IN SS304 SLIP ON FLANGE 150 CLASS,CM0044,4 IN SS316 WELD NECK FLANGE 300 CLASS,FLANGE,61.111111111111114
207,CPSE-A,10 IN SS304 SLIP ON FLG 150 CLASS,10IN SS304 SLIP ON FLANGE 150 CLASS,CM0045,6 IN CS SLIP ON FLANGE 150 CLASS,FLANGE,85.71428571428571
207,CPSE-A,10 IN SS304 SLIP ON FLG 150 CLASS,10IN SS304 SLIP ON FLANGE 150 CLASS,CM0046,8 IN CS WELD NECK FLANGE 300 CLASS,FLANGE,57.971014492753625
207,CPSE-A,10 IN SS304 SLIP ON FLG 150 CLASS,10IN SS304 SLIP ON FLANGE 150 CLASS,CM0047,10 IN SS304 SLIP ON FLANGE 150 CLASS,FLANGE,98.59154929577466
207,CPSE-A,10 IN SS304 SLIP ON FLG 150 CLASS,10IN SS304 SLIP ON FLANGE 150 CLASS,CM0048,12 IN CS WELD NECK FLANGE 150 CLASS,FLANGE,68.57142857142857
207,CPSE-A,10 IN SS304 SLIP ON FLG 150 CLASS,10IN SS304 SLIP ON FLANGE 150 CLASS,CM0049,4 IN SS304 SLIP ON FLANGE 300 CLASS,FLANGE,85.71428571428571
207,CPSE-A,10 IN SS304 SLIP ON FLG 150 CLASS,10IN SS304 SLIP ON FLANGE 150 CLASS,CM0050,6 IN SS316 WELD NECK FLANGE 150 CLASS,FLANGE,69.44444444444444
208,CPSE-C,2 IN SS304 GTV 150 CLASS,2IN SS304 GTV 150 CLASS,CM0021,2 IN SS304 GATE VALVE 150 CLASS,VALVE,78.94736842105263
208,CPSE-C,2 IN SS304 GTV 150 CLASS,2IN SS304 GTV 150 CLASS,CM0022,2 IN SS304 GATE VALVE 300 CLASS,VALVE,66.66666666666666
208,CPSE-C,2 IN SS304 GTV 150 CLASS,2IN SS304 GTV 150 CLASS,CM0023,3 IN CS GATE VALVE 150 CLASS,VALVE,56.25
208,CPSE-C,2 IN SS304 GTV 150 CLASS,2IN SS304 GTV 150 CLASS,CM0024,4 IN SS316 BALL VALVE 150 CLASS,VALVE,59.25925925925926
208,CPSE-C,2 IN SS304 GTV 150 CLASS,2IN SS304 GTV 150 CLASS,CM0025,6 IN CS BUTTERFLY VALVE 150 CLASS,VALVE,56.25
208,CPSE-C,2 IN SS304 GTV 150 CLASS,2IN SS304 GTV 150 CLASS,CM0026,4 IN SS304 GATE VALVE 150 CLASS,VALVE,78.94736842105263
208,CPSE-C,2 IN SS304 GTV 150 CLASS,2IN SS304 GTV 150 CLASS,CM0027,6 IN SS316 BALL VALVE 300 CLASS,VALVE,51.851851851851855
208,CPSE-C,2 IN SS304 GTV 150 CLASS,2IN SS304 GTV 150 CLASS,CM0028,8 IN CS GATE VALVE 300 CLASS,VALVE,47.05882352941177
208,CPSE-C,2 IN SS304 GTV 150 CLASS,2IN SS304 GTV 150 CLASS,CM0029,10 IN CS BUTTERFLY VALVE 150 CLASS,VALVE,56.25
208,CPSE-C,2 IN SS304 GTV 150 CLASS,2IN SS304 GTV 150 CLASS,CM0030,2 IN CS GLOBE VALVE 150 CLASS,VALVE,57.69230769230769
209,CPSE-A,8 IN CS WELD NECK FLG 300 CLASS,8IN CARBON STEEL WELD NECK FLANGE 300 CLASS,CM0041,2 IN CS WELD NECK FLANGE 150 CLASS,FLANGE,78.57142857142857
209,CPSE-A,8 IN CS WELD NECK FLG 300 CLASS,8IN CARBON STEEL WELD NECK FLANGE 300 CLASS,CM0042,2 IN SS304 WELD NECK FLANGE 150 CLASS,FLANGE,74.57627118644068
209,CPSE-A,8 IN CS WELD NECK FLG 300 CLASS,8IN CARBON STEEL WELD NECK FLANGE 300 CLASS,CM0043,3 IN CS SLIP ON FLANGE 150 CLASS,FLANGE,61.333333333333336
209,CPSE-A,8 IN CS WELD NECK FLG 300 CLASS,8IN CARBON STEEL WELD NECK FLANGE 300 CLASS,CM0044,4 IN SS316 WELD NECK FLANGE 300 CLASS,FLANGE,82.53968253968254
209,CPSE-A,8 IN CS WELD NECK FLG 300 CLASS,8IN CARBON STEEL WELD NECK FLANGE 300 CLASS,CM0045,6 IN CS SLIP ON FLANGE 150 CLASS,FLANGE,61.333333333333336
209,CPSE-A,8 IN CS WELD NECK FLG 300 CLASS,8IN CARBON STEEL WELD NECK FLANGE 300 CLASS,CM0046,8 IN CS WELD NECK FLANGE 300 CLASS,FLANGE,86.66666666666667
209,CPSE-A,8 IN CS WELD NECK FLG 300 CLASS,8IN CARBON STEEL WELD NECK FLANGE 300 CLASS,CM0047,10 IN SS304 SLIP ON FLANGE 150 CLASS,FLANGE,63.29113924050633
209,CPSE-A,8 IN CS WELD NECK FLG 300 CLASS,8IN CARBON STEEL WELD NECK FLANGE 300 CLASS,CM0048,12 IN CS WELD NECK FLANGE 150 CLASS,FLANGE,77.19298245614036
209,CPSE-A,8 IN CS WELD NECK FLG 300 CLASS,8IN CARBON STEEL WELD NECK FLANGE 300 CLASS,CM0049,4 IN SS304 SLIP ON FLANGE 300 CLASS,FLANGE,66.66666666666666
209,CPSE-A,8 IN CS WELD NECK FLG 300 CLASS,8IN CARBON STEEL WELD NECK FLANGE 300 CLASS,CM0050,6 IN SS316 WELD NECK FLANGE 150 CLASS,FLANGE,74.57627118644068
210,CPSE-C,3 IN CS SO FLG 150 CLASS,3IN CARBON STEEL SO FLANGE 150 CLASS,CM0041,2 IN CS WELD NECK FLANGE 150 CLASS,FLANGE,68.57142857142857
210,CPSE-C,3 IN CS SO FLG 150 CLASS,3IN CARBON STEEL SO FLANGE 150 CLASS,CM0042,2 IN SS304 WELD NECK FLANGE 150 CLASS,FLANGE,71.23287671232876
210,CPSE-C,3 IN CS SO FLG 150 CLASS,3IN CARBON STEEL SO FLANGE 150 CLASS,CM0043,3 IN CS SLIP ON FLANGE 150 CLASS,FLANGE,76.47058823529412
210,CPSE-C,3 IN CS SO FLG 150 CLASS,3IN CARBON STEEL SO FLANGE 150 CLASS,CM0044,4 IN SS316 WELD NECK FLANGE 300 CLASS,FLANGE,65.75342465753425
210,CPSE-C,3 IN CS SO FLG 150 CLASS,3IN CARBON STEEL SO FLANGE 150 CLASS,CM0045,6 IN CS SLIP ON FLANGE 150 CLASS,FLANGE,73.52941176470588
210,CPSE-C,3 IN CS SO FLG 150 CLASS,3IN CARBON STEEL SO FLANGE 150 CLASS,CM0046,8 IN CS WELD NECK FLANGE 300 CLASS,FLANGE,62.857142857142854
210,CPSE-C,3 IN CS SO FLG 150 CLASS,3IN CARBON STEEL SO FLANGE 150 CLASS,CM0047,10 IN SS304 SLIP ON FLANGE 150 CLASS,FLANGE,72.22222222222223
210,CPSE-C,3 IN CS SO FLG 150 CLASS,3IN CARBON STEEL SO FLANGE 150 CLASS,CM0048,12 IN CS WELD NECK FLANGE 150 CLASS,FLANGE,67.6056338028169
210,CPSE-C,3 IN CS SO FLG 150 CLASS,3IN CARBON STEEL SO FLANGE 150 CLASS,CM0049,4 IN SS304 SLIP ON FLANGE 300 CLASS,FLANGE,67.6056338028169
210,CPSE-C,3 IN CS SO FLG 150 CLASS,3IN CARBON STEEL SO FLANGE 150 CLASS,CM0050,6 IN SS316 WELD NECK FLANGE 150 CLASS,FLANGE,71.23287671232876
211,CPSE-C,CUTTING MACHINE 355MM 2000W,CUTTING MACHINE 355MM 2000W,CM0091,ANGLE GRINDER 100MM 750W,INDUSTRIAL_TOOL,43.13725490196079
211,CPSE-C,CUTTING MACHINE 355MM 2000W,CUTTING MACHINE 355MM 2000W,CM0092,ANGLE GRINDER 115MM 900W,INDUSTRIAL_TOOL,39.21568627450981
211,CPSE-C,CUTTING MACHINE 355MM 2000W,CUTTING MACHINE 355MM 2000W,CM0093,ANGLE GRINDER 125MM 1100W,INDUSTRIAL_TOOL,53.84615384615385
211,CPSE-C,CUTTING MACHINE 355MM 2000W,CUTTING MACHINE 355MM 2000W,CM0094,ELECTRIC DRILL 10MM 650W,INDUSTRIAL_TOOL,35.294117647058826
211,CPSE-C,CUTTING MACHINE 355MM 2000W,CUTTING MACHINE 355MM 2000W,CM0095,ELECTRIC DRILL 13MM 800W,INDUSTRIAL_TOOL,35.294117647058826
211,CPSE-C,CUTTING MACHINE 355MM 2000W,CUTTING MACHINE 355MM 2000W,CM0096,IMPACT WRENCH 1/2 IN 500W,INDUSTRIAL_TOOL,50.0
211,CPSE-C,CUTTING MACHINE 355MM 2000W,CUTTING MACHINE 355MM 2000W,CM0097,CUTTING MACHINE 355MM 2000W,INDUSTRIAL_TOOL,100.0
211,CPSE-C,CUTTING MACHINE 355MM 2000W,CUTTING MACHINE 355MM 2000W,CM0098,WELDING MACHINE 200A,INDUSTRIAL_TOOL,63.829787234042556
211,CPSE-C,CUTTING MACHINE 355MM 2000W,CUTTING MACHINE 355MM 2000W,CM0099,TORQUE WRENCH 50-250NM,INDUSTRIAL_TOOL,32.65306122448979
211,CPSE-C,CUTTING MACHINE 355MM 2000W,CUTTING MACHINE 355MM 2000W,CM0100,BENCH GRINDER 200MM 550W,INDUSTRIAL_TOOL,50.98039215686274
212,CPSE-C,M10X75 SS316 HEX BOLT,M10X75 SS316 HEX BOLT,CM0001,M10 X 50 SS304 HEX BOLT,FASTENER,72.72727272727272
212,CPSE-C,M10X75 SS316 HEX BOLT,M10X75 SS316 HEX BOLT,CM0002,M12 X 50 SS304 HEX BOLT,FASTENER,68.18181818181819
212,CPSE-C,M10X75 SS316 HEX BOLT,M10X75 SS316 HEX BOLT,CM0003,M10 X 75 SS316 HEX BOLT,FASTENER,86.36363636363636
212,CPSE-C,M10X75 SS316 HEX BOLT,M10X75 SS316 HEX BOLT,CM0004,M16 X 60 CARBON STEEL HEX BOLT,FASTENER,55.172413793103445
212,CPSE-C,M10X75 SS316 HEX BOLT,M10X75 SS316 HEX BOLT,CM0005,M20 X 80 GALVANIZED STEEL HEX BOLT,FASTENER,55.172413793103445
212,CPSE-C,M10X75 SS316 HEX BOLT,M10X75 SS316 HEX BOLT,CM0006,M8 X 40 CARBON STEEL HEX BOLT,FASTENER,55.172413793103445
212,CPSE-C,M10X75 SS316 HEX BOLT,M10X75 SS316 HEX BOLT,CM0007,M12 X 80 SS316 HEX BOLT,FASTENER,81.81818181818181
212,CPSE-C,M10X75 SS316 HEX BOLT,M10X75 SS316 HEX BOLT,CM0008,M16 X 75 SS304 HEX BOLT,FASTENER,68.18181818181819
212,CPSE-C,M10X75 SS316 HEX BOLT,M10X75 SS316 HEX BOLT,CM0009,M20 X 100 CARBON STEEL HEX BOLT,FASTENER,55.172413793103445
212,CPSE-C,M10X75 SS316 HEX BOLT,M10X75 SS316 HEX BOLT,CM0010,M10 X 30 SS304 HEX BOLT,FASTENER,72.72727272727272
213,CPSE-B,"4""SS316 BALL VAL 150#",4INSS316 BALL VAL 150#,CM0021,2 IN SS304 GATE VALVE 150 CLASS,VALVE,49.056603773584904
213,CPSE-B,"4""SS316 BALL VAL 150#",4INSS316 BALL VAL 150#,CM0022,2 IN SS304 GATE VALVE 300 CLASS,VALVE,41.509433962264154
213,CPSE-B,"4""SS316 BALL VAL 150#",4INSS316 BALL VAL 150#,CM0023,3 IN CS GATE VALVE 150 CLASS,VALVE,48.0
213,CPSE-B,"4""SS316 BALL VAL 150#",4INSS316 BALL VAL 150#,CM0024,4 IN SS316 BALL VALVE 150 CLASS,VALVE,79.24528301886792
213,CPSE-B,"4""SS316 BALL VAL 150#",4INSS316 BALL VAL 150#,CM0025,6 IN CS BUTTERFLY VALVE 150 CLASS,VALVE,47.27272727272727
213,CPSE-B,"4""SS316 BALL VAL 150#",4INSS316 BALL VAL 150#,CM0026,4 IN SS304 GATE VALVE 150 CLASS,VALVE,52.83018867924528
213,CPSE-B,"4""SS316 BALL VAL 150#",4INSS316 BALL VAL 150#,CM0027,6 IN SS316 BALL VALVE 300 CLASS,VALVE,67.9245283018868
213,CPSE-B,"4""SS316 BALL VAL 150#",4INSS316 BALL VAL 150#,CM0028,8 IN CS GATE VALVE 300 CLASS,VALVE,40.0
213,CPSE-B,"4""SS316 BALL VAL 150#",4INSS316 BALL VAL 150#,CM0029,10 IN CS BUTTERFLY VALVE 150 CLASS,VALVE,42.857142857142854
213,CPSE-B,"4""SS316 BALL VAL 150#",4INSS316 BALL VAL 150#,CM0030,2 IN CS GLOBE VALVE 150 CLASS,VALVE,47.05882352941177
214,CPSE-A,CENT PMP 250 M3/H 70M HEAD 55KW,CENT PUMP 250 M3 H 70M HEAD 55KW,CM0081,CENTRIFUGAL PUMP 20 M3/H 30M HEAD 5.5KW,PUMP,70.4225352112676
214,CPSE-A,CENT PMP 250 M3/H 70M HEAD 55KW,CENT PUMP 250 M3 H 70M HEAD 55KW,CM0082,CENTRIFUGAL PUMP 30 M3/H 40M HEAD 7.5KW,PUMP,64.7887323943662
214,CPSE-A,CENT PMP 250 M3/H 70M HEAD 55KW,CENT PUMP 250 M3 H 70M HEAD 55KW,CM0083,CENTRIFUGAL PUMP 50 M3/H 50M HEAD 11KW,PUMP,68.57142857142857
214,CPSE-A,CENT PMP 250 M3/H 70M HEAD 55KW,CENT PUMP 250 M3 H 70M HEAD 55KW,CM0084,CENTRIFUGAL PUMP 75 M3/H 40M HEAD 15KW,PUMP,68.57142857142857
214,CPSE-A,CENT PMP 250 M3/H 70M HEAD 55KW,CENT PUMP 250 M3 H 70M HEAD 55KW,CM0085,CENTRIFUGAL PUMP 100 M3/H 50M HEAD 22KW,PUMP,70.4225352112676
214,CPSE-A,CENT PMP 250 M3/H 70M HEAD 55KW,CENT PUMP 250 M3 H 70M HEAD 55KW,CM0086,CENTRIFUGAL PUMP 120 M3/H 60M HEAD 30KW,PUMP,73.2394366197183
214,CPSE-A,CENT PMP 250 M3/H 70M HEAD 55KW,CENT PUMP 250 M3 H 70M HEAD 55KW,CM0087,CENTRIFUGAL PUMP 150 M3/H 50M HEAD 37KW,PUMP,73.2394366197183
214,CPSE-A,CENT PMP 250 M3/H 70M HEAD 55KW,CENT PUMP 250 M3 H 70M HEAD 55KW,CM0088,CENTRIFUGAL PUMP 200 M3/H 60M HEAD 45KW,PUMP,76.05633802816902
214,CPSE-A,CENT PMP 250 M3/H 70M HEAD 55KW,CENT PUMP 250 M3 H 70M HEAD 55KW,CM0089,CENTRIFUGAL PUMP 250 M3/H 70M HEAD 55KW,PUMP,84.50704225352112
214,CPSE-A,CENT PMP 250 M3/H 70M HEAD 55KW,CENT PUMP 250 M3 H 70M HEAD 55KW,CM0090,CENTRIFUGAL PUMP 300 M3/H 80M HEAD 75KW,PUMP,73.2394366197183
215,CPSE-B,"2""SS304 GATE VAL 300#",2INSS304 GATE VAL 300#,CM0021,2 IN SS304 GATE VALVE 150 CLASS,VALVE,64.15094339622641
215,CPSE-B,"2""SS304 GATE VAL 300#",2INSS304 GATE VAL 300#,CM0022,2 IN SS304 GATE VALVE 300 CLASS,VALVE,64.15094339622641
215,CPSE-B,"2""SS304 GATE VAL 300#",2INSS304 GATE VAL 300#,CM0023,3 IN CS GATE VALVE 150 CLASS,VALVE,48.0
215,CPSE-B,"2""SS304 GATE VAL 300#",2INSS304 GATE VAL 300#,CM0024,4 IN SS316 BALL VALVE 150 CLASS,VALVE,33.9622641509434
215,CPSE-B,"2""SS304 GATE VAL 300#",2INSS304 GATE VAL 300#,CM0025,6 IN CS BUTTERFLY VALVE 150 CLASS,VALVE,32.727272727272734
215,CPSE-B,"2""SS304 GATE VAL 300#",2INSS304 GATE VAL 300#,CM0026,4 IN SS304 GATE VALVE 150 CLASS,VALVE,60.37735849056604
215,CPSE-B,"2""SS304 GATE VAL 300#",2INSS304 GATE VAL 300#,CM0027,6 IN SS316 BALL VALVE 300 CLASS,VALVE,33.9622641509434
215,CPSE-B,"2""SS304 GATE VAL 300#",2INSS304 GATE VAL 300#,CM0028,8 IN CS GATE VALVE 300 CLASS,VALVE,48.0
215,CPSE-B,"2""SS304 GATE VAL 300#",2INSS304 GATE VAL 300#,CM0029,10 IN CS BUTTERFLY VALVE 150 CLASS,VALVE,35.71428571428571
215,CPSE-B,"2""SS304 GATE VAL 300#",2INSS304 GATE VAL 300#,CM0030,2 IN CS GLOBE VALVE 150 CLASS,VALVE,43.13725490196079
216,CPSE-C,DGB BRG 6306,DGB BEARING 6306,CM0011,DEEP GROOVE BALL BEARING 6205,BEARING,60.869565217391305
216,CPSE-C,DGB BRG 6306,DGB BEARING 6306,CM0012,DEEP GROOVE BALL BEARING 6206,BEARING,62.22222222222222
216,CPSE-C,DGB BRG 6306,DGB BEARING 6306,CM0013,DEEP GROOVE BALL BEARING 6207,BEARING,60.869565217391305
216,CPSE-C,DGB BRG 6306,DGB BEARING 6306,CM0014,DEEP GROOVE BALL BEARING 6305,BEARING,62.22222222222222
216,CPSE-C,DGB BRG 6306,DGB BEARING 6306,CM0015,DEEP GROOVE BALL BEARING 6306,BEARING,85.71428571428571
216,CPSE-C,DGB BRG 6306,DGB BEARING 6306,CM0016,DEEP GROOVE BALL BEARING 6307,BEARING,62.22222222222222
216,CPSE-C,DGB BRG 6306,DGB BEARING 6306,CM0017,TAPERED ROLLER BEARING 30205,BEARING,60.869565217391305
216,CPSE-C,DGB BRG 6306,DGB BEARING 6306,CM0018,TAPERED ROLLER BEARING 30206,BEARING,60.869565217391305
216,CPSE-C,DGB BRG 6306,DGB BEARING 6306,CM0019,TAPERED ROLLER BEARING 30305,BEARING,60.869565217391305
216,CPSE-C,DGB BRG 6306,DGB BEARING 6306,CM0020,SPHERICAL ROLLER BEARING 22205,BEARING,60.869565217391305
217,CPSE-A,ELEC DRILL 10MM 650W,ELEC DRILL 10MM 650W,CM0091,ANGLE GRINDER 100MM 750W,INDUSTRIAL_TOOL,54.54545454545455
217,CPSE-A,ELEC DRILL 10MM 650W,ELEC DRILL 10MM 650W,CM0092,ANGLE GRINDER 115MM 900W,INDUSTRIAL_TOOL,45.45454545454545
217,CPSE-A,ELEC DRILL 10MM 650W,ELEC DRILL 10MM 650W,CM0093,ANGLE GRINDER 125MM 1100W,INDUSTRIAL_TOOL,40.0
217,CPSE-A,ELEC DRILL 10MM 650W,ELEC DRILL 10MM 650W,CM0094,ELECTRIC DRILL 10MM 650W,INDUSTRIAL_TOOL,90.9090909090909
217,CPSE-A,ELEC DRILL 10MM 650W,ELEC DRILL 10MM 650W,CM0095,ELECTRIC DRILL 13MM 800W,INDUSTRIAL_TOOL,77.27272727272728
217,CPSE-A,ELEC DRILL 10MM 650W,ELEC DRILL 10MM 650W,CM0096,IMPACT WRENCH 1/2 IN 500W,INDUSTRIAL_TOOL,44.44444444444444
217,CPSE-A,ELEC DRILL 10MM 650W,ELEC DRILL 10MM 650W,CM0097,CUTTING MACHINE 355MM 2000W,INDUSTRIAL_TOOL,29.787234042553195
217,CPSE-A,ELEC DRILL 10MM 650W,ELEC DRILL 10MM 650W,CM0098,WELDING MACHINE 200A,INDUSTRIAL_TOOL,35.0
217,CPSE-A,ELEC DRILL 10MM 650W,ELEC DRILL 10MM 650W,CM0099,TORQUE WRENCH 50-250NM,INDUSTRIAL_TOOL,38.095238095238095
217,CPSE-A,ELEC DRILL 10MM 650W,ELEC DRILL 10MM 650W,CM0100,BENCH GRINDER 200MM 550W,INDUSTRIAL_TOOL,50.0
218,CPSE-A,4 IN SPIRAL WOUND GRAPHITE GKT 300 CLASS,4IN SPIRAL WOUND GRAPHITE GASKET 300 CLASS,CM0051,2 IN SPIRAL WOUND SS GRAPHITE GASKET 150 CLASS,GASKET,89.47368421052632
218,CPSE-A,4 IN SPIRAL WOUND GRAPHITE GKT 300 CLASS,4IN SPIRAL WOUND GRAPHITE GASKET 300 CLASS,CM0052,3 IN SPIRAL WOUND SS GRAPHITE GASKET 150 CLASS,GASKET,89.47368421052632
218,CPSE-A,4 IN SPIRAL WOUND GRAPHITE GKT 300 CLASS,4IN SPIRAL WOUND GRAPHITE GASKET 300 CLASS,CM0053,4 IN SPIRAL WOUND GRAPHITE GASKET 300 CLASS,GASKET,98.82352941176471
218,CPSE-A,4 IN SPIRAL WOUND GRAPHITE GKT 300 CLASS,4IN SPIRAL WOUND GRAPHITE GASKET 300 CLASS,CM0054,6 IN SPIRAL WOUND GRAPHITE GASKET 150 CLASS,GASKET,91.76470588235294
218,CPSE-A,4 IN SPIRAL WOUND GRAPHITE GKT 300 CLASS,4IN SPIRAL WOUND GRAPHITE GASKET 300 CLASS,CM0055,8 IN PTFE FULL FACE GASKET 150 CLASS,GASKET,56.41025641025641
218,CPSE-A,4 IN SPIRAL WOUND GRAPHITE GKT 300 CLASS,4IN SPIRAL WOUND GRAPHITE GASKET 300 CLASS,CM0056,2 IN PTFE FULL FACE GASKET 150 CLASS,GASKET,56.41025641025641
218,CPSE-A,4 IN SPIRAL WOUND GRAPHITE GKT 300 CLASS,4IN SPIRAL WOUND GRAPHITE GASKET 300 CLASS,CM0057,4 IN SS GRAPHITE GASKET 150 CLASS,GASKET,77.77777777777777
218,CPSE-A,4 IN SPIRAL WOUND GRAPHITE GKT 300 CLASS,4IN SPIRAL WOUND GRAPHITE GASKET 300 CLASS,CM0058,6 IN PTFE FULL FACE GASKET 300 CLASS,GASKET,61.53846153846154
218,CPSE-A,4 IN SPIRAL WOUND GRAPHITE GKT 300 CLASS,4IN SPIRAL WOUND GRAPHITE GASKET 300 CLASS,CM0059,10 IN GRAPHITE SPIRAL WOUND GASKET 150 CLASS,GASKET,93.02325581395348
218,CPSE-A,4 IN SPIRAL WOUND GRAPHITE GKT 300 CLASS,4IN SPIRAL WOUND GRAPHITE GASKET 300 CLASS,CM0060,12 IN GRAPHITE SPIRAL WOUND GASKET 300 CLASS,GASKET,95.34883720930233
219,CPSE-B,DEEP GROOVE BALL BEARING 6305,DEEP GROOVE BALL BEARING 6305,CM0011,DEEP GROOVE BALL BEARING 6205,BEARING,96.55172413793103
219,CPSE-B,DEEP GROOVE BALL BEARING 6305,DEEP GROOVE BALL BEARING 6305,CM0012,DEEP GROOVE BALL BEARING 6206,BEARING,93.10344827586206
219,CPSE-B,DEEP GROOVE BALL BEARING 6305,DEEP GROOVE BALL BEARING 6305,CM0013,DEEP GROOVE BALL BEARING 6207,BEARING,93.10344827586206
219,CPSE-B,DEEP GROOVE BALL BEARING 6305,DEEP GROOVE BALL BEARING 6305,CM0014,DEEP GROOVE BALL BEARING 6305,BEARING,100.0
219,CPSE-B,DEEP GROOVE BALL BEARING 6305,DEEP GROOVE BALL BEARING 6305,CM0015,DEEP GROOVE BALL BEARING 6306,BEARING,96.55172413793103
219,CPSE-B,DEEP GROOVE BALL BEARING 6305,DEEP GROOVE BALL BEARING 6305,CM0016,DEEP GROOVE BALL BEARING 6307,BEARING,96.55172413793103
219,CPSE-B,DEEP GROOVE BALL BEARING 6305,DEEP GROOVE BALL BEARING 6305,CM0017,TAPERED ROLLER BEARING 30205,BEARING,63.1578947368421
219,CPSE-B,DEEP GROOVE BALL BEARING 6305,DEEP GROOVE BALL BEARING 6305,CM0018,TAPERED ROLLER BEARING 30206,BEARING,59.64912280701754
219,CPSE-B,DEEP GROOVE BALL BEARING 6305,DEEP GROOVE BALL BEARING 6305,CM0019,TAPERED ROLLER BEARING 30305,BEARING,63.1578947368421
219,CPSE-B,DEEP GROOVE BALL BEARING 6305,DEEP GROOVE BALL BEARING 6305,CM0020,SPHERICAL ROLLER BEARING 22205,BEARING,54.23728813559322
220,CPSE-A,2 IN SS304 WELD NECK FLG 150 CLASS,2IN SS304 WELD NECK FLANGE 150 CLASS,CM0041,2 IN CS WELD NECK FLANGE 150 CLASS,FLANGE,86.66666666666667
220,CPSE-A,2 IN SS304 WELD NECK FLG 150 CLASS,2IN SS304 WELD NECK FLANGE 150 CLASS,CM0042,2 IN SS304 WELD NECK FLANGE 150 CLASS,FLANGE,98.63013698630137
220,CPSE-A,2 IN SS304 WELD NECK FLG 150 CLASS,2IN SS304 WELD NECK FLANGE 150 CLASS,CM0043,3 IN CS SLIP ON FLANGE 150 CLASS,FLANGE,70.58823529411765
220,CPSE-A,2 IN SS304 WELD NECK FLG 150 CLASS,2IN SS304 WELD NECK FLANGE 150 CLASS,CM0044,4 IN SS316 WELD NECK FLANGE 300 CLASS,FLANGE,84.93150684931507
220,CPSE-A,2 IN SS304 WELD NECK FLG 150 CLASS,2IN SS304 WELD NECK FLANGE 150 CLASS,CM0045,6 IN CS SLIP ON FLANGE 150 CLASS,FLANGE,70.58823529411765
220,CPSE-A,2 IN SS304 WELD NECK FLG 150 CLASS,2IN SS304 WELD NECK FLANGE 150 CLASS,CM0046,8 IN CS WELD NECK FLANGE 300 CLASS,FLANGE,78.57142857142857
220,CPSE-A,2 IN SS304 WELD NECK FLG 150 CLASS,2IN SS304 WELD NECK FLANGE 150 CLASS,CM0047,10 IN SS304 SLIP ON FLANGE 150 CLASS,FLANGE,80.55555555555556
220,CPSE-A,2 IN SS304 WELD NECK FLG 150 CLASS,2IN SS304 WELD NECK FLANGE 150 CLASS,CM0048,12 IN CS WELD NECK FLANGE 150 CLASS,FLANGE,85.24590163934427
220,CPSE-A,2 IN SS304 WELD NECK FLG 150 CLASS,2IN SS304 WELD NECK FLANGE 150 CLASS,CM0049,4 IN SS304 SLIP ON FLANGE 300 CLASS,FLANGE,76.05633802816902
220,CPSE-A,2 IN SS304 WELD NECK FLG 150 CLASS,2IN SS304 WELD NECK FLANGE 150 CLASS,CM0050,6 IN SS316 WELD NECK FLANGE 150 CLASS,FLANGE,90.41095890410959
221,CPSE-C,A/GRINDER 115MM 900W,A GRINDER 115MM 900W,CM0091,ANGLE GRINDER 100MM 750W,INDUSTRIAL_TOOL,72.72727272727272
221,CPSE-C,A/GRINDER 115MM 900W,A GRINDER 115MM 900W,CM0092,ANGLE GRINDER 115MM 900W,INDUSTRIAL_TOOL,94.73684210526315
221,CPSE-C,A/GRINDER 115MM 900W,A GRINDER 115MM 900W,CM0093,ANGLE GRINDER 125MM 1100W,INDUSTRIAL_TOOL,66.66666666666666
221,CPSE-C,A/GRINDER 115MM 900W,A GRINDER 115MM 900W,CM0094,ELECTRIC DRILL 10MM 650W,INDUSTRIAL_TOOL,50.0
221,CPSE-C,A/GRINDER 115MM 900W,A GRINDER 115MM 900W,CM0095,ELECTRIC DRILL 13MM 800W,INDUSTRIAL_TOOL,54.54545454545455
221,CPSE-C,A/GRINDER 115MM 900W,A GRINDER 115MM 900W,CM0096,IMPACT WRENCH 1/2 IN 500W,INDUSTRIAL_TOOL,48.888888888888886
221,CPSE-C,A/GRINDER 115MM 900W,A GRINDER 115MM 900W,CM0097,CUTTING MACHINE 355MM 2000W,INDUSTRIAL_TOOL,38.297872340425535
221,CPSE-C,A/GRINDER 115MM 900W,A GRINDER 115MM 900W,CM0098,WELDING MACHINE 200A,INDUSTRIAL_TOOL,35.0
221,CPSE-C,A/GRINDER 115MM 900W,A GRINDER 115MM 900W,CM0099,TORQUE WRENCH 50-250NM,INDUSTRIAL_TOOL,33.33333333333333
221,CPSE-C,A/GRINDER 115MM 900W,A GRINDER 115MM 900W,CM0100,BENCH GRINDER 200MM 550W,INDUSTRIAL_TOOL,63.63636363636363
222,CPSE-A,3 PHASE INDUCTION MTR 11KW 415V 50HZ,3 PHASE INDUCTION MOTOR 11KW 415V 50HZ,CM0071,3 PHASE INDUCTION MOTOR 5.5KW 415V 50HZ,MOTOR,93.50649350649351
222,CPSE-A,3 PHASE INDUCTION MTR 11KW 415V 50HZ,3 PHASE INDUCTION MOTOR 11KW 415V 50HZ,CM0072,3 PHASE INDUCTION MOTOR 7.5KW 415V 50HZ,MOTOR,93.50649350649351
222,CPSE-A,3 PHASE INDUCTION MTR 11KW 415V 50HZ,3 PHASE INDUCTION MOTOR 11KW 415V 50HZ,CM0073,3 PHASE INDUCTION MOTOR 11KW 415V 50HZ,MOTOR,100.0
222,CPSE-A,3 PHASE INDUCTION MTR 11KW 415V 50HZ,3 PHASE INDUCTION MOTOR 11KW 415V 50HZ,CM0074,3 PHASE INDUCTION MOTOR 15KW 415V 50HZ,MOTOR,97.36842105263158
222,CPSE-A,3 PHASE INDUCTION MTR 11KW 415V 50HZ,3 PHASE INDUCTION MOTOR 11KW 415V 50HZ,CM0075,3 PHASE INDUCTION MOTOR 18.5KW 415V 50HZ,MOTOR,94.87179487179488
222,CPSE-A,3 PHASE INDUCTION MTR 11KW 415V 50HZ,3 PHASE INDUCTION MOTOR 11KW 415V 50HZ,CM0076,3 PHASE INDUCTION MOTOR 22KW 415V 50HZ,MOTOR,94.73684210526315
222,CPSE-A,3 PHASE INDUCTION MTR 11KW 415V 50HZ,3 PHASE INDUCTION MOTOR 11KW 415V 50HZ,CM0077,3 PHASE INDUCTION MOTOR 30KW 415V 50HZ,MOTOR,94.73684210526315
222,CPSE-A,3 PHASE INDUCTION MTR 11KW 415V 50HZ,3 PHASE INDUCTION MOTOR 11KW 415V 50HZ,CM0078,3 PHASE INDUCTION MOTOR 37KW 415V 50HZ,MOTOR,94.73684210526315
222,CPSE-A,3 PHASE INDUCTION MTR 11KW 415V 50HZ,3 PHASE INDUCTION MOTOR 11KW 415V 50HZ,CM0079,3 PHASE INDUCTION MOTOR 45KW 415V 50HZ,MOTOR,94.73684210526315
222,CPSE-A,3 PHASE INDUCTION MTR 11KW 415V 50HZ,3 PHASE INDUCTION MOTOR 11KW 415V 50HZ,CM0080,3 PHASE INDUCTION MOTOR 55KW 415V 50HZ,MOTOR,94.73684210526315
223,CPSE-A,3 IN SPIRAL WOUND SS GRAPHITE GKT 150 CLASS,3IN SPIRAL WOUND SS GRAPHITE GASKET 150 CLASS,CM0051,2 IN SPIRAL WOUND SS GRAPHITE GASKET 150 CLASS,GASKET,96.7032967032967
223,CPSE-A,3 IN SPIRAL WOUND SS GRAPHITE GKT 150 CLASS,3IN SPIRAL WOUND SS GRAPHITE GASKET 150 CLASS,CM0052,3 IN SPIRAL WOUND SS GRAPHITE GASKET 150 CLASS,GASKET,98.9010989010989
223,CPSE-A,3 IN SPIRAL WOUND SS GRAPHITE GKT 150 CLASS,3IN SPIRAL WOUND SS GRAPHITE GASKET 150 CLASS,CM0053,4 IN SPIRAL WOUND GRAPHITE GASKET 300 CLASS,GASKET,88.63636363636364
223,CPSE-A,3 IN SPIRAL WOUND SS GRAPHITE GKT 150 CLASS,3IN SPIRAL WOUND SS GRAPHITE GASKET 150 CLASS,CM0054,6 IN SPIRAL WOUND GRAPHITE GASKET 150 CLASS,GASKET,93.82716049382717
223,CPSE-A,3 IN SPIRAL WOUND SS GRAPHITE GKT 150 CLASS,3IN SPIRAL WOUND SS GRAPHITE GASKET 150 CLASS,CM0055,8 IN PTFE FULL FACE GASKET 150 CLASS,GASKET,61.53846153846154
223,CPSE-A,3 IN SPIRAL WOUND SS GRAPHITE GKT 150 CLASS,3IN SPIRAL WOUND SS GRAPHITE GASKET 150 CLASS,CM0056,2 IN PTFE FULL FACE GASKET 150 CLASS,GASKET,61.53846153846154
223,CPSE-A,3 IN SPIRAL WOUND SS GRAPHITE GKT 150 CLASS,3IN SPIRAL WOUND SS GRAPHITE GASKET 150 CLASS,CM0057,4 IN SS GRAPHITE GASKET 150 CLASS,GASKET,91.80327868852459
223,CPSE-A,3 IN SPIRAL WOUND SS GRAPHITE GKT 150 CLASS,3IN SPIRAL WOUND SS GRAPHITE GASKET 150 CLASS,CM0058,6 IN PTFE FULL FACE GASKET 300 CLASS,GASKET,54.32098765432099
223,CPSE-A,3 IN SPIRAL WOUND SS GRAPHITE GKT 150 CLASS,3IN SPIRAL WOUND SS GRAPHITE GASKET 150 CLASS,CM0059,10 IN GRAPHITE SPIRAL WOUND GASKET 150 CLASS,GASKET,92.6829268292683
223,CPSE-A,3 IN SPIRAL WOUND SS GRAPHITE GKT 150 CLASS,3IN SPIRAL WOUND SS GRAPHITE GASKET 150 CLASS,CM0060,12 IN GRAPHITE SPIRAL WOUND GASKET 300 CLASS,GASKET,89.88764044943821
224,CPSE-C,M16X75 SS304 HEX BOLT,M16X75 SS304 HEX BOLT,CM0001,M10 X 50 SS304 HEX BOLT,FASTENER,81.81818181818181
224,CPSE-C,M16X75 SS304 HEX BOLT,M16X75 SS304 HEX BOLT,CM0002,M12 X 50 SS304 HEX BOLT,FASTENER,81.81818181818181
224,CPSE-C,M16X75 SS304 HEX BOLT,M16X75 SS304 HEX BOLT,CM0003,M10 X 75 SS316 HEX BOLT,FASTENER,68.18181818181819
224,CPSE-C,M16X75 SS304 HEX BOLT,M16X75 SS304 HEX BOLT,CM0004,M16 X 60 CARBON STEEL HEX BOLT,FASTENER,55.172413793103445
224,CPSE-C,M16X75 SS304 HEX BOLT,M16X75 SS304 HEX BOLT,CM0005,M20 X 80 GALVANIZED STEEL HEX BOLT,FASTENER,55.172413793103445
224,CPSE-C,M16X75 SS304 HEX BOLT,M16X75 SS304 HEX BOLT,CM0006,M8 X 40 CARBON STEEL HEX BOLT,FASTENER,55.172413793103445
224,CPSE-C,M16X75 SS304 HEX BOLT,M16X75 SS304 HEX BOLT,CM0007,M12 X 80 SS316 HEX BOLT,FASTENER,68.18181818181819
224,CPSE-C,M16X75 SS304 HEX BOLT,M16X75 SS304 HEX BOLT,CM0008,M16 X 75 SS304 HEX BOLT,FASTENER,86.36363636363636
224,CPSE-C,M16X75 SS304 HEX BOLT,M16X75 SS304 HEX BOLT,CM0009,M20 X 100 CARBON STEEL HEX BOLT,FASTENER,55.172413793103445
224,CPSE-C,M16X75 SS304 HEX BOLT,M16X75 SS304 HEX BOLT,CM0010,M10 X 30 SS304 HEX BOLT,FASTENER,81.81818181818181
225,CPSE-A,CENT PMP 200 M3/H 60M HEAD 45KW,CENT PUMP 200 M3 H 60M HEAD 45KW,CM0081,CENTRIFUGAL PUMP 20 M3/H 30M HEAD 5.5KW,PUMP,70.4225352112676
225,CPSE-A,CENT PMP 200 M3/H 60M HEAD 45KW,CENT PUMP 200 M3 H 60M HEAD 45KW,CM0082,CENTRIFUGAL PUMP 30 M3/H 40M HEAD 7.5KW,PUMP,67.6056338028169
225,CPSE-A,CENT PMP 200 M3/H 60M HEAD 45KW,CENT PUMP 200 M3 H 60M HEAD 45KW,CM0083,CENTRIFUGAL PUMP 50 M3/H 50M HEAD 11KW,PUMP,65.71428571428572
225,CPSE-A,CENT PMP 200 M3/H 60M HEAD 45KW,CENT PUMP 200 M3 H 60M HEAD 45KW,CM0084,CENTRIFUGAL PUMP 75 M3/H 40M HEAD 15KW,PUMP,68.57142857142857
225,CPSE-A,CENT PMP 200 M3/H 60M HEAD 45KW,CENT PUMP 200 M3 H 60M HEAD 45KW,CM0085,CENTRIFUGAL PUMP 100 M3/H 50M HEAD 22KW,PUMP,73.2394366197183
225,CPSE-A,CENT PMP 200 M3/H 60M HEAD 45KW,CENT PUMP 200 M3 H 60M HEAD 45KW,CM0086,CENTRIFUGAL PUMP 120 M3/H 60M HEAD 30KW,PUMP,76.05633802816902
225,CPSE-A,CENT PMP 200 M3/H 60M HEAD 45KW,CENT PUMP 200 M3 H 60M HEAD 45KW,CM0087,CENTRIFUGAL PUMP 150 M3/H 50M HEAD 37KW,PUMP,70.4225352112676
225,CPSE-A,CENT PMP 200 M3/H 60M HEAD 45KW,CENT PUMP 200 M3 H 60M HEAD 45KW,CM0088,CENTRIFUGAL PUMP 200 M3/H 60M HEAD 45KW,PUMP,84.50704225352112
225,CPSE-A,CENT PMP 200 M3/H 60M HEAD 45KW,CENT PUMP 200 M3 H 60M HEAD 45KW,CM0089,CENTRIFUGAL PUMP 250 M3/H 70M HEAD 55KW,PUMP,76.05633802816902
225,CPSE-A,CENT PMP 200 M3/H 60M HEAD 45KW,CENT PUMP 200 M3 H 60M HEAD 45KW,CM0090,CENTRIFUGAL PUMP 300 M3/H 80M HEAD 75KW,PUMP,76.05633802816902
226,CPSE-C,3 IN SS316 SEAMLESS PIPE SCH40,3IN SS316 SEAMLESS PIPE SCH40,CM0031,2 IN CS SEAMLESS PIPE SCH40,PIPE,82.6086956521739
226,CPSE-C,3 IN SS316 SEAMLESS PIPE SCH40,3IN SS316 SEAMLESS PIPE SCH40,CM0032,3 IN CS SEAMLESS PIPE SCH40,PIPE,82.6086956521739
226,CPSE-C,3 IN SS316 SEAMLESS PIPE SCH40,3IN SS316 SEAMLESS PIPE SCH40,CM0033,4 IN SS304 SEAMLESS PIPE SCH40,PIPE,88.13559322033899
226,CPSE-C,3 IN SS316 SEAMLESS PIPE SCH40,3IN SS316 SEAMLESS PIPE SCH40,CM0034,6 IN CS SEAMLESS PIPE SCH80,PIPE,75.0
226,CPSE-C,3 IN SS316 SEAMLESS PIPE SCH40,3IN SS316 SEAMLESS PIPE SCH40,CM0035,8 IN SS316 SEAMLESS PIPE SCH40,PIPE,94.91525423728814
226,CPSE-C,3 IN SS316 SEAMLESS PIPE SCH40,3IN SS316 SEAMLESS PIPE SCH40,CM0036,2 IN SS304 SEAMLESS PIPE SCH10,PIPE,84.7457627118644
226,CPSE-C,3 IN SS316 SEAMLESS PIPE SCH40,3IN SS316 SEAMLESS PIPE SCH40,CM0037,3 IN SS316 SEAMLESS PIPE SCH40,PIPE,98.30508474576271
226,CPSE-C,3 IN SS316 SEAMLESS PIPE SCH40,3IN SS316 SEAMLESS PIPE SCH40,CM0038,4 IN CS SEAMLESS PIPE SCH80,PIPE,75.0
226,CPSE-C,3 IN SS316 SEAMLESS PIPE SCH40,3IN SS316 SEAMLESS PIPE SCH40,CM0039,6 IN SS304 SEAMLESS PIPE SCH40,PIPE,88.13559322033899
226,CPSE-C,3 IN SS316 SEAMLESS PIPE SCH40,3IN SS316 SEAMLESS PIPE SCH40,CM0040,8 IN CS SEAMLESS PIPE SCH80,PIPE,75.0
227,CPSE-A,8 IN CS GATE VLV 300 CLASS,8IN CARBON STEEL GATE VALVE 300 CLASS,CM0021,2 IN SS304 GATE VALVE 150 CLASS,VALVE,68.08510638297872
227,CPSE-A,8 IN CS GATE VLV 300 CLASS,8IN CARBON STEEL GATE VALVE 300 CLASS,CM0022,2 IN SS304 GATE VALVE 300 CLASS,VALVE,78.43137254901961
227,CPSE-A,8 IN CS GATE VLV 300 CLASS,8IN CARBON STEEL GATE VALVE 300 CLASS,CM0023,3 IN CS GATE VALVE 150 CLASS,VALVE,72.72727272727272
227,CPSE-A,8 IN CS GATE VLV 300 CLASS,8IN CARBON STEEL GATE VALVE 300 CLASS,CM0024,4 IN SS316 BALL VALVE 150 CLASS,VALVE,55.88235294117647
227,CPSE-A,8 IN CS GATE VLV 300 CLASS,8IN CARBON STEEL GATE VALVE 300 CLASS,CM0025,6 IN CS BUTTERFLY VALVE 150 CLASS,VALVE,57.142857142857146
227,CPSE-A,8 IN CS GATE VLV 300 CLASS,8IN CARBON STEEL GATE VALVE 300 CLASS,CM0026,4 IN SS304 GATE VALVE 150 CLASS,VALVE,68.08510638297872
227,CPSE-A,8 IN CS GATE VLV 300 CLASS,8IN CARBON STEEL GATE VALVE 300 CLASS,CM0027,6 IN SS316 BALL VALVE 300 CLASS,VALVE,65.21739130434783
227,CPSE-A,8 IN CS GATE VLV 300 CLASS,8IN CARBON STEEL GATE VALVE 300 CLASS,CM0028,8 IN CS GATE VALVE 300 CLASS,VALVE,83.33333333333333
227,CPSE-A,8 IN CS GATE VLV 300 CLASS,8IN CARBON STEEL GATE VALVE 300 CLASS,CM0029,10 IN CS BUTTERFLY VALVE 150 CLASS,VALVE,56.33802816901409
227,CPSE-A,8 IN CS GATE VLV 300 CLASS,8IN CARBON STEEL GATE VALVE 300 CLASS,CM0030,2 IN CS GLOBE VALVE 150 CLASS,VALVE,60.60606060606061
228,CPSE-A,4C X 50 SQMM PVC CABL 1.1KV,4C X 50 SQMM PVC CABL 1.1KV,CM0061,1C X 2.5 SQMM PVC CABLE 1.1KV,ELECTRICAL_CABLE,89.28571428571429
228,CPSE-A,4C X 50 SQMM PVC CABL 1.1KV,4C X 50 SQMM PVC CABL 1.1KV,CM0062,1C X 4 SQMM PVC CABLE 1.1KV,ELECTRICAL_CABLE,88.88888888888889
228,CPSE-A,4C X 50 SQMM PVC CABL 1.1KV,4C X 50 SQMM PVC CABL 1.1KV,CM0063,3C X 2.5 SQMM PVC CABLE 1.1KV,ELECTRICAL_CABLE,82.14285714285714
228,CPSE-A,4C X 50 SQMM PVC CABL 1.1KV,4C X 50 SQMM PVC CABL 1.1KV,CM0064,3C X 4 SQMM PVC CABLE 1.1KV,ELECTRICAL_CABLE,88.88888888888889
228,CPSE-A,4C X 50 SQMM PVC CABL 1.1KV,4C X 50 SQMM PVC CABL 1.1KV,CM0065,3C X 6 SQMM PVC CABLE 1.1KV,ELECTRICAL_CABLE,88.88888888888889
228,CPSE-A,4C X 50 SQMM PVC CABL 1.1KV,4C X 50 SQMM PVC CABL 1.1KV,CM0066,4C X 10 SQMM PVC CABLE 1.1KV,ELECTRICAL_CABLE,94.54545454545455
228,CPSE-A,4C X 50 SQMM PVC CABL 1.1KV,4C X 50 SQMM PVC CABL 1.1KV,CM0067,4C X 16 SQMM PVC CABLE 1.1KV,ELECTRICAL_CABLE,90.9090909090909
228,CPSE-A,4C X 50 SQMM PVC CABL 1.1KV,4C X 50 SQMM PVC CABL 1.1KV,CM0068,4C X 25 SQMM PVC CABLE 1.1KV,ELECTRICAL_CABLE,94.54545454545455
228,CPSE-A,4C X 50 SQMM PVC CABL 1.1KV,4C X 50 SQMM PVC CABL 1.1KV,CM0069,3C X 35 SQMM PVC CABLE 1.1KV,ELECTRICAL_CABLE,83.63636363636364
228,CPSE-A,4C X 50 SQMM PVC CABL 1.1KV,4C X 50 SQMM PVC CABL 1.1KV,CM0070,4C X 50 SQMM PVC CABLE 1.1KV,ELECTRICAL_CABLE,98.18181818181819
229,CPSE-C,3 PHASE IND MTR 5.5KW 415V 50HZ,3 PHASE IND MOTOR 5.5KW 415V 50HZ,CM0071,3 PHASE INDUCTION MOTOR 5.5KW 415V 50HZ,MOTOR,93.54838709677419
229,CPSE-C,3 PHASE IND MTR 5.5KW 415V 50HZ,3 PHASE IND MOTOR 5.5KW 415V 50HZ,CM0072,3 PHASE INDUCTION MOTOR 7.5KW 415V 50HZ,MOTOR,88.88888888888889
229,CPSE-C,3 PHASE IND MTR 5.5KW 415V 50HZ,3 PHASE IND MOTOR 5.5KW 415V 50HZ,CM0073,3 PHASE INDUCTION MOTOR 11KW 415V 50HZ,MOTOR,84.50704225352112
229,CPSE-C,3 PHASE IND MTR 5.5KW 415V 50HZ,3 PHASE IND MOTOR 5.5KW 415V 50HZ,CM0074,3 PHASE INDUCTION MOTOR 15KW 415V 50HZ,MOTOR,87.32394366197182
229,CPSE-C,3 PHASE IND MTR 5.5KW 415V 50HZ,3 PHASE IND MOTOR 5.5KW 415V 50HZ,CM0075,3 PHASE INDUCTION MOTOR 18.5KW 415V 50HZ,MOTOR,87.67123287671232
229,CPSE-C,3 PHASE IND MTR 5.5KW 415V 50HZ,3 PHASE IND MOTOR 5.5KW 415V 50HZ,CM0076,3 PHASE INDUCTION MOTOR 22KW 415V 50HZ,MOTOR,84.50704225352112
229,CPSE-C,3 PHASE IND MTR 5.5KW 415V 50HZ,3 PHASE IND MOTOR 5.5KW 415V 50HZ,CM0077,3 PHASE INDUCTION MOTOR 30KW 415V 50HZ,MOTOR,84.50704225352112
229,CPSE-C,3 PHASE IND MTR 5.5KW 415V 50HZ,3 PHASE IND MOTOR 5.5KW 415V 50HZ,CM0078,3 PHASE INDUCTION MOTOR 37KW 415V 50HZ,MOTOR,84.50704225352112
229,CPSE-C,3 PHASE IND MTR 5.5KW 415V 50HZ,3 PHASE IND MOTOR 5.5KW 415V 50HZ,CM0079,3 PHASE INDUCTION MOTOR 45KW 415V 50HZ,MOTOR,87.32394366197182
229,CPSE-C,3 PHASE IND MTR 5.5KW 415V 50HZ,3 PHASE IND MOTOR 5.5KW 415V 50HZ,CM0080,3 PHASE INDUCTION MOTOR 55KW 415V 50HZ,MOTOR,90.14084507042253
230,CPSE-A,DEEP GROOVE BALL BRG 6305,DEEP GROOVE BALL BEARING 6305,CM0011,DEEP GROOVE BALL BEARING 6205,BEARING,96.55172413793103
230,CPSE-A,DEEP GROOVE BALL BRG 6305,DEEP GROOVE BALL BEARING 6305,CM0012,DEEP GROOVE BALL BEARING 6206,BEARING,93.10344827586206
230,CPSE-A,DEEP GROOVE BALL BRG 6305,DEEP GROOVE BALL BEARING 6305,CM0013,DEEP GROOVE BALL BEARING 6207,BEARING,93.10344827586206
230,CPSE-A,DEEP GROOVE BALL BRG 6305,DEEP GROOVE BALL BEARING 6305,CM0014,DEEP GROOVE BALL BEARING 6305,BEARING,100.0
230,CPSE-A,DEEP GROOVE BALL BRG 6305,DEEP GROOVE BALL BEARING 6305,CM0015,DEEP GROOVE BALL BEARING 6306,BEARING,96.55172413793103
230,CPSE-A,DEEP GROOVE BALL BRG 6305,DEEP GROOVE BALL BEARING 6305,CM0016,DEEP GROOVE BALL BEARING 6307,BEARING,96.55172413793103
230,CPSE-A,DEEP GROOVE BALL BRG 6305,DEEP GROOVE BALL BEARING 6305,CM0017,TAPERED ROLLER BEARING 30205,BEARING,63.1578947368421
230,CPSE-A,DEEP GROOVE BALL BRG 6305,DEEP GROOVE BALL BEARING 6305,CM0018,TAPERED ROLLER BEARING 30206,BEARING,59.64912280701754
230,CPSE-A,DEEP GROOVE BALL BRG 6305,DEEP GROOVE BALL BEARING 6305,CM0019,TAPERED ROLLER BEARING 30305,BEARING,63.1578947368421
230,CPSE-A,DEEP GROOVE BALL BRG 6305,DEEP GROOVE BALL BEARING 6305,CM0020,SPHERICAL ROLLER BEARING 22205,BEARING,54.23728813559322
231,CPSE-A,CENT PMP 20 M3/H 30M HEAD 5.5KW,CENT PUMP 20 M3 H 30M HEAD 5.5KW,CM0081,CENTRIFUGAL PUMP 20 M3/H 30M HEAD 5.5KW,PUMP,84.50704225352112
231,CPSE-A,CENT PMP 20 M3/H 30M HEAD 5.5KW,CENT PUMP 20 M3 H 30M HEAD 5.5KW,CM0082,CENTRIFUGAL PUMP 30 M3/H 40M HEAD 7.5KW,PUMP,76.05633802816902
231,CPSE-A,CENT PMP 20 M3/H 30M HEAD 5.5KW,CENT PUMP 20 M3 H 30M HEAD 5.5KW,CM0083,CENTRIFUGAL PUMP 50 M3/H 50M HEAD 11KW,PUMP,62.857142857142854
231,CPSE-A,CENT PMP 20 M3/H 30M HEAD 5.5KW,CENT PUMP 20 M3 H 30M HEAD 5.5KW,CM0084,CENTRIFUGAL PUMP 75 M3/H 40M HEAD 15KW,PUMP,65.71428571428572
231,CPSE-A,CENT PMP 20 M3/H 30M HEAD 5.5KW,CENT PUMP 20 M3 H 30M HEAD 5.5KW,CM0085,CENTRIFUGAL PUMP 100 M3/H 50M HEAD 22KW,PUMP,64.7887323943662
231,CPSE-A,CENT PMP 20 M3/H 30M HEAD 5.5KW,CENT PUMP 20 M3 H 30M HEAD 5.5KW,CM0086,CENTRIFUGAL PUMP 120 M3/H 60M HEAD 30KW,PUMP,70.4225352112676
231,CPSE-A,CENT PMP 20 M3/H 30M HEAD 5.5KW,CENT PUMP 20 M3 H 30M HEAD 5.5KW,CM0087,CENTRIFUGAL PUMP 150 M3/H 50M HEAD 37KW,PUMP,64.7887323943662
231,CPSE-A,CENT PMP 20 M3/H 30M HEAD 5.5KW,CENT PUMP 20 M3 H 30M HEAD 5.5KW,CM0088,CENTRIFUGAL PUMP 200 M3/H 60M HEAD 45KW,PUMP,70.4225352112676
231,CPSE-A,CENT PMP 20 M3/H 30M HEAD 5.5KW,CENT PUMP 20 M3 H 30M HEAD 5.5KW,CM0089,CENTRIFUGAL PUMP 250 M3/H 70M HEAD 55KW,PUMP,70.4225352112676
231,CPSE-A,CENT PMP 20 M3/H 30M HEAD 5.5KW,CENT PUMP 20 M3 H 30M HEAD 5.5KW,CM0090,CENTRIFUGAL PUMP 300 M3/H 80M HEAD 75KW,PUMP,67.6056338028169
232,CPSE-A,WELDING MACHINE 200A,WELDING MACHINE 200A,CM0091,ANGLE GRINDER 100MM 750W,INDUSTRIAL_TOOL,40.90909090909091
232,CPSE-A,WELDING MACHINE 200A,WELDING MACHINE 200A,CM0092,ANGLE GRINDER 115MM 900W,INDUSTRIAL_TOOL,40.90909090909091
232,CPSE-A,WELDING MACHINE 200A,WELDING MACHINE 200A,CM0093,ANGLE GRINDER 125MM 1100W,INDUSTRIAL_TOOL,44.44444444444444
232,CPSE-A,WELDING MACHINE 200A,WELDING MACHINE 200A,CM0094,ELECTRIC DRILL 10MM 650W,INDUSTRIAL_TOOL,36.36363636363637
232,CPSE-A,WELDING MACHINE 200A,WELDING MACHINE 200A,CM0095,ELECTRIC DRILL 13MM 800W,INDUSTRIAL_TOOL,36.36363636363637
232,CPSE-A,WELDING MACHINE 200A,WELDING MACHINE 200A,CM0096,IMPACT WRENCH 1/2 IN 500W,INDUSTRIAL_TOOL,57.77777777777778
232,CPSE-A,WELDING MACHINE 200A,WELDING MACHINE 200A,CM0097,CUTTING MACHINE 355MM 2000W,INDUSTRIAL_TOOL,63.829787234042556
232,CPSE-A,WELDING MACHINE 200A,WELDING MACHINE 200A,CM0098,WELDING MACHINE 200A,INDUSTRIAL_TOOL,100.0
232,CPSE-A,WELDING MACHINE 200A,WELDING MACHINE 200A,CM0099,TORQUE WRENCH 50-250NM,INDUSTRIAL_TOOL,38.095238095238095
232,CPSE-A,WELDING MACHINE 200A,WELDING MACHINE 200A,CM0100,BENCH GRINDER 200MM 550W,INDUSTRIAL_TOOL,40.90909090909091
233,CPSE-A,CENT PMP 150 M3/H 50M HEAD 37KW,CENT PUMP 150 M3 H 50M HEAD 37KW,CM0081,CENTRIFUGAL PUMP 20 M3/H 30M HEAD 5.5KW,PUMP,64.7887323943662
233,CPSE-A,CENT PMP 150 M3/H 50M HEAD 37KW,CENT PUMP 150 M3 H 50M HEAD 37KW,CM0082,CENTRIFUGAL PUMP 30 M3/H 40M HEAD 7.5KW,PUMP,64.7887323943662
233,CPSE-A,CENT PMP 150 M3/H 50M HEAD 37KW,CENT PUMP 150 M3 H 50M HEAD 37KW,CM0083,CENTRIFUGAL PUMP 50 M3/H 50M HEAD 11KW,PUMP,71.42857142857143
233,CPSE-A,CENT PMP 150 M3/H 50M HEAD 37KW,CENT PUMP 150 M3 H 50M HEAD 37KW,CM0084,CENTRIFUGAL PUMP 75 M3/H 40M HEAD 15KW,PUMP,71.42857142857143
233,CPSE-A,CENT PMP 150 M3/H 50M HEAD 37KW,CENT PUMP 150 M3 H 50M HEAD 37KW,CM0085,CENTRIFUGAL PUMP 100 M3/H 50M HEAD 22KW,PUMP,76.05633802816902
233,CPSE-A,CENT PMP 150 M3/H 50M HEAD 37KW,CENT PUMP 150 M3 H 50M HEAD 37KW,CM0086,CENTRIFUGAL PUMP 120 M3/H 60M HEAD 30KW,PUMP,76.05633802816902
233,CPSE-A,CENT PMP 150 M3/H 50M HEAD 37KW,CENT PUMP 150 M3 H 50M HEAD 37KW,CM0087,CENTRIFUGAL PUMP 150 M3/H 50M HEAD 37KW,PUMP,84.50704225352112
233,CPSE-A,CENT PMP 150 M3/H 50M HEAD 37KW,CENT PUMP 150 M3 H 50M HEAD 37KW,CM0088,CENTRIFUGAL PUMP 200 M3/H 60M HEAD 45KW,PUMP,70.4225352112676
233,CPSE-A,CENT PMP 150 M3/H 50M HEAD 37KW,CENT PUMP 150 M3 H 50M HEAD 37KW,CM0089,CENTRIFUGAL PUMP 250 M3/H 70M HEAD 55KW,PUMP,73.2394366197183
233,CPSE-A,CENT PMP 150 M3/H 50M HEAD 37KW,CENT PUMP 150 M3 H 50M HEAD 37KW,CM0090,CENTRIFUGAL PUMP 300 M3/H 80M HEAD 75KW,PUMP,73.2394366197183
234,CPSE-B,4CX16 SQMM PVC CABLE 1.1KV,4CX16 SQMM PVC CABLE 1.1KV,CM0061,1C X 2.5 SQMM PVC CABLE 1.1KV,ELECTRICAL_CABLE,86.95652173913044
234,CPSE-B,4CX16 SQMM PVC CABLE 1.1KV,4CX16 SQMM PVC CABLE 1.1KV,CM0062,1C X 4 SQMM PVC CABLE 1.1KV,ELECTRICAL_CABLE,86.95652173913044
234,CPSE-B,4CX16 SQMM PVC CABLE 1.1KV,4CX16 SQMM PVC CABLE 1.1KV,CM0063,3C X 2.5 SQMM PVC CABLE 1.1KV,ELECTRICAL_CABLE,86.95652173913044
234,CPSE-B,4CX16 SQMM PVC CABLE 1.1KV,4CX16 SQMM PVC CABLE 1.1KV,CM0064,3C X 4 SQMM PVC CABLE 1.1KV,ELECTRICAL_CABLE,86.95652173913044
234,CPSE-B,4CX16 SQMM PVC CABLE 1.1KV,4CX16 SQMM PVC CABLE 1.1KV,CM0065,3C X 6 SQMM PVC CABLE 1.1KV,ELECTRICAL_CABLE,86.95652173913044
234,CPSE-B,4CX16 SQMM PVC CABLE 1.1KV,4CX16 SQMM PVC CABLE 1.1KV,CM0066,4C X 10 SQMM PVC CABLE 1.1KV,ELECTRICAL_CABLE,88.88888888888889
234,CPSE-B,4CX16 SQMM PVC CABLE 1.1KV,4CX16 SQMM PVC CABLE 1.1KV,CM0067,4C X 16 SQMM PVC CABLE 1.1KV,ELECTRICAL_CABLE,88.88888888888889
234,CPSE-B,4CX16 SQMM PVC CABLE 1.1KV,4CX16 SQMM PVC CABLE 1.1KV,CM0068,4C X 25 SQMM PVC CABLE 1.1KV,ELECTRICAL_CABLE,88.88888888888889
234,CPSE-B,4CX16 SQMM PVC CABLE 1.1KV,4CX16 SQMM PVC CABLE 1.1KV,CM0069,3C X 35 SQMM PVC CABLE 1.1KV,ELECTRICAL_CABLE,86.95652173913044
234,CPSE-B,4CX16 SQMM PVC CABLE 1.1KV,4CX16 SQMM PVC CABLE 1.1KV,CM0070,4C X 50 SQMM PVC CABLE 1.1KV,ELECTRICAL_CABLE,88.88888888888889
235,CPSE-C,M20X80 GI HEX BOLT,M20X80 GALVANIZED STEEL HEX BOLT,CM0001,M10 X 50 SS304 HEX BOLT,FASTENER,51.61290322580645
235,CPSE-C,M20X80 GI HEX BOLT,M20X80 GALVANIZED STEEL HEX BOLT,CM0002,M12 X 50 SS304 HEX BOLT,FASTENER,51.61290322580645
235,CPSE-C,M20X80 GI HEX BOLT,M20X80 GALVANIZED STEEL HEX BOLT,CM0003,M10 X 75 SS316 HEX BOLT,FASTENER,51.61290322580645
235,CPSE-C,M20X80 GI HEX BOLT,M20X80 GALVANIZED STEEL HEX BOLT,CM0004,M16 X 60 CARBON STEEL HEX BOLT,FASTENER,64.51612903225806
235,CPSE-C,M20X80 GI HEX BOLT,M20X80 GALVANIZED STEEL HEX BOLT,CM0005,M20 X 80 GALVANIZED STEEL HEX BOLT,FASTENER,90.9090909090909
235,CPSE-C,M20X80 GI HEX BOLT,M20X80 GALVANIZED STEEL HEX BOLT,CM0006,M8 X 40 CARBON STEEL HEX BOLT,FASTENER,65.57377049180329
235,CPSE-C,M20X80 GI HEX BOLT,M20X80 GALVANIZED STEEL HEX BOLT,CM0007,M12 X 80 SS316 HEX BOLT,FASTENER,51.61290322580645
235,CPSE-C,M20X80 GI HEX BOLT,M20X80 GALVANIZED STEEL HEX BOLT,CM0008,M16 X 75 SS304 HEX BOLT,FASTENER,51.61290322580645
235,CPSE-C,M20X80 GI HEX BOLT,M20X80 GALVANIZED STEEL HEX BOLT,CM0009,M20 X 100 CARBON STEEL HEX BOLT,FASTENER,69.84126984126985
235,CPSE-C,M20X80 GI HEX BOLT,M20X80 GALVANIZED STEEL HEX BOLT,CM0010,M10 X 30 SS304 HEX BOLT,FASTENER,51.61290322580645
236,CPSE-C,DGB BRG 6307,DGB BEARING 6307,CM0011,DEEP GROOVE BALL BEARING 6205,BEARING,60.869565217391305
236,CPSE-C,DGB BRG 6307,DGB BEARING 6307,CM0012,DEEP GROOVE BALL BEARING 6206,BEARING,60.869565217391305
236,CPSE-C,DGB BRG 6307,DGB BEARING 6307,CM0013,DEEP GROOVE BALL BEARING 6207,BEARING,62.22222222222222
236,CPSE-C,DGB BRG 6307,DGB BEARING 6307,CM0014,DEEP GROOVE BALL BEARING 6305,BEARING,62.22222222222222
236,CPSE-C,DGB BRG 6307,DGB BEARING 6307,CM0015,DEEP GROOVE BALL BEARING 6306,BEARING,62.22222222222222
236,CPSE-C,DGB BRG 6307,DGB BEARING 6307,CM0016,DEEP GROOVE BALL BEARING 6307,BEARING,85.71428571428571
236,CPSE-C,DGB BRG 6307,DGB BEARING 6307,CM0017,TAPERED ROLLER BEARING 30205,BEARING,60.869565217391305
236,CPSE-C,DGB BRG 6307,DGB BEARING 6307,CM0018,TAPERED ROLLER BEARING 30206,BEARING,60.869565217391305
236,CPSE-C,DGB BRG 6307,DGB BEARING 6307,CM0019,TAPERED ROLLER BEARING 30305,BEARING,60.869565217391305
236,CPSE-C,DGB BRG 6307,DGB BEARING 6307,CM0020,SPHERICAL ROLLER BEARING 22205,BEARING,60.869565217391305
237,CPSE-B,"3""CS SEAMLESS PIPE SCH40",3INCS SEAMLESS PIPE SCH40,CM0031,2 IN CS SEAMLESS PIPE SCH40,PIPE,86.36363636363636
237,CPSE-B,"3""CS SEAMLESS PIPE SCH40",3INCS SEAMLESS PIPE SCH40,CM0032,3 IN CS SEAMLESS PIPE SCH40,PIPE,88.46153846153847
237,CPSE-B,"3""CS SEAMLESS PIPE SCH40",3INCS SEAMLESS PIPE SCH40,CM0033,4 IN SS304 SEAMLESS PIPE SCH40,PIPE,86.36363636363636
237,CPSE-B,"3""CS SEAMLESS PIPE SCH40",3INCS SEAMLESS PIPE SCH40,CM0034,6 IN CS SEAMLESS PIPE SCH80,PIPE,80.76923076923077
237,CPSE-B,"3""CS SEAMLESS PIPE SCH40",3INCS SEAMLESS PIPE SCH40,CM0035,8 IN SS316 SEAMLESS PIPE SCH40,PIPE,86.36363636363636
237,CPSE-B,"3""CS SEAMLESS PIPE SCH40",3INCS SEAMLESS PIPE SCH40,CM0036,2 IN SS304 SEAMLESS PIPE SCH10,PIPE,76.36363636363636
237,CPSE-B,"3""CS SEAMLESS PIPE SCH40",3INCS SEAMLESS PIPE SCH40,CM0037,3 IN SS316 SEAMLESS PIPE SCH40,PIPE,87.27272727272728
237,CPSE-B,"3""CS SEAMLESS PIPE SCH40",3INCS SEAMLESS PIPE SCH40,CM0038,4 IN CS SEAMLESS PIPE SCH80,PIPE,80.76923076923077
237,CPSE-B,"3""CS SEAMLESS PIPE SCH40",3INCS SEAMLESS PIPE SCH40,CM0039,6 IN SS304 SEAMLESS PIPE SCH40,PIPE,86.36363636363636
237,CPSE-B,"3""CS SEAMLESS PIPE SCH40",3INCS SEAMLESS PIPE SCH40,CM0040,8 IN CS SEAMLESS PIPE SCH80,PIPE,80.76923076923077
238,CPSE-C,C/PMP 200 M3/H 60M HEAD 45KW,C PUMP 200 M3 H 60M HEAD 45KW,CM0081,CENTRIFUGAL PUMP 20 M3/H 30M HEAD 5.5KW,PUMP,64.70588235294117
238,CPSE-C,C/PMP 200 M3/H 60M HEAD 45KW,C PUMP 200 M3 H 60M HEAD 45KW,CM0082,CENTRIFUGAL PUMP 30 M3/H 40M HEAD 7.5KW,PUMP,61.76470588235294
238,CPSE-C,C/PMP 200 M3/H 60M HEAD 45KW,C PUMP 200 M3 H 60M HEAD 45KW,CM0083,CENTRIFUGAL PUMP 50 M3/H 50M HEAD 11KW,PUMP,59.701492537313435
238,CPSE-C,C/PMP 200 M3/H 60M HEAD 45KW,C PUMP 200 M3 H 60M HEAD 45KW,CM0084,CENTRIFUGAL PUMP 75 M3/H 40M HEAD 15KW,PUMP,62.6865671641791
238,CPSE-C,C/PMP 200 M3/H 60M HEAD 45KW,C PUMP 200 M3 H 60M HEAD 45KW,CM0085,CENTRIFUGAL PUMP 100 M3/H 50M HEAD 22KW,PUMP,67.64705882352942
238,CPSE-C,C/PMP 200 M3/H 60M HEAD 45KW,C PUMP 200 M3 H 60M HEAD 45KW,CM0086,CENTRIFUGAL PUMP 120 M3/H 60M HEAD 30KW,PUMP,70.58823529411765
238,CPSE-C,C/PMP 200 M3/H 60M HEAD 45KW,C PUMP 200 M3 H 60M HEAD 45KW,CM0087,CENTRIFUGAL PUMP 150 M3/H 50M HEAD 37KW,PUMP,64.70588235294117
238,CPSE-C,C/PMP 200 M3/H 60M HEAD 45KW,C PUMP 200 M3 H 60M HEAD 45KW,CM0088,CENTRIFUGAL PUMP 200 M3/H 60M HEAD 45KW,PUMP,86.27450980392157
238,CPSE-C,C/PMP 200 M3/H 60M HEAD 45KW,C PUMP 200 M3 H 60M HEAD 45KW,CM0089,CENTRIFUGAL PUMP 250 M3/H 70M HEAD 55KW,PUMP,70.58823529411765
238,CPSE-C,C/PMP 200 M3/H 60M HEAD 45KW,C PUMP 200 M3 H 60M HEAD 45KW,CM0090,CENTRIFUGAL PUMP 300 M3/H 80M HEAD 75KW,PUMP,70.58823529411765
239,CPSE-C,3 PHASE IND MTR 22KW 415V 50HZ,3 PHASE IND MOTOR 22KW 415V 50HZ,CM0071,3 PHASE INDUCTION MOTOR 5.5KW 415V 50HZ,MOTOR,84.50704225352112
239,CPSE-C,3 PHASE IND MTR 22KW 415V 50HZ,3 PHASE IND MOTOR 22KW 415V 50HZ,CM0072,3 PHASE INDUCTION MOTOR 7.5KW 415V 50HZ,MOTOR,84.50704225352112
239,CPSE-C,3 PHASE IND MTR 22KW 415V 50HZ,3 PHASE IND MOTOR 22KW 415V 50HZ,CM0073,3 PHASE INDUCTION MOTOR 11KW 415V 50HZ,MOTOR,85.71428571428571
239,CPSE-C,3 PHASE IND MTR 22KW 415V 50HZ,3 PHASE IND MOTOR 22KW 415V 50HZ,CM0074,3 PHASE INDUCTION MOTOR 15KW 415V 50HZ,MOTOR,85.71428571428571
239,CPSE-C,3 PHASE IND MTR 22KW 415V 50HZ,3 PHASE IND MOTOR 22KW 415V 50HZ,CM0075,3 PHASE INDUCTION MOTOR 18.5KW 415V 50HZ,MOTOR,83.63636363636364
239,CPSE-C,3 PHASE IND MTR 22KW 415V 50HZ,3 PHASE IND MOTOR 22KW 415V 50HZ,CM0076,3 PHASE INDUCTION MOTOR 22KW 415V 50HZ,MOTOR,93.33333333333333
239,CPSE-C,3 PHASE IND MTR 22KW 415V 50HZ,3 PHASE IND MOTOR 22KW 415V 50HZ,CM0077,3 PHASE INDUCTION MOTOR 30KW 415V 50HZ,MOTOR,85.71428571428571
239,CPSE-C,3 PHASE IND MTR 22KW 415V 50HZ,3 PHASE IND MOTOR 22KW 415V 50HZ,CM0078,3 PHASE INDUCTION MOTOR 37KW 415V 50HZ,MOTOR,85.71428571428571
239,CPSE-C,3 PHASE IND MTR 22KW 415V 50HZ,3 PHASE IND MOTOR 22KW 415V 50HZ,CM0079,3 PHASE INDUCTION MOTOR 45KW 415V 50HZ,MOTOR,85.71428571428571
239,CPSE-C,3 PHASE IND MTR 22KW 415V 50HZ,3 PHASE IND MOTOR 22KW 415V 50HZ,CM0080,3 PHASE INDUCTION MOTOR 55KW 415V 50HZ,MOTOR,85.71428571428571
240,CPSE-A,ANGLE GRINDER 115MM 900W,ANGLE GRINDER 115MM 900W,CM0091,ANGLE GRINDER 100MM 750W,INDUSTRIAL_TOOL,83.33333333333333
240,CPSE-A,ANGLE GRINDER 115MM 900W,ANGLE GRINDER 115MM 900W,CM0092,ANGLE GRINDER 115MM 900W,INDUSTRIAL_TOOL,100.0
240,CPSE-A,ANGLE GRINDER 115MM 900W,ANGLE GRINDER 115MM 900W,CM0093,ANGLE GRINDER 125MM 1100W,INDUSTRIAL_TOOL,77.55102040816327
240,CPSE-A,ANGLE GRINDER 115MM 900W,ANGLE GRINDER 115MM 900W,CM0094,ELECTRIC DRILL 10MM 650W,INDUSTRIAL_TOOL,45.833333333333336
240,CPSE-A,ANGLE GRINDER 115MM 900W,ANGLE GRINDER 115MM 900W,CM0095,ELECTRIC DRILL 13MM 800W,INDUSTRIAL_TOOL,50.0
240,CPSE-A,ANGLE GRINDER 115MM 900W,ANGLE GRINDER 115MM 900W,CM0096,IMPACT WRENCH 1/2 IN 500W,INDUSTRIAL_TOOL,44.89795918367347
240,CPSE-A,ANGLE GRINDER 115MM 900W,ANGLE GRINDER 115MM 900W,CM0097,CUTTING MACHINE 355MM 2000W,INDUSTRIAL_TOOL,39.21568627450981
240,CPSE-A,ANGLE GRINDER 115MM 900W,ANGLE GRINDER 115MM 900W,CM0098,WELDING MACHINE 200A,INDUSTRIAL_TOOL,40.90909090909091
240,CPSE-A,ANGLE GRINDER 115MM 900W,ANGLE GRINDER 115MM 900W,CM0099,TORQUE WRENCH 50-250NM,INDUSTRIAL_TOOL,34.78260869565217
240,CPSE-A,ANGLE GRINDER 115MM 900W,ANGLE GRINDER 115MM 900W,CM0100,BENCH GRINDER 200MM 550W,INDUSTRIAL_TOOL,62.5
241,CPSE-A,4C X 25 SQMM PVC CABL 1.1KV,4C X 25 SQMM PVC CABL 1.1KV,CM0061,1C X 2.5 SQMM PVC CABLE 1.1KV,ELECTRICAL_CABLE,85.71428571428571
241,CPSE-A,4C X 25 SQMM PVC CABL 1.1KV,4C X 25 SQMM PVC CABL 1.1KV,CM0062,1C X 4 SQMM PVC CABLE 1.1KV,ELECTRICAL_CABLE,88.88888888888889
241,CPSE-A,4C X 25 SQMM PVC CABL 1.1KV,4C X 25 SQMM PVC CABL 1.1KV,CM0063,3C X 2.5 SQMM PVC CABLE 1.1KV,ELECTRICAL_CABLE,92.85714285714286
241,CPSE-A,4C X 25 SQMM PVC CABL 1.1KV,4C X 25 SQMM PVC CABL 1.1KV,CM0064,3C X 4 SQMM PVC CABLE 1.1KV,ELECTRICAL_CABLE,88.88888888888889
241,CPSE-A,4C X 25 SQMM PVC CABL 1.1KV,4C X 25 SQMM PVC CABL 1.1KV,CM0065,3C X 6 SQMM PVC CABLE 1.1KV,ELECTRICAL_CABLE,85.18518518518519
241,CPSE-A,4C X 25 SQMM PVC CABL 1.1KV,4C X 25 SQMM PVC CABL 1.1KV,CM0066,4C X 10 SQMM PVC CABLE 1.1KV,ELECTRICAL_CABLE,90.9090909090909
241,CPSE-A,4C X 25 SQMM PVC CABL 1.1KV,4C X 25 SQMM PVC CABL 1.1KV,CM0067,4C X 16 SQMM PVC CABLE 1.1KV,ELECTRICAL_CABLE,90.9090909090909
241,CPSE-A,4C X 25 SQMM PVC CABL 1.1KV,4C X 25 SQMM PVC CABL 1.1KV,CM0068,4C X 25 SQMM PVC CABLE 1.1KV,ELECTRICAL_CABLE,98.18181818181819
241,CPSE-A,4C X 25 SQMM PVC CABL 1.1KV,4C X 25 SQMM PVC CABL 1.1KV,CM0069,3C X 35 SQMM PVC CABLE 1.1KV,ELECTRICAL_CABLE,90.9090909090909
241,CPSE-A,4C X 25 SQMM PVC CABL 1.1KV,4C X 25 SQMM PVC CABL 1.1KV,CM0070,4C X 50 SQMM PVC CABLE 1.1KV,ELECTRICAL_CABLE,94.54545454545455
242,CPSE-C,6 IN SW GRAPHITE GASKET 150 CLASS,6IN SW GRAPHITE GASKET 150 CLASS,CM0051,2 IN SPIRAL WOUND SS GRAPHITE GASKET 150 CLASS,GASKET,87.71929824561403
242,CPSE-C,6 IN SW GRAPHITE GASKET 150 CLASS,6IN SW GRAPHITE GASKET 150 CLASS,CM0052,3 IN SPIRAL WOUND SS GRAPHITE GASKET 150 CLASS,GASKET,87.71929824561403
242,CPSE-C,6 IN SW GRAPHITE GASKET 150 CLASS,6IN SW GRAPHITE GASKET 150 CLASS,CM0053,4 IN SPIRAL WOUND GRAPHITE GASKET 300 CLASS,GASKET,79.24528301886792
242,CPSE-C,6 IN SW GRAPHITE GASKET 150 CLASS,6IN SW GRAPHITE GASKET 150 CLASS,CM0054,6 IN SPIRAL WOUND GRAPHITE GASKET 150 CLASS,GASKET,87.71929824561403
242,CPSE-C,6 IN SW GRAPHITE GASKET 150 CLASS,6IN SW GRAPHITE GASKET 150 CLASS,CM0055,8 IN PTFE FULL FACE GASKET 150 CLASS,GASKET,67.64705882352942
242,CPSE-C,6 IN SW GRAPHITE GASKET 150 CLASS,6IN SW GRAPHITE GASKET 150 CLASS,CM0056,2 IN PTFE FULL FACE GASKET 150 CLASS,GASKET,67.64705882352942
242,CPSE-C,6 IN SW GRAPHITE GASKET 150 CLASS,6IN SW GRAPHITE GASKET 150 CLASS,CM0057,4 IN SS GRAPHITE GASKET 150 CLASS,GASKET,92.3076923076923
242,CPSE-C,6 IN SW GRAPHITE GASKET 150 CLASS,6IN SW GRAPHITE GASKET 150 CLASS,CM0058,6 IN PTFE FULL FACE GASKET 300 CLASS,GASKET,64.70588235294117
242,CPSE-C,6 IN SW GRAPHITE GASKET 150 CLASS,6IN SW GRAPHITE GASKET 150 CLASS,CM0059,10 IN GRAPHITE SPIRAL WOUND GASKET 150 CLASS,GASKET,87.71929824561403
242,CPSE-C,6 IN SW GRAPHITE GASKET 150 CLASS,6IN SW GRAPHITE GASKET 150 CLASS,CM0060,12 IN GRAPHITE SPIRAL WOUND GASKET 300 CLASS,GASKET,79.24528301886792
243,CPSE-B,DEEP GROOVE BALL BEARING 6306,DEEP GROOVE BALL BEARING 6306,CM0011,DEEP GROOVE BALL BEARING 6205,BEARING,93.10344827586206
243,CPSE-B,DEEP GROOVE BALL BEARING 6306,DEEP GROOVE BALL BEARING 6306,CM0012,DEEP GROOVE BALL BEARING 6206,BEARING,96.55172413793103
243,CPSE-B,DEEP GROOVE BALL BEARING 6306,DEEP GROOVE BALL BEARING 6306,CM0013,DEEP GROOVE BALL BEARING 6207,BEARING,93.10344827586206
243,CPSE-B,DEEP GROOVE BALL BEARING 6306,DEEP GROOVE BALL BEARING 6306,CM0014,DEEP GROOVE BALL BEARING 6305,BEARING,96.55172413793103
243,CPSE-B,DEEP GROOVE BALL BEARING 6306,DEEP GROOVE BALL BEARING 6306,CM0015,DEEP GROOVE BALL BEARING 6306,BEARING,100.0
243,CPSE-B,DEEP GROOVE BALL BEARING 6306,DEEP GROOVE BALL BEARING 6306,CM0016,DEEP GROOVE BALL BEARING 6307,BEARING,96.55172413793103
243,CPSE-B,DEEP GROOVE BALL BEARING 6306,DEEP GROOVE BALL BEARING 6306,CM0017,TAPERED ROLLER BEARING 30205,BEARING,59.64912280701754
243,CPSE-B,DEEP GROOVE BALL BEARING 6306,DEEP GROOVE BALL BEARING 6306,CM0018,TAPERED ROLLER BEARING 30206,BEARING,63.1578947368421
243,CPSE-B,DEEP GROOVE BALL BEARING 6306,DEEP GROOVE BALL BEARING 6306,CM0019,TAPERED ROLLER BEARING 30305,BEARING,59.64912280701754
243,CPSE-B,DEEP GROOVE BALL BEARING 6306,DEEP GROOVE BALL BEARING 6306,CM0020,SPHERICAL ROLLER BEARING 22205,BEARING,50.847457627118644
244,CPSE-B,3 PHASE INDUCTION MOTOR 11KW 415V 50HZ,3 PHASE INDUCTION MOTOR 11KW 415V 50HZ,CM0071,3 PHASE INDUCTION MOTOR 5.5KW 415V 50HZ,MOTOR,93.50649350649351
244,CPSE-B,3 PHASE INDUCTION MOTOR 11KW 415V 50HZ,3 PHASE INDUCTION MOTOR 11KW 415V 50HZ,CM0072,3 PHASE INDUCTION MOTOR 7.5KW 415V 50HZ,MOTOR,93.50649350649351
244,CPSE-B,3 PHASE INDUCTION MOTOR 11KW 415V 50HZ,3 PHASE INDUCTION MOTOR 11KW 415V 50HZ,CM0073,3 PHASE INDUCTION MOTOR 11KW 415V 50HZ,MOTOR,100.0
244,CPSE-B,3 PHASE INDUCTION MOTOR 11KW 415V 50HZ,3 PHASE INDUCTION MOTOR 11KW 415V 50HZ,CM0074,3 PHASE INDUCTION MOTOR 15KW 415V 50HZ,MOTOR,97.36842105263158
244,CPSE-B,3 PHASE INDUCTION MOTOR 11KW 415V 50HZ,3 PHASE INDUCTION MOTOR 11KW 415V 50HZ,CM0075,3 PHASE INDUCTION MOTOR 18.5KW 415V 50HZ,MOTOR,94.87179487179488
244,CPSE-B,3 PHASE INDUCTION MOTOR 11KW 415V 50HZ,3 PHASE INDUCTION MOTOR 11KW 415V 50HZ,CM0076,3 PHASE INDUCTION MOTOR 22KW 415V 50HZ,MOTOR,94.73684210526315
244,CPSE-B,3 PHASE INDUCTION MOTOR 11KW 415V 50HZ,3 PHASE INDUCTION MOTOR 11KW 415V 50HZ,CM0077,3 PHASE INDUCTION MOTOR 30KW 415V 50HZ,MOTOR,94.73684210526315
244,CPSE-B,3 PHASE INDUCTION MOTOR 11KW 415V 50HZ,3 PHASE INDUCTION MOTOR 11KW 415V 50HZ,CM0078,3 PHASE INDUCTION MOTOR 37KW 415V 50HZ,MOTOR,94.73684210526315
244,CPSE-B,3 PHASE INDUCTION MOTOR 11KW 415V 50HZ,3 PHASE INDUCTION MOTOR 11KW 415V 50HZ,CM0079,3 PHASE INDUCTION MOTOR 45KW 415V 50HZ,MOTOR,94.73684210526315
244,CPSE-B,3 PHASE INDUCTION MOTOR 11KW 415V 50HZ,3 PHASE INDUCTION MOTOR 11KW 415V 50HZ,CM0080,3 PHASE INDUCTION MOTOR 55KW 415V 50HZ,MOTOR,94.73684210526315
245,CPSE-B,"4""SS304 SLIP ON FLG 300#",4INSS304 SLIP ON FLANGE 300#,CM0041,2 IN CS WELD NECK FLANGE 150 CLASS,FLANGE,48.38709677419355
245,CPSE-B,"4""SS304 SLIP ON FLG 300#",4INSS304 SLIP ON FLANGE 300#,CM0042,2 IN SS304 WELD NECK FLANGE 150 CLASS,FLANGE,55.38461538461539
245,CPSE-B,"4""SS304 SLIP ON FLG 300#",4INSS304 SLIP ON FLANGE 300#,CM0043,3 IN CS SLIP ON FLANGE 150 CLASS,FLANGE,66.66666666666666
245,CPSE-B,"4""SS304 SLIP ON FLG 300#",4INSS304 SLIP ON FLANGE 300#,CM0044,4 IN SS316 WELD NECK FLANGE 300 CLASS,FLANGE,58.46153846153846
245,CPSE-B,"4""SS304 SLIP ON FLG 300#",4INSS304 SLIP ON FLANGE 300#,CM0045,6 IN CS SLIP ON FLANGE 150 CLASS,FLANGE,66.66666666666666
245,CPSE-B,"4""SS304 SLIP ON FLG 300#",4INSS304 SLIP ON FLANGE 300#,CM0046,8 IN CS WELD NECK FLANGE 300 CLASS,FLANGE,54.83870967741935
245,CPSE-B,"4""SS304 SLIP ON FLG 300#",4INSS304 SLIP ON FLANGE 300#,CM0047,10 IN SS304 SLIP ON FLANGE 150 CLASS,FLANGE,78.125
245,CPSE-B,"4""SS304 SLIP ON FLG 300#",4INSS304 SLIP ON FLANGE 300#,CM0048,12 IN CS WELD NECK FLANGE 150 CLASS,FLANGE,47.61904761904762
245,CPSE-B,"4""SS304 SLIP ON FLG 300#",4INSS304 SLIP ON FLANGE 300#,CM0049,4 IN SS304 SLIP ON FLANGE 300 CLASS,FLANGE,85.71428571428571
245,CPSE-B,"4""SS304 SLIP ON FLG 300#",4INSS304 SLIP ON FLANGE 300#,CM0050,6 IN SS316 WELD NECK FLANGE 150 CLASS,FLANGE,49.23076923076923
246,CPSE-B,3CX4 SQMM PVC CABLE 1.1KV,3CX4 SQMM PVC CABLE 1.1KV,CM0061,1C X 2.5 SQMM PVC CABLE 1.1KV,ELECTRICAL_CABLE,88.88888888888889
246,CPSE-B,3CX4 SQMM PVC CABLE 1.1KV,3CX4 SQMM PVC CABLE 1.1KV,CM0062,1C X 4 SQMM PVC CABLE 1.1KV,ELECTRICAL_CABLE,88.88888888888889
246,CPSE-B,3CX4 SQMM PVC CABLE 1.1KV,3CX4 SQMM PVC CABLE 1.1KV,CM0063,3C X 2.5 SQMM PVC CABLE 1.1KV,ELECTRICAL_CABLE,88.88888888888889
246,CPSE-B,3CX4 SQMM PVC CABLE 1.1KV,3CX4 SQMM PVC CABLE 1.1KV,CM0064,3C X 4 SQMM PVC CABLE 1.1KV,ELECTRICAL_CABLE,92.3076923076923
246,CPSE-B,3CX4 SQMM PVC CABLE 1.1KV,3CX4 SQMM PVC CABLE 1.1KV,CM0065,3C X 6 SQMM PVC CABLE 1.1KV,ELECTRICAL_CABLE,92.3076923076923
246,CPSE-B,3CX4 SQMM PVC CABLE 1.1KV,3CX4 SQMM PVC CABLE 1.1KV,CM0066,4C X 10 SQMM PVC CABLE 1.1KV,ELECTRICAL_CABLE,88.88888888888889
246,CPSE-B,3CX4 SQMM PVC CABLE 1.1KV,3CX4 SQMM PVC CABLE 1.1KV,CM0067,4C X 16 SQMM PVC CABLE 1.1KV,ELECTRICAL_CABLE,88.88888888888889
246,CPSE-B,3CX4 SQMM PVC CABLE 1.1KV,3CX4 SQMM PVC CABLE 1.1KV,CM0068,4C X 25 SQMM PVC CABLE 1.1KV,ELECTRICAL_CABLE,88.88888888888889
246,CPSE-B,3CX4 SQMM PVC CABLE 1.1KV,3CX4 SQMM PVC CABLE 1.1KV,CM0069,3C X 35 SQMM PVC CABLE 1.1KV,ELECTRICAL_CABLE,90.56603773584905
246,CPSE-B,3CX4 SQMM PVC CABLE 1.1KV,3CX4 SQMM PVC CABLE 1.1KV,CM0070,4C X 50 SQMM PVC CABLE 1.1KV,ELECTRICAL_CABLE,88.88888888888889
247,CPSE-B,3 PHASE INDUCTION MOTOR 15KW 415V 50HZ,3 PHASE INDUCTION MOTOR 15KW 415V 50HZ,CM0071,3 PHASE INDUCTION MOTOR 5.5KW 415V 50HZ,MOTOR,96.1038961038961
247,CPSE-B,3 PHASE INDUCTION MOTOR 15KW 415V 50HZ,3 PHASE INDUCTION MOTOR 15KW 415V 50HZ,CM0072,3 PHASE INDUCTION MOTOR 7.5KW 415V 50HZ,MOTOR,96.1038961038961
247,CPSE-B,3 PHASE INDUCTION MOTOR 15KW 415V 50HZ,3 PHASE INDUCTION MOTOR 15KW 415V 50HZ,CM0073,3 PHASE INDUCTION MOTOR 11KW 415V 50HZ,MOTOR,97.36842105263158
247,CPSE-B,3 PHASE INDUCTION MOTOR 15KW 415V 50HZ,3 PHASE INDUCTION MOTOR 15KW 415V 50HZ,CM0074,3 PHASE INDUCTION MOTOR 15KW 415V 50HZ,MOTOR,100.0
247,CPSE-B,3 PHASE INDUCTION MOTOR 15KW 415V 50HZ,3 PHASE INDUCTION MOTOR 15KW 415V 50HZ,CM0075,3 PHASE INDUCTION MOTOR 18.5KW 415V 50HZ,MOTOR,97.43589743589743
247,CPSE-B,3 PHASE INDUCTION MOTOR 15KW 415V 50HZ,3 PHASE INDUCTION MOTOR 15KW 415V 50HZ,CM0076,3 PHASE INDUCTION MOTOR 22KW 415V 50HZ,MOTOR,94.73684210526315
247,CPSE-B,3 PHASE INDUCTION MOTOR 15KW 415V 50HZ,3 PHASE INDUCTION MOTOR 15KW 415V 50HZ,CM0077,3 PHASE INDUCTION MOTOR 30KW 415V 50HZ,MOTOR,94.73684210526315
247,CPSE-B,3 PHASE INDUCTION MOTOR 15KW 415V 50HZ,3 PHASE INDUCTION MOTOR 15KW 415V 50HZ,CM0078,3 PHASE INDUCTION MOTOR 37KW 415V 50HZ,MOTOR,94.73684210526315
247,CPSE-B,3 PHASE INDUCTION MOTOR 15KW 415V 50HZ,3 PHASE INDUCTION MOTOR 15KW 415V 50HZ,CM0079,3 PHASE INDUCTION MOTOR 45KW 415V 50HZ,MOTOR,97.36842105263158
247,CPSE-B,3 PHASE INDUCTION MOTOR 15KW 415V 50HZ,3 PHASE INDUCTION MOTOR 15KW 415V 50HZ,CM0080,3 PHASE INDUCTION MOTOR 55KW 415V 50HZ,MOTOR,97.36842105263158
248,CPSE-C,C/PMP 75 M3/H 40M HEAD 15KW,C PUMP 75 M3 H 40M HEAD 15KW,CM0081,CENTRIFUGAL PUMP 20 M3/H 30M HEAD 5.5KW,PUMP,59.701492537313435
248,CPSE-C,C/PMP 75 M3/H 40M HEAD 15KW,C PUMP 75 M3 H 40M HEAD 15KW,CM0082,CENTRIFUGAL PUMP 30 M3/H 40M HEAD 7.5KW,PUMP,65.67164179104478
248,CPSE-C,C/PMP 75 M3/H 40M HEAD 15KW,C PUMP 75 M3 H 40M HEAD 15KW,CM0083,CENTRIFUGAL PUMP 50 M3/H 50M HEAD 11KW,PUMP,66.66666666666666
248,CPSE-C,C/PMP 75 M3/H 40M HEAD 15KW,C PUMP 75 M3 H 40M HEAD 15KW,CM0084,CENTRIFUGAL PUMP 75 M3/H 40M HEAD 15KW,PUMP,85.71428571428571
248,CPSE-C,C/PMP 75 M3/H 40M HEAD 15KW,C PUMP 75 M3 H 40M HEAD 15KW,CM0085,CENTRIFUGAL PUMP 100 M3/H 50M HEAD 22KW,PUMP,62.6865671641791
248,CPSE-C,C/PMP 75 M3/H 40M HEAD 15KW,C PUMP 75 M3 H 40M HEAD 15KW,CM0086,CENTRIFUGAL PUMP 120 M3/H 60M HEAD 30KW,PUMP,62.6865671641791
248,CPSE-C,C/PMP 75 M3/H 40M HEAD 15KW,C PUMP 75 M3 H 40M HEAD 15KW,CM0087,CENTRIFUGAL PUMP 150 M3/H 50M HEAD 37KW,PUMP,65.67164179104478
248,CPSE-C,C/PMP 75 M3/H 40M HEAD 15KW,C PUMP 75 M3 H 40M HEAD 15KW,CM0088,CENTRIFUGAL PUMP 200 M3/H 60M HEAD 45KW,PUMP,62.6865671641791
248,CPSE-C,C/PMP 75 M3/H 40M HEAD 15KW,C PUMP 75 M3 H 40M HEAD 15KW,CM0089,CENTRIFUGAL PUMP 250 M3/H 70M HEAD 55KW,PUMP,62.6865671641791
248,CPSE-C,C/PMP 75 M3/H 40M HEAD 15KW,C PUMP 75 M3 H 40M HEAD 15KW,CM0090,CENTRIFUGAL PUMP 300 M3/H 80M HEAD 75KW,PUMP,62.6865671641791
249,CPSE-A,M12 X 50 SS304 HEX BOLT,M12X50 SS304 HEX BOLT,CM0001,M10 X 50 SS304 HEX BOLT,FASTENER,81.81818181818181
249,CPSE-A,M12 X 50 SS304 HEX BOLT,M12X50 SS304 HEX BOLT,CM0002,M12 X 50 SS304 HEX BOLT,FASTENER,86.36363636363636
249,CPSE-A,M12 X 50 SS304 HEX BOLT,M12X50 SS304 HEX BOLT,CM0003,M10 X 75 SS316 HEX BOLT,FASTENER,72.72727272727272
249,CPSE-A,M12 X 50 SS304 HEX BOLT,M12X50 SS304 HEX BOLT,CM0004,M16 X 60 CARBON STEEL HEX BOLT,FASTENER,55.172413793103445
249,CPSE-A,M12 X 50 SS304 HEX BOLT,M12X50 SS304 HEX BOLT,CM0005,M20 X 80 GALVANIZED STEEL HEX BOLT,FASTENER,55.172413793103445
249,CPSE-A,M12 X 50 SS304 HEX BOLT,M12X50 SS304 HEX BOLT,CM0006,M8 X 40 CARBON STEEL HEX BOLT,FASTENER,55.172413793103445
249,CPSE-A,M12 X 50 SS304 HEX BOLT,M12X50 SS304 HEX BOLT,CM0007,M12 X 80 SS316 HEX BOLT,FASTENER,72.72727272727272
249,CPSE-A,M12 X 50 SS304 HEX BOLT,M12X50 SS304 HEX BOLT,CM0008,M16 X 75 SS304 HEX BOLT,FASTENER,81.81818181818181
249,CPSE-A,M12 X 50 SS304 HEX BOLT,M12X50 SS304 HEX BOLT,CM0009,M20 X 100 CARBON STEEL HEX BOLT,FASTENER,55.172413793103445
249,CPSE-A,M12 X 50 SS304 HEX BOLT,M12X50 SS304 HEX BOLT,CM0010,M10 X 30 SS304 HEX BOLT,FASTENER,81.81818181818181
250,CPSE-A,2 IN SS304 SEAMLESS PIP SCH10,2IN SS304 SEAMLESS PIP SCH10,CM0031,2 IN CS SEAMLESS PIPE SCH40,PIPE,76.36363636363636
250,CPSE-A,2 IN SS304 SEAMLESS PIP SCH10,2IN SS304 SEAMLESS PIP SCH10,CM0032,3 IN CS SEAMLESS PIPE SCH40,PIPE,72.72727272727272
250,CPSE-A,2 IN SS304 SEAMLESS PIP SCH10,2IN SS304 SEAMLESS PIP SCH10,CM0033,4 IN SS304 SEAMLESS PIPE SCH40,PIPE,89.65517241379311
250,CPSE-A,2 IN SS304 SEAMLESS PIP SCH10,2IN SS304 SEAMLESS PIP SCH10,CM0034,6 IN CS SEAMLESS PIPE SCH80,PIPE,72.72727272727272
250,CPSE-A,2 IN SS304 SEAMLESS PIP SCH10,2IN SS304 SEAMLESS PIP SCH10,CM0035,8 IN SS316 SEAMLESS PIPE SCH40,PIPE,82.75862068965517
250,CPSE-A,2 IN SS304 SEAMLESS PIP SCH10,2IN SS304 SEAMLESS PIP SCH10,CM0036,2 IN SS304 SEAMLESS PIPE SCH10,PIPE,96.55172413793103
250,CPSE-A,2 IN SS304 SEAMLESS PIP SCH10,2IN SS304 SEAMLESS PIP SCH10,CM0037,3 IN SS316 SEAMLESS PIPE SCH40,PIPE,82.75862068965517
250,CPSE-A,2 IN SS304 SEAMLESS PIP SCH10,2IN SS304 SEAMLESS PIP SCH10,CM0038,4 IN CS SEAMLESS PIPE SCH80,PIPE,72.72727272727272
250,CPSE-A,2 IN SS304 SEAMLESS PIP SCH10,2IN SS304 SEAMLESS PIP SCH10,CM0039,6 IN SS304 SEAMLESS PIPE SCH40,PIPE,89.65517241379311
250,CPSE-A,2 IN SS304 SEAMLESS PIP SCH10,2IN SS304 SEAMLESS PIP SCH10,CM0040,8 IN CS SEAMLESS PIPE SCH80,PIPE,72.72727272727272
251,CPSE-C,TR BRG 30206,TR BEARING 30206,CM0011,DEEP GROOVE BALL BEARING 6205,BEARING,60.869565217391305
251,CPSE-C,TR BRG 30206,TR BEARING 30206,CM0012,DEEP GROOVE BALL BEARING 6206,BEARING,60.869565217391305
251,CPSE-C,TR BRG 30206,TR BEARING 30206,CM0013,DEEP GROOVE BALL BEARING 6207,BEARING,60.869565217391305
251,CPSE-C,TR BRG 30206,TR BEARING 30206,CM0014,DEEP GROOVE BALL BEARING 6305,BEARING,60.869565217391305
251,CPSE-C,TR BRG 30206,TR BEARING 30206,CM0015,DEEP GROOVE BALL BEARING 6306,BEARING,60.869565217391305
251,CPSE-C,TR BRG 30206,TR BEARING 30206,CM0016,DEEP GROOVE BALL BEARING 6307,BEARING,60.869565217391305
251,CPSE-C,TR BRG 30206,TR BEARING 30206,CM0017,TAPERED ROLLER BEARING 30205,BEARING,68.18181818181819
251,CPSE-C,TR BRG 30206,TR BEARING 30206,CM0018,TAPERED ROLLER BEARING 30206,BEARING,89.65517241379311
251,CPSE-C,TR BRG 30206,TR BEARING 30206,CM0019,TAPERED ROLLER BEARING 30305,BEARING,63.63636363636363
251,CPSE-C,TR BRG 30206,TR BEARING 30206,CM0020,SPHERICAL ROLLER BEARING 22205,BEARING,60.869565217391305
252,CPSE-B,"6""CS SLIP ON FLG 150#",6INCS SLIP ON FLANGE 150#,CM0041,2 IN CS WELD NECK FLANGE 150 CLASS,FLANGE,57.6271186440678
252,CPSE-B,"6""CS SLIP ON FLG 150#",6INCS SLIP ON FLANGE 150#,CM0042,2 IN SS304 WELD NECK FLANGE 150 CLASS,FLANGE,58.064516129032256
252,CPSE-B,"6""CS SLIP ON FLG 150#",6INCS SLIP ON FLANGE 150#,CM0043,3 IN CS SLIP ON FLANGE 150 CLASS,FLANGE,73.6842105263158
252,CPSE-B,"6""CS SLIP ON FLG 150#",6INCS SLIP ON FLANGE 150#,CM0044,4 IN SS316 WELD NECK FLANGE 300 CLASS,FLANGE,51.61290322580645
252,CPSE-B,"6""CS SLIP ON FLG 150#",6INCS SLIP ON FLANGE 150#,CM0045,6 IN CS SLIP ON FLANGE 150 CLASS,FLANGE,77.19298245614036
252,CPSE-B,"6""CS SLIP ON FLG 150#",6INCS SLIP ON FLANGE 150#,CM0046,8 IN CS WELD NECK FLANGE 300 CLASS,FLANGE,50.847457627118644
252,CPSE-B,"6""CS SLIP ON FLG 150#",6INCS SLIP ON FLANGE 150#,CM0047,10 IN SS304 SLIP ON FLANGE 150 CLASS,FLANGE,72.1311475409836
252,CPSE-B,"6""CS SLIP ON FLG 150#",6INCS SLIP ON FLANGE 150#,CM0048,12 IN CS WELD NECK FLANGE 150 CLASS,FLANGE,56.666666666666664
252,CPSE-B,"6""CS SLIP ON FLG 150#",6INCS SLIP ON FLANGE 150#,CM0049,4 IN SS304 SLIP ON FLANGE 300 CLASS,FLANGE,71.7948717948718
252,CPSE-B,"6""CS SLIP ON FLG 150#",6INCS SLIP ON FLANGE 150#,CM0050,6 IN SS316 WELD NECK FLANGE 150 CLASS,FLANGE,61.29032258064516
253,CPSE-B,M10X50 SS304 HEX BOLT,M10X50 SS304 HEX BOLT,CM0001,M10 X 50 SS304 HEX BOLT,FASTENER,86.36363636363636
253,CPSE-B,M10X50 SS304 HEX BOLT,M10X50 SS304 HEX BOLT,CM0002,M12 X 50 SS304 HEX BOLT,FASTENER,81.81818181818181
253,CPSE-B,M10X50 SS304 HEX BOLT,M10X50 SS304 HEX BOLT,CM0003,M10 X 75 SS316 HEX BOLT,FASTENER,72.72727272727272
253,CPSE-B,M10X50 SS304 HEX BOLT,M10X50 SS304 HEX BOLT,CM0004,M16 X 60 CARBON STEEL HEX BOLT,FASTENER,55.172413793103445
253,CPSE-B,M10X50 SS304 HEX BOLT,M10X50 SS304 HEX BOLT,CM0005,M20 X 80 GALVANIZED STEEL HEX BOLT,FASTENER,55.172413793103445
253,CPSE-B,M10X50 SS304 HEX BOLT,M10X50 SS304 HEX BOLT,CM0006,M8 X 40 CARBON STEEL HEX BOLT,FASTENER,55.172413793103445
253,CPSE-B,M10X50 SS304 HEX BOLT,M10X50 SS304 HEX BOLT,CM0007,M12 X 80 SS316 HEX BOLT,FASTENER,68.18181818181819
253,CPSE-B,M10X50 SS304 HEX BOLT,M10X50 SS304 HEX BOLT,CM0008,M16 X 75 SS304 HEX BOLT,FASTENER,81.81818181818181
253,CPSE-B,M10X50 SS304 HEX BOLT,M10X50 SS304 HEX BOLT,CM0009,M20 X 100 CARBON STEEL HEX BOLT,FASTENER,55.172413793103445
253,CPSE-B,M10X50 SS304 HEX BOLT,M10X50 SS304 HEX BOLT,CM0010,M10 X 30 SS304 HEX BOLT,FASTENER,86.36363636363636
254,CPSE-C,4 IN SS316 WN FLG 300 CLASS,4IN SS316 WN FLANGE 300 CLASS,CM0041,2 IN CS WELD NECK FLANGE 150 CLASS,FLANGE,63.492063492063494
254,CPSE-C,4 IN SS316 WN FLG 300 CLASS,4IN SS316 WN FLANGE 300 CLASS,CM0042,2 IN SS304 WELD NECK FLANGE 150 CLASS,FLANGE,69.69696969696969
254,CPSE-C,4 IN SS316 WN FLG 300 CLASS,4IN SS316 WN FLANGE 300 CLASS,CM0043,3 IN CS SLIP ON FLANGE 150 CLASS,FLANGE,62.295081967213115
254,CPSE-C,4 IN SS316 WN FLG 300 CLASS,4IN SS316 WN FLANGE 300 CLASS,CM0044,4 IN SS316 WELD NECK FLANGE 300 CLASS,FLANGE,86.27450980392157
254,CPSE-C,4 IN SS316 WN FLG 300 CLASS,4IN SS316 WN FLANGE 300 CLASS,CM0045,6 IN CS SLIP ON FLANGE 150 CLASS,FLANGE,62.295081967213115
254,CPSE-C,4 IN SS316 WN FLG 300 CLASS,4IN SS316 WN FLANGE 300 CLASS,CM0046,8 IN CS WELD NECK FLANGE 300 CLASS,FLANGE,71.11111111111111
254,CPSE-C,4 IN SS316 WN FLG 300 CLASS,4IN SS316 WN FLANGE 300 CLASS,CM0047,10 IN SS304 SLIP ON FLANGE 150 CLASS,FLANGE,67.6923076923077
254,CPSE-C,4 IN SS316 WN FLG 300 CLASS,4IN SS316 WN FLANGE 300 CLASS,CM0048,12 IN CS WELD NECK FLANGE 150 CLASS,FLANGE,62.5
254,CPSE-C,4 IN SS316 WN FLG 300 CLASS,4IN SS316 WN FLANGE 300 CLASS,CM0049,4 IN SS304 SLIP ON FLANGE 300 CLASS,FLANGE,75.0
254,CPSE-C,4 IN SS316 WN FLG 300 CLASS,4IN SS316 WN FLANGE 300 CLASS,CM0050,6 IN SS316 WELD NECK FLANGE 150 CLASS,FLANGE,76.59574468085106
255,CPSE-B,"8""SS316 SEAMLESS PIPE SCH40",8INSS316 SEAMLESS PIPE SCH40,CM0031,2 IN CS SEAMLESS PIPE SCH40,PIPE,82.6086956521739
255,CPSE-B,"8""SS316 SEAMLESS PIPE SCH40",8INSS316 SEAMLESS PIPE SCH40,CM0032,3 IN CS SEAMLESS PIPE SCH40,PIPE,82.6086956521739
255,CPSE-B,"8""SS316 SEAMLESS PIPE SCH40",8INSS316 SEAMLESS PIPE SCH40,CM0033,4 IN SS304 SEAMLESS PIPE SCH40,PIPE,86.20689655172414
255,CPSE-B,"8""SS316 SEAMLESS PIPE SCH40",8INSS316 SEAMLESS PIPE SCH40,CM0034,6 IN CS SEAMLESS PIPE SCH80,PIPE,76.36363636363636
255,CPSE-B,"8""SS316 SEAMLESS PIPE SCH40",8INSS316 SEAMLESS PIPE SCH40,CM0035,8 IN SS316 SEAMLESS PIPE SCH40,PIPE,96.55172413793103
255,CPSE-B,"8""SS316 SEAMLESS PIPE SCH40",8INSS316 SEAMLESS PIPE SCH40,CM0036,2 IN SS304 SEAMLESS PIPE SCH10,PIPE,72.41379310344828
255,CPSE-B,"8""SS316 SEAMLESS PIPE SCH40",8INSS316 SEAMLESS PIPE SCH40,CM0037,3 IN SS316 SEAMLESS PIPE SCH40,PIPE,93.10344827586206
255,CPSE-B,"8""SS316 SEAMLESS PIPE SCH40",8INSS316 SEAMLESS PIPE SCH40,CM0038,4 IN CS SEAMLESS PIPE SCH80,PIPE,76.36363636363636
255,CPSE-B,"8""SS316 SEAMLESS PIPE SCH40",8INSS316 SEAMLESS PIPE SCH40,CM0039,6 IN SS304 SEAMLESS PIPE SCH40,PIPE,86.20689655172414
255,CPSE-B,"8""SS316 SEAMLESS PIPE SCH40",8INSS316 SEAMLESS PIPE SCH40,CM0040,8 IN CS SEAMLESS PIPE SCH80,PIPE,80.0
256,CPSE-B,TAPERED ROLLER BEARING 30205,TAPERED ROLLER BEARING 30205,CM0011,DEEP GROOVE BALL BEARING 6205,BEARING,63.1578947368421
256,CPSE-B,TAPERED ROLLER BEARING 30205,TAPERED ROLLER BEARING 30205,CM0012,DEEP GROOVE BALL BEARING 6206,BEARING,59.64912280701754
256,CPSE-B,TAPERED ROLLER BEARING 30205,TAPERED ROLLER BEARING 30205,CM0013,DEEP GROOVE BALL BEARING 6207,BEARING,59.64912280701754
256,CPSE-B,TAPERED ROLLER BEARING 30205,TAPERED ROLLER BEARING 30205,CM0014,DEEP GROOVE BALL BEARING 6305,BEARING,63.1578947368421
256,CPSE-B,TAPERED ROLLER BEARING 30205,TAPERED ROLLER BEARING 30205,CM0015,DEEP GROOVE BALL BEARING 6306,BEARING,59.64912280701754
256,CPSE-B,TAPERED ROLLER BEARING 30205,TAPERED ROLLER BEARING 30205,CM0016,DEEP GROOVE BALL BEARING 6307,BEARING,59.64912280701754
256,CPSE-B,TAPERED ROLLER BEARING 30205,TAPERED ROLLER BEARING 30205,CM0017,TAPERED ROLLER BEARING 30205,BEARING,100.0
256,CPSE-B,TAPERED ROLLER BEARING 30205,TAPERED ROLLER BEARING 30205,CM0018,TAPERED ROLLER BEARING 30206,BEARING,96.42857142857143
256,CPSE-B,TAPERED ROLLER BEARING 30205,TAPERED ROLLER BEARING 30205,CM0019,TAPERED ROLLER BEARING 30305,BEARING,96.42857142857143
256,CPSE-B,TAPERED ROLLER BEARING 30205,TAPERED ROLLER BEARING 30205,CM0020,SPHERICAL ROLLER BEARING 22205,BEARING,75.86206896551724
257,CPSE-C,6 IN SS316 BLV 300 CLASS,6IN SS316 BLV 300 CLASS,CM0021,2 IN SS304 GATE VALVE 150 CLASS,VALVE,51.851851851851855
257,CPSE-C,6 IN SS316 BLV 300 CLASS,6IN SS316 BLV 300 CLASS,CM0022,2 IN SS304 GATE VALVE 300 CLASS,VALVE,59.25925925925926
257,CPSE-C,6 IN SS316 BLV 300 CLASS,6IN SS316 BLV 300 CLASS,CM0023,3 IN CS GATE VALVE 150 CLASS,VALVE,50.98039215686274
257,CPSE-C,6 IN SS316 BLV 300 CLASS,6IN SS316 BLV 300 CLASS,CM0024,4 IN SS316 BALL VALVE 150 CLASS,VALVE,70.37037037037037
257,CPSE-C,6 IN SS316 BLV 300 CLASS,6IN SS316 BLV 300 CLASS,CM0025,6 IN CS BUTTERFLY VALVE 150 CLASS,VALVE,50.0
257,CPSE-C,6 IN SS316 BLV 300 CLASS,6IN SS316 BLV 300 CLASS,CM0026,4 IN SS304 GATE VALVE 150 CLASS,VALVE,51.851851851851855
257,CPSE-C,6 IN SS316 BLV 300 CLASS,6IN SS316 BLV 300 CLASS,CM0027,6 IN SS316 BALL VALVE 300 CLASS,VALVE,81.48148148148148
257,CPSE-C,6 IN SS316 BLV 300 CLASS,6IN SS316 BLV 300 CLASS,CM0028,8 IN CS GATE VALVE 300 CLASS,VALVE,58.8235294117647
257,CPSE-C,6 IN SS316 BLV 300 CLASS,6IN SS316 BLV 300 CLASS,CM0029,10 IN CS BUTTERFLY VALVE 150 CLASS,VALVE,49.12280701754386
257,CPSE-C,6 IN SS316 BLV 300 CLASS,6IN SS316 BLV 300 CLASS,CM0030,2 IN CS GLOBE VALVE 150 CLASS,VALVE,50.0
258,CPSE-B,3CX35 SQMM PVC CABLE 1.1KV,3CX35 SQMM PVC CABLE 1.1KV,CM0061,1C X 2.5 SQMM PVC CABLE 1.1KV,ELECTRICAL_CABLE,86.95652173913044
258,CPSE-B,3CX35 SQMM PVC CABLE 1.1KV,3CX35 SQMM PVC CABLE 1.1KV,CM0062,1C X 4 SQMM PVC CABLE 1.1KV,ELECTRICAL_CABLE,86.95652173913044
258,CPSE-B,3CX35 SQMM PVC CABLE 1.1KV,3CX35 SQMM PVC CABLE 1.1KV,CM0063,3C X 2.5 SQMM PVC CABLE 1.1KV,ELECTRICAL_CABLE,87.27272727272728
258,CPSE-B,3CX35 SQMM PVC CABLE 1.1KV,3CX35 SQMM PVC CABLE 1.1KV,CM0064,3C X 4 SQMM PVC CABLE 1.1KV,ELECTRICAL_CABLE,90.56603773584905
258,CPSE-B,3CX35 SQMM PVC CABLE 1.1KV,3CX35 SQMM PVC CABLE 1.1KV,CM0065,3C X 6 SQMM PVC CABLE 1.1KV,ELECTRICAL_CABLE,90.56603773584905
258,CPSE-B,3CX35 SQMM PVC CABLE 1.1KV,3CX35 SQMM PVC CABLE 1.1KV,CM0066,4C X 10 SQMM PVC CABLE 1.1KV,ELECTRICAL_CABLE,86.95652173913044
258,CPSE-B,3CX35 SQMM PVC CABLE 1.1KV,3CX35 SQMM PVC CABLE 1.1KV,CM0067,4C X 16 SQMM PVC CABLE 1.1KV,ELECTRICAL_CABLE,86.95652173913044
258,CPSE-B,3CX35 SQMM PVC CABLE 1.1KV,3CX35 SQMM PVC CABLE 1.1KV,CM0068,4C X 25 SQMM PVC CABLE 1.1KV,ELECTRICAL_CABLE,86.95652173913044
258,CPSE-B,3CX35 SQMM PVC CABLE 1.1KV,3CX35 SQMM PVC CABLE 1.1KV,CM0069,3C X 35 SQMM PVC CABLE 1.1KV,ELECTRICAL_CABLE,88.88888888888889
258,CPSE-B,3CX35 SQMM PVC CABLE 1.1KV,3CX35 SQMM PVC CABLE 1.1KV,CM0070,4C X 50 SQMM PVC CABLE 1.1KV,ELECTRICAL_CABLE,86.95652173913044
259,CPSE-B,DEEP GROOVE BALL BEARING 6206,DEEP GROOVE BALL BEARING 6206,CM0011,DEEP GROOVE BALL BEARING 6205,BEARING,96.55172413793103
259,CPSE-B,DEEP GROOVE BALL BEARING 6206,DEEP GROOVE BALL BEARING 6206,CM0012,DEEP GROOVE BALL BEARING 6206,BEARING,100.0
259,CPSE-B,DEEP GROOVE BALL BEARING 6206,DEEP GROOVE BALL BEARING 6206,CM0013,DEEP GROOVE BALL BEARING 6207,BEARING,96.55172413793103
259,CPSE-B,DEEP GROOVE BALL BEARING 6206,DEEP GROOVE BALL BEARING 6206,CM0014,DEEP GROOVE BALL BEARING 6305,BEARING,93.10344827586206
259,CPSE-B,DEEP GROOVE BALL BEARING 6206,DEEP GROOVE BALL BEARING 6206,CM0015,DEEP GROOVE BALL BEARING 6306,BEARING,96.55172413793103
259,CPSE-B,DEEP GROOVE BALL BEARING 6206,DEEP GROOVE BALL BEARING 6206,CM0016,DEEP GROOVE BALL BEARING 6307,BEARING,93.10344827586206
259,CPSE-B,DEEP GROOVE BALL BEARING 6206,DEEP GROOVE BALL BEARING 6206,CM0017,TAPERED ROLLER BEARING 30205,BEARING,59.64912280701754
259,CPSE-B,DEEP GROOVE BALL BEARING 6206,DEEP GROOVE BALL BEARING 6206,CM0018,TAPERED ROLLER BEARING 30206,BEARING,63.1578947368421
259,CPSE-B,DEEP GROOVE BALL BEARING 6206,DEEP GROOVE BALL BEARING 6206,CM0019,TAPERED ROLLER BEARING 30305,BEARING,56.14035087719298
259,CPSE-B,DEEP GROOVE BALL BEARING 6206,DEEP GROOVE BALL BEARING 6206,CM0020,SPHERICAL ROLLER BEARING 22205,BEARING,54.23728813559322
260,CPSE-B,"2""CS SEAMLESS PIPE SCH40",2INCS SEAMLESS PIPE SCH40,CM0031,2 IN CS SEAMLESS PIPE SCH40,PIPE,88.46153846153847
260,CPSE-B,"2""CS SEAMLESS PIPE SCH40",2INCS SEAMLESS PIPE SCH40,CM0032,3 IN CS SEAMLESS PIPE SCH40,PIPE,86.36363636363636
260,CPSE-B,"2""CS SEAMLESS PIPE SCH40",2INCS SEAMLESS PIPE SCH40,CM0033,4 IN SS304 SEAMLESS PIPE SCH40,PIPE,86.36363636363636
260,CPSE-B,"2""CS SEAMLESS PIPE SCH40",2INCS SEAMLESS PIPE SCH40,CM0034,6 IN CS SEAMLESS PIPE SCH80,PIPE,80.76923076923077
260,CPSE-B,"2""CS SEAMLESS PIPE SCH40",2INCS SEAMLESS PIPE SCH40,CM0035,8 IN SS316 SEAMLESS PIPE SCH40,PIPE,86.36363636363636
260,CPSE-B,"2""CS SEAMLESS PIPE SCH40",2INCS SEAMLESS PIPE SCH40,CM0036,2 IN SS304 SEAMLESS PIPE SCH10,PIPE,80.0
260,CPSE-B,"2""CS SEAMLESS PIPE SCH40",2INCS SEAMLESS PIPE SCH40,CM0037,3 IN SS316 SEAMLESS PIPE SCH40,PIPE,86.36363636363636
260,CPSE-B,"2""CS SEAMLESS PIPE SCH40",2INCS SEAMLESS PIPE SCH40,CM0038,4 IN CS SEAMLESS PIPE SCH80,PIPE,80.76923076923077
260,CPSE-B,"2""CS SEAMLESS PIPE SCH40",2INCS SEAMLESS PIPE SCH40,CM0039,6 IN SS304 SEAMLESS PIPE SCH40,PIPE,86.36363636363636
260,CPSE-B,"2""CS SEAMLESS PIPE SCH40",2INCS SEAMLESS PIPE SCH40,CM0040,8 IN CS SEAMLESS PIPE SCH80,PIPE,80.76923076923077
261,CPSE-B,TAPERED ROLLER BEARING 30206,TAPERED ROLLER BEARING 30206,CM0011,DEEP GROOVE BALL BEARING 6205,BEARING,59.64912280701754
261,CPSE-B,TAPERED ROLLER BEARING 30206,TAPERED ROLLER BEARING 30206,CM0012,DEEP GROOVE BALL BEARING 6206,BEARING,63.1578947368421
261,CPSE-B,TAPERED ROLLER BEARING 30206,TAPERED ROLLER BEARING 30206,CM0013,DEEP GROOVE BALL BEARING 6207,BEARING,59.64912280701754
261,CPSE-B,TAPERED ROLLER BEARING 30206,TAPERED ROLLER BEARING 30206,CM0014,DEEP GROOVE BALL BEARING 6305,BEARING,59.64912280701754
261,CPSE-B,TAPERED ROLLER BEARING 30206,TAPERED ROLLER BEARING 30206,CM0015,DEEP GROOVE BALL BEARING 6306,BEARING,63.1578947368421
261,CPSE-B,TAPERED ROLLER BEARING 30206,TAPERED ROLLER BEARING 30206,CM0016,DEEP GROOVE BALL BEARING 6307,BEARING,59.64912280701754
261,CPSE-B,TAPERED ROLLER BEARING 30206,TAPERED ROLLER BEARING 30206,CM0017,TAPERED ROLLER BEARING 30205,BEARING,96.42857142857143
261,CPSE-B,TAPERED ROLLER BEARING 30206,TAPERED ROLLER BEARING 30206,CM0018,TAPERED ROLLER BEARING 30206,BEARING,100.0
261,CPSE-B,TAPERED ROLLER BEARING 30206,TAPERED ROLLER BEARING 30206,CM0019,TAPERED ROLLER BEARING 30305,BEARING,92.85714285714286
261,CPSE-B,TAPERED ROLLER BEARING 30206,TAPERED ROLLER BEARING 30206,CM0020,SPHERICAL ROLLER BEARING 22205,BEARING,72.41379310344828
262,CPSE-B,CENTRIF PUMP 20 M3/H 30M HEAD 5.5KW,CENTRIF PUMP 20 M3 H 30M HEAD 5.5KW,CM0081,CENTRIFUGAL PUMP 20 M3/H 30M HEAD 5.5KW,PUMP,89.1891891891892
262,CPSE-B,CENTRIF PUMP 20 M3/H 30M HEAD 5.5KW,CENTRIF PUMP 20 M3 H 30M HEAD 5.5KW,CM0082,CENTRIFUGAL PUMP 30 M3/H 40M HEAD 7.5KW,PUMP,81.08108108108108
262,CPSE-B,CENTRIF PUMP 20 M3/H 30M HEAD 5.5KW,CENTRIF PUMP 20 M3 H 30M HEAD 5.5KW,CM0083,CENTRIFUGAL PUMP 50 M3/H 50M HEAD 11KW,PUMP,68.4931506849315
262,CPSE-B,CENTRIF PUMP 20 M3/H 30M HEAD 5.5KW,CENTRIF PUMP 20 M3 H 30M HEAD 5.5KW,CM0084,CENTRIFUGAL PUMP 75 M3/H 40M HEAD 15KW,PUMP,71.23287671232876
262,CPSE-B,CENTRIF PUMP 20 M3/H 30M HEAD 5.5KW,CENTRIF PUMP 20 M3 H 30M HEAD 5.5KW,CM0085,CENTRIFUGAL PUMP 100 M3/H 50M HEAD 22KW,PUMP,70.27027027027027
262,CPSE-B,CENTRIF PUMP 20 M3/H 30M HEAD 5.5KW,CENTRIF PUMP 20 M3 H 30M HEAD 5.5KW,CM0086,CENTRIFUGAL PUMP 120 M3/H 60M HEAD 30KW,PUMP,75.67567567567568
262,CPSE-B,CENTRIF PUMP 20 M3/H 30M HEAD 5.5KW,CENTRIF PUMP 20 M3 H 30M HEAD 5.5KW,CM0087,CENTRIFUGAL PUMP 150 M3/H 50M HEAD 37KW,PUMP,70.27027027027027
262,CPSE-B,CENTRIF PUMP 20 M3/H 30M HEAD 5.5KW,CENTRIF PUMP 20 M3 H 30M HEAD 5.5KW,CM0088,CENTRIFUGAL PUMP 200 M3/H 60M HEAD 45KW,PUMP,75.67567567567568
262,CPSE-B,CENTRIF PUMP 20 M3/H 30M HEAD 5.5KW,CENTRIF PUMP 20 M3 H 30M HEAD 5.5KW,CM0089,CENTRIFUGAL PUMP 250 M3/H 70M HEAD 55KW,PUMP,75.67567567567568
262,CPSE-B,CENTRIF PUMP 20 M3/H 30M HEAD 5.5KW,CENTRIF PUMP 20 M3 H 30M HEAD 5.5KW,CM0090,CENTRIFUGAL PUMP 300 M3/H 80M HEAD 75KW,PUMP,72.97297297297297
263,CPSE-B,M20X80 GALV HEX BOLT,M20X80 GALVANIZED HEX BOLT,CM0001,M10 X 50 SS304 HEX BOLT,FASTENER,53.06122448979592
263,CPSE-B,M20X80 GALV HEX BOLT,M20X80 GALVANIZED HEX BOLT,CM0002,M12 X 50 SS304 HEX BOLT,FASTENER,57.142857142857146
263,CPSE-B,M20X80 GALV HEX BOLT,M20X80 GALVANIZED HEX BOLT,CM0003,M10 X 75 SS316 HEX BOLT,FASTENER,53.06122448979592
263,CPSE-B,M20X80 GALV HEX BOLT,M20X80 GALVANIZED HEX BOLT,CM0004,M16 X 60 CARBON STEEL HEX BOLT,FASTENER,50.0
263,CPSE-B,M20X80 GALV HEX BOLT,M20X80 GALVANIZED HEX BOLT,CM0005,M20 X 80 GALVANIZED STEEL HEX BOLT,FASTENER,84.44444444444444
263,CPSE-B,M20X80 GALV HEX BOLT,M20X80 GALVANIZED HEX BOLT,CM0006,M8 X 40 CARBON STEEL HEX BOLT,FASTENER,50.90909090909091
263,CPSE-B,M20X80 GALV HEX BOLT,M20X80 GALVANIZED HEX BOLT,CM0007,M12 X 80 SS316 HEX BOLT,FASTENER,53.06122448979592
263,CPSE-B,M20X80 GALV HEX BOLT,M20X80 GALVANIZED HEX BOLT,CM0008,M16 X 75 SS304 HEX BOLT,FASTENER,53.06122448979592
263,CPSE-B,M20X80 GALV HEX BOLT,M20X80 GALVANIZED HEX BOLT,CM0009,M20 X 100 CARBON STEEL HEX BOLT,FASTENER,56.14035087719298
263,CPSE-B,M20X80 GALV HEX BOLT,M20X80 GALVANIZED HEX BOLT,CM0010,M10 X 30 SS304 HEX BOLT,FASTENER,53.06122448979592
264,CPSE-B,"2""CS GLOBE VAL 150#",2INCS GLOBE VAL 150#,CM0021,2 IN SS304 GATE VALVE 150 CLASS,VALVE,54.90196078431372
264,CPSE-B,"2""CS GLOBE VAL 150#",2INCS GLOBE VAL 150#,CM0022,2 IN SS304 GATE VALVE 300 CLASS,VALVE,43.13725490196079
264,CPSE-B,"2""CS GLOBE VAL 150#",2INCS GLOBE VAL 150#,CM0023,3 IN CS GATE VALVE 150 CLASS,VALVE,54.166666666666664
264,CPSE-B,"2""CS GLOBE VAL 150#",2INCS GLOBE VAL 150#,CM0024,4 IN SS316 BALL VALVE 150 CLASS,VALVE,43.13725490196079
264,CPSE-B,"2""CS GLOBE VAL 150#",2INCS GLOBE VAL 150#,CM0025,6 IN CS BUTTERFLY VALVE 150 CLASS,VALVE,41.509433962264154
264,CPSE-B,"2""CS GLOBE VAL 150#",2INCS GLOBE VAL 150#,CM0026,4 IN SS304 GATE VALVE 150 CLASS,VALVE,50.98039215686274
264,CPSE-B,"2""CS GLOBE VAL 150#",2INCS GLOBE VAL 150#,CM0027,6 IN SS316 BALL VALVE 300 CLASS,VALVE,35.294117647058826
264,CPSE-B,"2""CS GLOBE VAL 150#",2INCS GLOBE VAL 150#,CM0028,8 IN CS GATE VALVE 300 CLASS,VALVE,45.833333333333336
264,CPSE-B,"2""CS GLOBE VAL 150#",2INCS GLOBE VAL 150#,CM0029,10 IN CS BUTTERFLY VALVE 150 CLASS,VALVE,40.74074074074074
264,CPSE-B,"2""CS GLOBE VAL 150#",2INCS GLOBE VAL 150#,CM0030,2 IN CS GLOBE VALVE 150 CLASS,VALVE,69.38775510204081
265,CPSE-B,"2""PTFE FULL FACE GASK 150#",2INPTFE FULL FACE GASK 150#,CM0051,2 IN SPIRAL WOUND SS GRAPHITE GASKET 150 CLASS,GASKET,35.61643835616438
265,CPSE-B,"2""PTFE FULL FACE GASK 150#",2INPTFE FULL FACE GASK 150#,CM0052,3 IN SPIRAL WOUND SS GRAPHITE GASKET 150 CLASS,GASKET,32.87671232876713
265,CPSE-B,"2""PTFE FULL FACE GASK 150#",2INPTFE FULL FACE GASK 150#,CM0053,4 IN SPIRAL WOUND GRAPHITE GASKET 300 CLASS,GASKET,28.57142857142857
265,CPSE-B,"2""PTFE FULL FACE GASK 150#",2INPTFE FULL FACE GASK 150#,CM0054,6 IN SPIRAL WOUND GRAPHITE GASKET 150 CLASS,GASKET,34.28571428571429
265,CPSE-B,"2""PTFE FULL FACE GASK 150#",2INPTFE FULL FACE GASK 150#,CM0055,8 IN PTFE FULL FACE GASKET 150 CLASS,GASKET,63.492063492063494
265,CPSE-B,"2""PTFE FULL FACE GASK 150#",2INPTFE FULL FACE GASK 150#,CM0056,2 IN PTFE FULL FACE GASKET 150 CLASS,GASKET,66.66666666666666
265,CPSE-B,"2""PTFE FULL FACE GASK 150#",2INPTFE FULL FACE GASK 150#,CM0057,4 IN SS GRAPHITE GASKET 150 CLASS,GASKET,40.0
265,CPSE-B,"2""PTFE FULL FACE GASK 150#",2INPTFE FULL FACE GASK 150#,CM0058,6 IN PTFE FULL FACE GASKET 300 CLASS,GASKET,57.142857142857146
265,CPSE-B,"2""PTFE FULL FACE GASK 150#",2INPTFE FULL FACE GASK 150#,CM0059,10 IN GRAPHITE SPIRAL WOUND GASKET 150 CLASS,GASKET,30.985915492957744
265,CPSE-B,"2""PTFE FULL FACE GASK 150#",2INPTFE FULL FACE GASK 150#,CM0060,12 IN GRAPHITE SPIRAL WOUND GASKET 300 CLASS,GASKET,28.16901408450704
266,CPSE-A,TORQUE WRENCH 50-250NM,TORQUE WRENCH 50-250NM,CM0091,ANGLE GRINDER 100MM 750W,INDUSTRIAL_TOOL,34.78260869565217
266,CPSE-A,TORQUE WRENCH 50-250NM,TORQUE WRENCH 50-250NM,CM0092,ANGLE GRINDER 115MM 900W,INDUSTRIAL_TOOL,34.78260869565217
266,CPSE-A,TORQUE WRENCH 50-250NM,TORQUE WRENCH 50-250NM,CM0093,ANGLE GRINDER 125MM 1100W,INDUSTRIAL_TOOL,38.297872340425535
266,CPSE-A,TORQUE WRENCH 50-250NM,TORQUE WRENCH 50-250NM,CM0094,ELECTRIC DRILL 10MM 650W,INDUSTRIAL_TOOL,34.78260869565217
266,CPSE-A,TORQUE WRENCH 50-250NM,TORQUE WRENCH 50-250NM,CM0095,ELECTRIC DRILL 13MM 800W,INDUSTRIAL_TOOL,30.434782608695656
266,CPSE-A,TORQUE WRENCH 50-250NM,TORQUE WRENCH 50-250NM,CM0096,IMPACT WRENCH 1/2 IN 500W,INDUSTRIAL_TOOL,51.06382978723404
266,CPSE-A,TORQUE WRENCH 50-250NM,TORQUE WRENCH 50-250NM,CM0097,CUTTING MACHINE 355MM 2000W,INDUSTRIAL_TOOL,32.65306122448979
266,CPSE-A,TORQUE WRENCH 50-250NM,TORQUE WRENCH 50-250NM,CM0098,WELDING MACHINE 200A,INDUSTRIAL_TOOL,38.095238095238095
266,CPSE-A,TORQUE WRENCH 50-250NM,TORQUE WRENCH 50-250NM,CM0099,TORQUE WRENCH 50-250NM,INDUSTRIAL_TOOL,100.0
266,CPSE-A,TORQUE WRENCH 50-250NM,TORQUE WRENCH 50-250NM,CM0100,BENCH GRINDER 200MM 550W,INDUSTRIAL_TOOL,39.130434782608695
267,CPSE-C,6 IN CS SO FLG 150 CLASS,6IN CARBON STEEL SO FLANGE 150 CLASS,CM0041,2 IN CS WELD NECK FLANGE 150 CLASS,FLANGE,68.57142857142857
267,CPSE-C,6 IN CS SO FLG 150 CLASS,6IN CARBON STEEL SO FLANGE 150 CLASS,CM0042,2 IN SS304 WELD NECK FLANGE 150 CLASS,FLANGE,71.23287671232876
267,CPSE-C,6 IN CS SO FLG 150 CLASS,6IN CARBON STEEL SO FLANGE 150 CLASS,CM0043,3 IN CS SLIP ON FLANGE 150 CLASS,FLANGE,73.52941176470588
267,CPSE-C,6 IN CS SO FLG 150 CLASS,6IN CARBON STEEL SO FLANGE 150 CLASS,CM0044,4 IN SS316 WELD NECK FLANGE 300 CLASS,FLANGE,65.75342465753425
267,CPSE-C,6 IN CS SO FLG 150 CLASS,6IN CARBON STEEL SO FLANGE 150 CLASS,CM0045,6 IN CS SLIP ON FLANGE 150 CLASS,FLANGE,76.47058823529412
267,CPSE-C,6 IN CS SO FLG 150 CLASS,6IN CARBON STEEL SO FLANGE 150 CLASS,CM0046,8 IN CS WELD NECK FLANGE 300 CLASS,FLANGE,62.857142857142854
267,CPSE-C,6 IN CS SO FLG 150 CLASS,6IN CARBON STEEL SO FLANGE 150 CLASS,CM0047,10 IN SS304 SLIP ON FLANGE 150 CLASS,FLANGE,72.22222222222223
267,CPSE-C,6 IN CS SO FLG 150 CLASS,6IN CARBON STEEL SO FLANGE 150 CLASS,CM0048,12 IN CS WELD NECK FLANGE 150 CLASS,FLANGE,67.6056338028169
267,CPSE-C,6 IN CS SO FLG 150 CLASS,6IN CARBON STEEL SO FLANGE 150 CLASS,CM0049,4 IN SS304 SLIP ON FLANGE 300 CLASS,FLANGE,67.6056338028169
267,CPSE-C,6 IN CS SO FLG 150 CLASS,6IN CARBON STEEL SO FLANGE 150 CLASS,CM0050,6 IN SS316 WELD NECK FLANGE 150 CLASS,FLANGE,73.97260273972603
268,CPSE-C,IMPACT WRENCH 1/2 IN 500W,IMPACT WRENCH 1 2IN 500W,CM0091,ANGLE GRINDER 100MM 750W,INDUSTRIAL_TOOL,41.666666666666664
268,CPSE-C,IMPACT WRENCH 1/2 IN 500W,IMPACT WRENCH 1 2IN 500W,CM0092,ANGLE GRINDER 115MM 900W,INDUSTRIAL_TOOL,41.666666666666664
268,CPSE-C,IMPACT WRENCH 1/2 IN 500W,IMPACT WRENCH 1 2IN 500W,CM0093,ANGLE GRINDER 125MM 1100W,INDUSTRIAL_TOOL,40.816326530612244
268,CPSE-C,IMPACT WRENCH 1/2 IN 500W,IMPACT WRENCH 1 2IN 500W,CM0094,ELECTRIC DRILL 10MM 650W,INDUSTRIAL_TOOL,45.833333333333336
268,CPSE-C,IMPACT WRENCH 1/2 IN 500W,IMPACT WRENCH 1 2IN 500W,CM0095,ELECTRIC DRILL 13MM 800W,INDUSTRIAL_TOOL,45.833333333333336
268,CPSE-C,IMPACT WRENCH 1/2 IN 500W,IMPACT WRENCH 1 2IN 500W,CM0096,IMPACT WRENCH 1/2 IN 500W,INDUSTRIAL_TOOL,93.87755102040816
268,CPSE-C,IMPACT WRENCH 1/2 IN 500W,IMPACT WRENCH 1 2IN 500W,CM0097,CUTTING MACHINE 355MM 2000W,INDUSTRIAL_TOOL,43.13725490196079
268,CPSE-C,IMPACT WRENCH 1/2 IN 500W,IMPACT WRENCH 1 2IN 500W,CM0098,WELDING MACHINE 200A,INDUSTRIAL_TOOL,50.0
268,CPSE-C,IMPACT WRENCH 1/2 IN 500W,IMPACT WRENCH 1 2IN 500W,CM0099,TORQUE WRENCH 50-250NM,INDUSTRIAL_TOOL,52.17391304347826
268,CPSE-C,IMPACT WRENCH 1/2 IN 500W,IMPACT WRENCH 1 2IN 500W,CM0100,BENCH GRINDER 200MM 550W,INDUSTRIAL_TOOL,41.666666666666664
269,CPSE-A,CENT PMP 30 M3/H 40M HEAD 7.5KW,CENT PUMP 30 M3 H 40M HEAD 7.5KW,CM0081,CENTRIFUGAL PUMP 20 M3/H 30M HEAD 5.5KW,PUMP,76.05633802816902
269,CPSE-A,CENT PMP 30 M3/H 40M HEAD 7.5KW,CENT PUMP 30 M3 H 40M HEAD 7.5KW,CM0082,CENTRIFUGAL PUMP 30 M3/H 40M HEAD 7.5KW,PUMP,84.50704225352112
269,CPSE-A,CENT PMP 30 M3/H 40M HEAD 7.5KW,CENT PUMP 30 M3 H 40M HEAD 7.5KW,CM0083,CENTRIFUGAL PUMP 50 M3/H 50M HEAD 11KW,PUMP,62.857142857142854
269,CPSE-A,CENT PMP 30 M3/H 40M HEAD 7.5KW,CENT PUMP 30 M3 H 40M HEAD 7.5KW,CM0084,CENTRIFUGAL PUMP 75 M3/H 40M HEAD 15KW,PUMP,71.42857142857143
269,CPSE-A,CENT PMP 30 M3/H 40M HEAD 7.5KW,CENT PUMP 30 M3 H 40M HEAD 7.5KW,CM0085,CENTRIFUGAL PUMP 100 M3/H 50M HEAD 22KW,PUMP,64.7887323943662
269,CPSE-A,CENT PMP 30 M3/H 40M HEAD 7.5KW,CENT PUMP 30 M3 H 40M HEAD 7.5KW,CM0086,CENTRIFUGAL PUMP 120 M3/H 60M HEAD 30KW,PUMP,64.7887323943662
269,CPSE-A,CENT PMP 30 M3/H 40M HEAD 7.5KW,CENT PUMP 30 M3 H 40M HEAD 7.5KW,CM0087,CENTRIFUGAL PUMP 150 M3/H 50M HEAD 37KW,PUMP,64.7887323943662
269,CPSE-A,CENT PMP 30 M3/H 40M HEAD 7.5KW,CENT PUMP 30 M3 H 40M HEAD 7.5KW,CM0088,CENTRIFUGAL PUMP 200 M3/H 60M HEAD 45KW,PUMP,67.6056338028169
269,CPSE-A,CENT PMP 30 M3/H 40M HEAD 7.5KW,CENT PUMP 30 M3 H 40M HEAD 7.5KW,CM0089,CENTRIFUGAL PUMP 250 M3/H 70M HEAD 55KW,PUMP,64.7887323943662
269,CPSE-A,CENT PMP 30 M3/H 40M HEAD 7.5KW,CENT PUMP 30 M3 H 40M HEAD 7.5KW,CM0090,CENTRIFUGAL PUMP 300 M3/H 80M HEAD 75KW,PUMP,73.2394366197183
270,CPSE-A,TAPERED ROLLER BRG 30305,TAPERED ROLLER BEARING 30305,CM0011,DEEP GROOVE BALL BEARING 6205,BEARING,59.64912280701754
270,CPSE-A,TAPERED ROLLER BRG 30305,TAPERED ROLLER BEARING 30305,CM0012,DEEP GROOVE BALL BEARING 6206,BEARING,56.14035087719298
270,CPSE-A,TAPERED ROLLER BRG 30305,TAPERED ROLLER BEARING 30305,CM0013,DEEP GROOVE BALL BEARING 6207,BEARING,56.14035087719298
270,CPSE-A,TAPERED ROLLER BRG 30305,TAPERED ROLLER BEARING 30305,CM0014,DEEP GROOVE BALL BEARING 6305,BEARING,63.1578947368421
270,CPSE-A,TAPERED ROLLER BRG 30305,TAPERED ROLLER BEARING 30305,CM0015,DEEP GROOVE BALL BEARING 6306,BEARING,59.64912280701754
270,CPSE-A,TAPERED ROLLER BRG 30305,TAPERED ROLLER BEARING 30305,CM0016,DEEP GROOVE BALL BEARING 6307,BEARING,59.64912280701754
270,CPSE-A,TAPERED ROLLER BRG 30305,TAPERED ROLLER BEARING 30305,CM0017,TAPERED ROLLER BEARING 30205,BEARING,96.42857142857143
270,CPSE-A,TAPERED ROLLER BRG 30305,TAPERED ROLLER BEARING 30305,CM0018,TAPERED ROLLER BEARING 30206,BEARING,92.85714285714286
270,CPSE-A,TAPERED ROLLER BRG 30305,TAPERED ROLLER BEARING 30305,CM0019,TAPERED ROLLER BEARING 30305,BEARING,100.0
270,CPSE-A,TAPERED ROLLER BRG 30305,TAPERED ROLLER BEARING 30305,CM0020,SPHERICAL ROLLER BEARING 22205,BEARING,72.41379310344828
271,CPSE-C,TR BRG 30205,TR BEARING 30205,CM0011,DEEP GROOVE BALL BEARING 6205,BEARING,60.869565217391305
271,CPSE-C,TR BRG 30205,TR BEARING 30205,CM0012,DEEP GROOVE BALL BEARING 6206,BEARING,60.869565217391305
271,CPSE-C,TR BRG 30205,TR BEARING 30205,CM0013,DEEP GROOVE BALL BEARING 6207,BEARING,60.869565217391305
271,CPSE-C,TR BRG 30205,TR BEARING 30205,CM0014,DEEP GROOVE BALL BEARING 6305,BEARING,60.869565217391305
271,CPSE-C,TR BRG 30205,TR BEARING 30205,CM0015,DEEP GROOVE BALL BEARING 6306,BEARING,60.869565217391305
271,CPSE-C,TR BRG 30205,TR BEARING 30205,CM0016,DEEP GROOVE BALL BEARING 6307,BEARING,60.869565217391305
271,CPSE-C,TR BRG 30205,TR BEARING 30205,CM0017,TAPERED ROLLER BEARING 30205,BEARING,89.65517241379311
271,CPSE-C,TR BRG 30205,TR BEARING 30205,CM0018,TAPERED ROLLER BEARING 30206,BEARING,68.18181818181819
271,CPSE-C,TR BRG 30205,TR BEARING 30205,CM0019,TAPERED ROLLER BEARING 30305,BEARING,68.18181818181819
271,CPSE-C,TR BRG 30205,TR BEARING 30205,CM0020,SPHERICAL ROLLER BEARING 22205,BEARING,60.869565217391305
272,CPSE-A,10 IN GRAPHITE SPIRAL WOUND GKT 150 CLASS,10IN GRAPHITE SPIRAL WOUND GASKET 150 CLASS,CM0051,2 IN SPIRAL WOUND SS GRAPHITE GASKET 150 CLASS,GASKET,93.82716049382717
272,CPSE-A,10 IN GRAPHITE SPIRAL WOUND GKT 150 CLASS,10IN GRAPHITE SPIRAL WOUND GASKET 150 CLASS,CM0052,3 IN SPIRAL WOUND SS GRAPHITE GASKET 150 CLASS,GASKET,93.82716049382717
272,CPSE-A,10 IN GRAPHITE SPIRAL WOUND GKT 150 CLASS,10IN GRAPHITE SPIRAL WOUND GASKET 150 CLASS,CM0053,4 IN SPIRAL WOUND GRAPHITE GASKET 300 CLASS,GASKET,88.37209302325581
272,CPSE-A,10 IN GRAPHITE SPIRAL WOUND GKT 150 CLASS,10IN GRAPHITE SPIRAL WOUND GASKET 150 CLASS,CM0054,6 IN SPIRAL WOUND GRAPHITE GASKET 150 CLASS,GASKET,95.34883720930233
272,CPSE-A,10 IN GRAPHITE SPIRAL WOUND GKT 150 CLASS,10IN GRAPHITE SPIRAL WOUND GASKET 150 CLASS,CM0055,8 IN PTFE FULL FACE GASKET 150 CLASS,GASKET,61.53846153846154
272,CPSE-A,10 IN GRAPHITE SPIRAL WOUND GKT 150 CLASS,10IN GRAPHITE SPIRAL WOUND GASKET 150 CLASS,CM0056,2 IN PTFE FULL FACE GASKET 150 CLASS,GASKET,61.53846153846154
272,CPSE-A,10 IN GRAPHITE SPIRAL WOUND GKT 150 CLASS,10IN GRAPHITE SPIRAL WOUND GASKET 150 CLASS,CM0057,4 IN SS GRAPHITE GASKET 150 CLASS,GASKET,86.20689655172414
272,CPSE-A,10 IN GRAPHITE SPIRAL WOUND GKT 150 CLASS,10IN GRAPHITE SPIRAL WOUND GASKET 150 CLASS,CM0058,6 IN PTFE FULL FACE GASKET 300 CLASS,GASKET,55.69620253164557
272,CPSE-A,10 IN GRAPHITE SPIRAL WOUND GKT 150 CLASS,10IN GRAPHITE SPIRAL WOUND GASKET 150 CLASS,CM0059,10 IN GRAPHITE SPIRAL WOUND GASKET 150 CLASS,GASKET,98.85057471264368
272,CPSE-A,10 IN GRAPHITE SPIRAL WOUND GKT 150 CLASS,10IN GRAPHITE SPIRAL WOUND GASKET 150 CLASS,CM0060,12 IN GRAPHITE SPIRAL WOUND GASKET 300 CLASS,GASKET,89.65517241379311
273,CPSE-A,3C X 4 SQMM PVC CABL 1.1KV,3C X 4 SQMM PVC CABL 1.1KV,CM0061,1C X 2.5 SQMM PVC CABLE 1.1KV,ELECTRICAL_CABLE,87.27272727272728
273,CPSE-A,3C X 4 SQMM PVC CABL 1.1KV,3C X 4 SQMM PVC CABL 1.1KV,CM0062,1C X 4 SQMM PVC CABLE 1.1KV,ELECTRICAL_CABLE,94.33962264150944
273,CPSE-A,3C X 4 SQMM PVC CABL 1.1KV,3C X 4 SQMM PVC CABL 1.1KV,CM0063,3C X 2.5 SQMM PVC CABLE 1.1KV,ELECTRICAL_CABLE,90.9090909090909
273,CPSE-A,3C X 4 SQMM PVC CABL 1.1KV,3C X 4 SQMM PVC CABL 1.1KV,CM0064,3C X 4 SQMM PVC CABLE 1.1KV,ELECTRICAL_CABLE,98.11320754716981
273,CPSE-A,3C X 4 SQMM PVC CABL 1.1KV,3C X 4 SQMM PVC CABL 1.1KV,CM0065,3C X 6 SQMM PVC CABLE 1.1KV,ELECTRICAL_CABLE,94.33962264150944
273,CPSE-A,3C X 4 SQMM PVC CABL 1.1KV,3C X 4 SQMM PVC CABL 1.1KV,CM0066,4C X 10 SQMM PVC CABLE 1.1KV,ELECTRICAL_CABLE,88.88888888888889
273,CPSE-A,3C X 4 SQMM PVC CABL 1.1KV,3C X 4 SQMM PVC CABL 1.1KV,CM0067,4C X 16 SQMM PVC CABLE 1.1KV,ELECTRICAL_CABLE,88.88888888888889
273,CPSE-A,3C X 4 SQMM PVC CABL 1.1KV,3C X 4 SQMM PVC CABL 1.1KV,CM0068,4C X 25 SQMM PVC CABLE 1.1KV,ELECTRICAL_CABLE,88.88888888888889
273,CPSE-A,3C X 4 SQMM PVC CABL 1.1KV,3C X 4 SQMM PVC CABL 1.1KV,CM0069,3C X 35 SQMM PVC CABLE 1.1KV,ELECTRICAL_CABLE,92.5925925925926
273,CPSE-A,3C X 4 SQMM PVC CABL 1.1KV,3C X 4 SQMM PVC CABL 1.1KV,CM0070,4C X 50 SQMM PVC CABLE 1.1KV,ELECTRICAL_CABLE,88.88888888888889
274,CPSE-B,BENCH GRINDER 200MM 550W,BENCH GRINDER 200MM 550W,CM0091,ANGLE GRINDER 100MM 750W,INDUSTRIAL_TOOL,75.0
274,CPSE-B,BENCH GRINDER 200MM 550W,BENCH GRINDER 200MM 550W,CM0092,ANGLE GRINDER 115MM 900W,INDUSTRIAL_TOOL,62.5
274,CPSE-B,BENCH GRINDER 200MM 550W,BENCH GRINDER 200MM 550W,CM0093,ANGLE GRINDER 125MM 1100W,INDUSTRIAL_TOOL,57.142857142857146
274,CPSE-B,BENCH GRINDER 200MM 550W,BENCH GRINDER 200MM 550W,CM0094,ELECTRIC DRILL 10MM 650W,INDUSTRIAL_TOOL,50.0
274,CPSE-B,BENCH GRINDER 200MM 550W,BENCH GRINDER 200MM 550W,CM0095,ELECTRIC DRILL 13MM 800W,INDUSTRIAL_TOOL,41.666666666666664
274,CPSE-B,BENCH GRINDER 200MM 550W,BENCH GRINDER 200MM 550W,CM0096,IMPACT WRENCH 1/2 IN 500W,INDUSTRIAL_TOOL,44.89795918367347
274,CPSE-B,BENCH GRINDER 200MM 550W,BENCH GRINDER 200MM 550W,CM0097,CUTTING MACHINE 355MM 2000W,INDUSTRIAL_TOOL,50.98039215686274
274,CPSE-B,BENCH GRINDER 200MM 550W,BENCH GRINDER 200MM 550W,CM0098,WELDING MACHINE 200A,INDUSTRIAL_TOOL,40.90909090909091
274,CPSE-B,BENCH GRINDER 200MM 550W,BENCH GRINDER 200MM 550W,CM0099,TORQUE WRENCH 50-250NM,INDUSTRIAL_TOOL,39.130434782608695
274,CPSE-B,BENCH GRINDER 200MM 550W,BENCH GRINDER 200MM 550W,CM0100,BENCH GRINDER 200MM 550W,INDUSTRIAL_TOOL,100.0
275,CPSE-B,3CX2.5 SQMM PVC CABLE 1.1KV,3CX2.5 SQMM PVC CABLE 1.1KV,CM0061,1C X 2.5 SQMM PVC CABLE 1.1KV,ELECTRICAL_CABLE,89.28571428571429
275,CPSE-B,3CX2.5 SQMM PVC CABLE 1.1KV,3CX2.5 SQMM PVC CABLE 1.1KV,CM0062,1C X 4 SQMM PVC CABLE 1.1KV,ELECTRICAL_CABLE,85.18518518518519
275,CPSE-B,3CX2.5 SQMM PVC CABLE 1.1KV,3CX2.5 SQMM PVC CABLE 1.1KV,CM0063,3C X 2.5 SQMM PVC CABLE 1.1KV,ELECTRICAL_CABLE,85.71428571428571
275,CPSE-B,3CX2.5 SQMM PVC CABLE 1.1KV,3CX2.5 SQMM PVC CABLE 1.1KV,CM0064,3C X 4 SQMM PVC CABLE 1.1KV,ELECTRICAL_CABLE,88.88888888888889
275,CPSE-B,3CX2.5 SQMM PVC CABLE 1.1KV,3CX2.5 SQMM PVC CABLE 1.1KV,CM0065,3C X 6 SQMM PVC CABLE 1.1KV,ELECTRICAL_CABLE,88.88888888888889
275,CPSE-B,3CX2.5 SQMM PVC CABLE 1.1KV,3CX2.5 SQMM PVC CABLE 1.1KV,CM0066,4C X 10 SQMM PVC CABLE 1.1KV,ELECTRICAL_CABLE,85.1063829787234
275,CPSE-B,3CX2.5 SQMM PVC CABLE 1.1KV,3CX2.5 SQMM PVC CABLE 1.1KV,CM0067,4C X 16 SQMM PVC CABLE 1.1KV,ELECTRICAL_CABLE,85.1063829787234
275,CPSE-B,3CX2.5 SQMM PVC CABLE 1.1KV,3CX2.5 SQMM PVC CABLE 1.1KV,CM0068,4C X 25 SQMM PVC CABLE 1.1KV,ELECTRICAL_CABLE,85.1063829787234
275,CPSE-B,3CX2.5 SQMM PVC CABLE 1.1KV,3CX2.5 SQMM PVC CABLE 1.1KV,CM0069,3C X 35 SQMM PVC CABLE 1.1KV,ELECTRICAL_CABLE,87.27272727272728
275,CPSE-B,3CX2.5 SQMM PVC CABLE 1.1KV,3CX2.5 SQMM PVC CABLE 1.1KV,CM0070,4C X 50 SQMM PVC CABLE 1.1KV,ELECTRICAL_CABLE,85.1063829787234
276,CPSE-B,"4""SS GRAPHITE GASK 150#",4INSS GRAPHITE GASK 150#,CM0051,2 IN SPIRAL WOUND SS GRAPHITE GASKET 150 CLASS,GASKET,57.142857142857146
276,CPSE-B,"4""SS GRAPHITE GASK 150#",4INSS GRAPHITE GASK 150#,CM0052,3 IN SPIRAL WOUND SS GRAPHITE GASKET 150 CLASS,GASKET,57.142857142857146
276,CPSE-B,"4""SS GRAPHITE GASK 150#",4INSS GRAPHITE GASK 150#,CM0053,4 IN SPIRAL WOUND GRAPHITE GASKET 300 CLASS,GASKET,56.71641791044776
276,CPSE-B,"4""SS GRAPHITE GASK 150#",4INSS GRAPHITE GASK 150#,CM0054,6 IN SPIRAL WOUND GRAPHITE GASKET 150 CLASS,GASKET,59.701492537313435
276,CPSE-B,"4""SS GRAPHITE GASK 150#",4INSS GRAPHITE GASK 150#,CM0055,8 IN PTFE FULL FACE GASKET 150 CLASS,GASKET,50.0
276,CPSE-B,"4""SS GRAPHITE GASK 150#",4INSS GRAPHITE GASK 150#,CM0056,2 IN PTFE FULL FACE GASKET 150 CLASS,GASKET,50.0
276,CPSE-B,"4""SS GRAPHITE GASK 150#",4INSS GRAPHITE GASK 150#,CM0057,4 IN SS GRAPHITE GASKET 150 CLASS,GASKET,73.6842105263158
276,CPSE-B,"4""SS GRAPHITE GASK 150#",4INSS GRAPHITE GASK 150#,CM0058,6 IN PTFE FULL FACE GASKET 300 CLASS,GASKET,43.333333333333336
276,CPSE-B,"4""SS GRAPHITE GASK 150#",4INSS GRAPHITE GASK 150#,CM0059,10 IN GRAPHITE SPIRAL WOUND GASKET 150 CLASS,GASKET,58.8235294117647
276,CPSE-B,"4""SS GRAPHITE GASK 150#",4INSS GRAPHITE GASK 150#,CM0060,12 IN GRAPHITE SPIRAL WOUND GASKET 300 CLASS,GASKET,55.88235294117647
277,CPSE-B,SPHERICAL ROLLER BEARING 22205,SPHERICAL ROLLER BEARING 22205,CM0011,DEEP GROOVE BALL BEARING 6205,BEARING,57.6271186440678
277,CPSE-B,SPHERICAL ROLLER BEARING 22205,SPHERICAL ROLLER BEARING 22205,CM0012,DEEP GROOVE BALL BEARING 6206,BEARING,54.23728813559322
277,CPSE-B,SPHERICAL ROLLER BEARING 22205,SPHERICAL ROLLER BEARING 22205,CM0013,DEEP GROOVE BALL BEARING 6207,BEARING,54.23728813559322
277,CPSE-B,SPHERICAL ROLLER BEARING 22205,SPHERICAL ROLLER BEARING 22205,CM0014,DEEP GROOVE BALL BEARING 6305,BEARING,54.23728813559322
277,CPSE-B,SPHERICAL ROLLER BEARING 22205,SPHERICAL ROLLER BEARING 22205,CM0015,DEEP GROOVE BALL BEARING 6306,BEARING,50.847457627118644
277,CPSE-B,SPHERICAL ROLLER BEARING 22205,SPHERICAL ROLLER BEARING 22205,CM0016,DEEP GROOVE BALL BEARING 6307,BEARING,50.847457627118644
277,CPSE-B,SPHERICAL ROLLER BEARING 22205,SPHERICAL ROLLER BEARING 22205,CM0017,TAPERED ROLLER BEARING 30205,BEARING,75.86206896551724
277,CPSE-B,SPHERICAL ROLLER BEARING 22205,SPHERICAL ROLLER BEARING 22205,CM0018,TAPERED ROLLER BEARING 30206,BEARING,72.41379310344828
277,CPSE-B,SPHERICAL ROLLER BEARING 22205,SPHERICAL ROLLER BEARING 22205,CM0019,TAPERED ROLLER BEARING 30305,BEARING,72.41379310344828
277,CPSE-B,SPHERICAL ROLLER BEARING 22205,SPHERICAL ROLLER BEARING 22205,CM0020,SPHERICAL ROLLER BEARING 22205,BEARING,100.0
278,CPSE-A,TAPERED ROLLER BRG 30205,TAPERED ROLLER BEARING 30205,CM0011,DEEP GROOVE BALL BEARING 6205,BEARING,63.1578947368421
278,CPSE-A,TAPERED ROLLER BRG 30205,TAPERED ROLLER BEARING 30205,CM0012,DEEP GROOVE BALL BEARING 6206,BEARING,59.64912280701754
278,CPSE-A,TAPERED ROLLER BRG 30205,TAPERED ROLLER BEARING 30205,CM0013,DEEP GROOVE BALL BEARING 6207,BEARING,59.64912280701754
278,CPSE-A,TAPERED ROLLER BRG 30205,TAPERED ROLLER BEARING 30205,CM0014,DEEP GROOVE BALL BEARING 6305,BEARING,63.1578947368421
278,CPSE-A,TAPERED ROLLER BRG 30205,TAPERED ROLLER BEARING 30205,CM0015,DEEP GROOVE BALL BEARING 6306,BEARING,59.64912280701754
278,CPSE-A,TAPERED ROLLER BRG 30205,TAPERED ROLLER BEARING 30205,CM0016,DEEP GROOVE BALL BEARING 6307,BEARING,59.64912280701754
278,CPSE-A,TAPERED ROLLER BRG 30205,TAPERED ROLLER BEARING 30205,CM0017,TAPERED ROLLER BEARING 30205,BEARING,100.0
278,CPSE-A,TAPERED ROLLER BRG 30205,TAPERED ROLLER BEARING 30205,CM0018,TAPERED ROLLER BEARING 30206,BEARING,96.42857142857143
278,CPSE-A,TAPERED ROLLER BRG 30205,TAPERED ROLLER BEARING 30205,CM0019,TAPERED ROLLER BEARING 30305,BEARING,96.42857142857143
278,CPSE-A,TAPERED ROLLER BRG 30205,TAPERED ROLLER BEARING 30205,CM0020,SPHERICAL ROLLER BEARING 22205,BEARING,75.86206896551724
279,CPSE-B,3 PHASE INDUCTION MOTOR 45KW 415V 50HZ,3 PHASE INDUCTION MOTOR 45KW 415V 50HZ,CM0071,3 PHASE INDUCTION MOTOR 5.5KW 415V 50HZ,MOTOR,96.1038961038961
279,CPSE-B,3 PHASE INDUCTION MOTOR 45KW 415V 50HZ,3 PHASE INDUCTION MOTOR 45KW 415V 50HZ,CM0072,3 PHASE INDUCTION MOTOR 7.5KW 415V 50HZ,MOTOR,96.1038961038961
279,CPSE-B,3 PHASE INDUCTION MOTOR 45KW 415V 50HZ,3 PHASE INDUCTION MOTOR 45KW 415V 50HZ,CM0073,3 PHASE INDUCTION MOTOR 11KW 415V 50HZ,MOTOR,94.73684210526315
279,CPSE-B,3 PHASE INDUCTION MOTOR 45KW 415V 50HZ,3 PHASE INDUCTION MOTOR 45KW 415V 50HZ,CM0074,3 PHASE INDUCTION MOTOR 15KW 415V 50HZ,MOTOR,97.36842105263158
279,CPSE-B,3 PHASE INDUCTION MOTOR 45KW 415V 50HZ,3 PHASE INDUCTION MOTOR 45KW 415V 50HZ,CM0075,3 PHASE INDUCTION MOTOR 18.5KW 415V 50HZ,MOTOR,94.87179487179488
279,CPSE-B,3 PHASE INDUCTION MOTOR 45KW 415V 50HZ,3 PHASE INDUCTION MOTOR 45KW 415V 50HZ,CM0076,3 PHASE INDUCTION MOTOR 22KW 415V 50HZ,MOTOR,94.73684210526315
279,CPSE-B,3 PHASE INDUCTION MOTOR 45KW 415V 50HZ,3 PHASE INDUCTION MOTOR 45KW 415V 50HZ,CM0077,3 PHASE INDUCTION MOTOR 30KW 415V 50HZ,MOTOR,94.73684210526315
279,CPSE-B,3 PHASE INDUCTION MOTOR 45KW 415V 50HZ,3 PHASE INDUCTION MOTOR 45KW 415V 50HZ,CM0078,3 PHASE INDUCTION MOTOR 37KW 415V 50HZ,MOTOR,94.73684210526315
279,CPSE-B,3 PHASE INDUCTION MOTOR 45KW 415V 50HZ,3 PHASE INDUCTION MOTOR 45KW 415V 50HZ,CM0079,3 PHASE INDUCTION MOTOR 45KW 415V 50HZ,MOTOR,100.0
279,CPSE-B,3 PHASE INDUCTION MOTOR 45KW 415V 50HZ,3 PHASE INDUCTION MOTOR 45KW 415V 50HZ,CM0080,3 PHASE INDUCTION MOTOR 55KW 415V 50HZ,MOTOR,97.36842105263158
280,CPSE-A,CENT PMP 100 M3/H 50M HEAD 22KW,CENT PUMP 100 M3 H 50M HEAD 22KW,CM0081,CENTRIFUGAL PUMP 20 M3/H 30M HEAD 5.5KW,PUMP,64.7887323943662
280,CPSE-A,CENT PMP 100 M3/H 50M HEAD 22KW,CENT PUMP 100 M3 H 50M HEAD 22KW,CM0082,CENTRIFUGAL PUMP 30 M3/H 40M HEAD 7.5KW,PUMP,64.7887323943662
280,CPSE-A,CENT PMP 100 M3/H 50M HEAD 22KW,CENT PUMP 100 M3 H 50M HEAD 22KW,CM0083,CENTRIFUGAL PUMP 50 M3/H 50M HEAD 11KW,PUMP,71.42857142857143
280,CPSE-A,CENT PMP 100 M3/H 50M HEAD 22KW,CENT PUMP 100 M3 H 50M HEAD 22KW,CM0084,CENTRIFUGAL PUMP 75 M3/H 40M HEAD 15KW,PUMP,68.57142857142857
280,CPSE-A,CENT PMP 100 M3/H 50M HEAD 22KW,CENT PUMP 100 M3 H 50M HEAD 22KW,CM0085,CENTRIFUGAL PUMP 100 M3/H 50M HEAD 22KW,PUMP,84.50704225352112
280,CPSE-A,CENT PMP 100 M3/H 50M HEAD 22KW,CENT PUMP 100 M3 H 50M HEAD 22KW,CM0086,CENTRIFUGAL PUMP 120 M3/H 60M HEAD 30KW,PUMP,73.2394366197183
280,CPSE-A,CENT PMP 100 M3/H 50M HEAD 22KW,CENT PUMP 100 M3 H 50M HEAD 22KW,CM0087,CENTRIFUGAL PUMP 150 M3/H 50M HEAD 37KW,PUMP,76.05633802816902
280,CPSE-A,CENT PMP 100 M3/H 50M HEAD 22KW,CENT PUMP 100 M3 H 50M HEAD 22KW,CM0088,CENTRIFUGAL PUMP 200 M3/H 60M HEAD 45KW,PUMP,73.2394366197183
280,CPSE-A,CENT PMP 100 M3/H 50M HEAD 22KW,CENT PUMP 100 M3 H 50M HEAD 22KW,CM0089,CENTRIFUGAL PUMP 250 M3/H 70M HEAD 55KW,PUMP,70.4225352112676
280,CPSE-A,CENT PMP 100 M3/H 50M HEAD 22KW,CENT PUMP 100 M3 H 50M HEAD 22KW,CM0090,CENTRIFUGAL PUMP 300 M3/H 80M HEAD 75KW,PUMP,73.2394366197183
281,CPSE-A,M16 X 75 SS304 HEX BOLT,M16X75 SS304 HEX BOLT,CM0001,M10 X 50 SS304 HEX BOLT,FASTENER,81.81818181818181
281,CPSE-A,M16 X 75 SS304 HEX BOLT,M16X75 SS304 HEX BOLT,CM0002,M12 X 50 SS304 HEX BOLT,FASTENER,81.81818181818181
281,CPSE-A,M16 X 75 SS304 HEX BOLT,M16X75 SS304 HEX BOLT,CM0003,M10 X 75 SS316 HEX BOLT,FASTENER,68.18181818181819
281,CPSE-A,M16 X 75 SS304 HEX BOLT,M16X75 SS304 HEX BOLT,CM0004,M16 X 60 CARBON STEEL HEX BOLT,FASTENER,55.172413793103445
281,CPSE-A,M16 X 75 SS304 HEX BOLT,M16X75 SS304 HEX BOLT,CM0005,M20 X 80 GALVANIZED STEEL HEX BOLT,FASTENER,55.172413793103445
281,CPSE-A,M16 X 75 SS304 HEX BOLT,M16X75 SS304 HEX BOLT,CM0006,M8 X 40 CARBON STEEL HEX BOLT,FASTENER,55.172413793103445
281,CPSE-A,M16 X 75 SS304 HEX BOLT,M16X75 SS304 HEX BOLT,CM0007,M12 X 80 SS316 HEX BOLT,FASTENER,68.18181818181819
281,CPSE-A,M16 X 75 SS304 HEX BOLT,M16X75 SS304 HEX BOLT,CM0008,M16 X 75 SS304 HEX BOLT,FASTENER,86.36363636363636
281,CPSE-A,M16 X 75 SS304 HEX BOLT,M16X75 SS304 HEX BOLT,CM0009,M20 X 100 CARBON STEEL HEX BOLT,FASTENER,55.172413793103445
281,CPSE-A,M16 X 75 SS304 HEX BOLT,M16X75 SS304 HEX BOLT,CM0010,M10 X 30 SS304 HEX BOLT,FASTENER,81.81818181818181
282,CPSE-B,"6""SPIRAL WOUND GRAPHITE GASK 150#",6INSPIRAL WOUND GRAPHITE GASK 150#,CM0051,2 IN SPIRAL WOUND SS GRAPHITE GASKET 150 CLASS,GASKET,72.5
282,CPSE-B,"6""SPIRAL WOUND GRAPHITE GASK 150#",6INSPIRAL WOUND GRAPHITE GASK 150#,CM0052,3 IN SPIRAL WOUND SS GRAPHITE GASKET 150 CLASS,GASKET,72.5
282,CPSE-B,"6""SPIRAL WOUND GRAPHITE GASK 150#",6INSPIRAL WOUND GRAPHITE GASK 150#,CM0053,4 IN SPIRAL WOUND GRAPHITE GASKET 300 CLASS,GASKET,64.93506493506493
282,CPSE-B,"6""SPIRAL WOUND GRAPHITE GASK 150#",6INSPIRAL WOUND GRAPHITE GASK 150#,CM0054,6 IN SPIRAL WOUND GRAPHITE GASKET 150 CLASS,GASKET,72.72727272727272
282,CPSE-B,"6""SPIRAL WOUND GRAPHITE GASK 150#",6INSPIRAL WOUND GRAPHITE GASK 150#,CM0055,8 IN PTFE FULL FACE GASKET 150 CLASS,GASKET,45.714285714285715
282,CPSE-B,"6""SPIRAL WOUND GRAPHITE GASK 150#",6INSPIRAL WOUND GRAPHITE GASK 150#,CM0056,2 IN PTFE FULL FACE GASKET 150 CLASS,GASKET,45.714285714285715
282,CPSE-B,"6""SPIRAL WOUND GRAPHITE GASK 150#",6INSPIRAL WOUND GRAPHITE GASK 150#,CM0057,4 IN SS GRAPHITE GASKET 150 CLASS,GASKET,62.6865671641791
282,CPSE-B,"6""SPIRAL WOUND GRAPHITE GASK 150#",6INSPIRAL WOUND GRAPHITE GASK 150#,CM0058,6 IN PTFE FULL FACE GASKET 300 CLASS,GASKET,42.857142857142854
282,CPSE-B,"6""SPIRAL WOUND GRAPHITE GASK 150#",6INSPIRAL WOUND GRAPHITE GASK 150#,CM0059,10 IN GRAPHITE SPIRAL WOUND GASKET 150 CLASS,GASKET,69.23076923076923
282,CPSE-B,"6""SPIRAL WOUND GRAPHITE GASK 150#",6INSPIRAL WOUND GRAPHITE GASK 150#,CM0060,12 IN GRAPHITE SPIRAL WOUND GASKET 300 CLASS,GASKET,66.66666666666666
283,CPSE-A,ANGLE GRINDER 125MM 1100W,ANGLE GRINDER 125MM 1100W,CM0091,ANGLE GRINDER 100MM 750W,INDUSTRIAL_TOOL,77.55102040816327
283,CPSE-A,ANGLE GRINDER 125MM 1100W,ANGLE GRINDER 125MM 1100W,CM0092,ANGLE GRINDER 115MM 900W,INDUSTRIAL_TOOL,77.55102040816327
283,CPSE-A,ANGLE GRINDER 125MM 1100W,ANGLE GRINDER 125MM 1100W,CM0093,ANGLE GRINDER 125MM 1100W,INDUSTRIAL_TOOL,100.0
283,CPSE-A,ANGLE GRINDER 125MM 1100W,ANGLE GRINDER 125MM 1100W,CM0094,ELECTRIC DRILL 10MM 650W,INDUSTRIAL_TOOL,40.816326530612244
283,CPSE-A,ANGLE GRINDER 125MM 1100W,ANGLE GRINDER 125MM 1100W,CM0095,ELECTRIC DRILL 13MM 800W,INDUSTRIAL_TOOL,40.816326530612244
283,CPSE-A,ANGLE GRINDER 125MM 1100W,ANGLE GRINDER 125MM 1100W,CM0096,IMPACT WRENCH 1/2 IN 500W,INDUSTRIAL_TOOL,44.0
283,CPSE-A,ANGLE GRINDER 125MM 1100W,ANGLE GRINDER 125MM 1100W,CM0097,CUTTING MACHINE 355MM 2000W,INDUSTRIAL_TOOL,53.84615384615385
283,CPSE-A,ANGLE GRINDER 125MM 1100W,ANGLE GRINDER 125MM 1100W,CM0098,WELDING MACHINE 200A,INDUSTRIAL_TOOL,44.44444444444444
283,CPSE-A,ANGLE GRINDER 125MM 1100W,ANGLE GRINDER 125MM 1100W,CM0099,TORQUE WRENCH 50-250NM,INDUSTRIAL_TOOL,38.297872340425535
283,CPSE-A,ANGLE GRINDER 125MM 1100W,ANGLE GRINDER 125MM 1100W,CM0100,BENCH GRINDER 200MM 550W,INDUSTRIAL_TOOL,57.142857142857146
284,CPSE-C,3CX4 SQMM PVC CABLE 1.1KV,3CX4 SQMM PVC CABLE 1.1KV,CM0061,1C X 2.5 SQMM PVC CABLE 1.1KV,ELECTRICAL_CABLE,88.88888888888889
284,CPSE-C,3CX4 SQMM PVC CABLE 1.1KV,3CX4 SQMM PVC CABLE 1.1KV,CM0062,1C X 4 SQMM PVC CABLE 1.1KV,ELECTRICAL_CABLE,88.88888888888889
284,CPSE-C,3CX4 SQMM PVC CABLE 1.1KV,3CX4 SQMM PVC CABLE 1.1KV,CM0063,3C X 2.5 SQMM PVC CABLE 1.1KV,ELECTRICAL_CABLE,88.88888888888889
284,CPSE-C,3CX4 SQMM PVC CABLE 1.1KV,3CX4 SQMM PVC CABLE 1.1KV,CM0064,3C X 4 SQMM PVC CABLE 1.1KV,ELECTRICAL_CABLE,92.3076923076923
284,CPSE-C,3CX4 SQMM PVC CABLE 1.1KV,3CX4 SQMM PVC CABLE 1.1KV,CM0065,3C X 6 SQMM PVC CABLE 1.1KV,ELECTRICAL_CABLE,92.3076923076923
284,CPSE-C,3CX4 SQMM PVC CABLE 1.1KV,3CX4 SQMM PVC CABLE 1.1KV,CM0066,4C X 10 SQMM PVC CABLE 1.1KV,ELECTRICAL_CABLE,88.88888888888889
284,CPSE-C,3CX4 SQMM PVC CABLE 1.1KV,3CX4 SQMM PVC CABLE 1.1KV,CM0067,4C X 16 SQMM PVC CABLE 1.1KV,ELECTRICAL_CABLE,88.88888888888889
284,CPSE-C,3CX4 SQMM PVC CABLE 1.1KV,3CX4 SQMM PVC CABLE 1.1KV,CM0068,4C X 25 SQMM PVC CABLE 1.1KV,ELECTRICAL_CABLE,88.88888888888889
284,CPSE-C,3CX4 SQMM PVC CABLE 1.1KV,3CX4 SQMM PVC CABLE 1.1KV,CM0069,3C X 35 SQMM PVC CABLE 1.1KV,ELECTRICAL_CABLE,90.56603773584905
284,CPSE-C,3CX4 SQMM PVC CABLE 1.1KV,3CX4 SQMM PVC CABLE 1.1KV,CM0070,4C X 50 SQMM PVC CABLE 1.1KV,ELECTRICAL_CABLE,88.88888888888889
285,CPSE-C,C/PMP 120 M3/H 60M HEAD 30KW,C PUMP 120 M3 H 60M HEAD 30KW,CM0081,CENTRIFUGAL PUMP 20 M3/H 30M HEAD 5.5KW,PUMP,64.70588235294117
285,CPSE-C,C/PMP 120 M3/H 60M HEAD 30KW,C PUMP 120 M3 H 60M HEAD 30KW,CM0082,CENTRIFUGAL PUMP 30 M3/H 40M HEAD 7.5KW,PUMP,58.8235294117647
285,CPSE-C,C/PMP 120 M3/H 60M HEAD 30KW,C PUMP 120 M3 H 60M HEAD 30KW,CM0083,CENTRIFUGAL PUMP 50 M3/H 50M HEAD 11KW,PUMP,62.6865671641791
285,CPSE-C,C/PMP 120 M3/H 60M HEAD 30KW,C PUMP 120 M3 H 60M HEAD 30KW,CM0084,CENTRIFUGAL PUMP 75 M3/H 40M HEAD 15KW,PUMP,62.6865671641791
285,CPSE-C,C/PMP 120 M3/H 60M HEAD 30KW,C PUMP 120 M3 H 60M HEAD 30KW,CM0085,CENTRIFUGAL PUMP 100 M3/H 50M HEAD 22KW,PUMP,67.64705882352942
285,CPSE-C,C/PMP 120 M3/H 60M HEAD 30KW,C PUMP 120 M3 H 60M HEAD 30KW,CM0086,CENTRIFUGAL PUMP 120 M3/H 60M HEAD 30KW,PUMP,86.27450980392157
285,CPSE-C,C/PMP 120 M3/H 60M HEAD 30KW,C PUMP 120 M3 H 60M HEAD 30KW,CM0087,CENTRIFUGAL PUMP 150 M3/H 50M HEAD 37KW,PUMP,70.58823529411765
285,CPSE-C,C/PMP 120 M3/H 60M HEAD 30KW,C PUMP 120 M3 H 60M HEAD 30KW,CM0088,CENTRIFUGAL PUMP 200 M3/H 60M HEAD 45KW,PUMP,70.58823529411765
285,CPSE-C,C/PMP 120 M3/H 60M HEAD 30KW,C PUMP 120 M3 H 60M HEAD 30KW,CM0089,CENTRIFUGAL PUMP 250 M3/H 70M HEAD 55KW,PUMP,67.64705882352942
285,CPSE-C,C/PMP 120 M3/H 60M HEAD 30KW,C PUMP 120 M3 H 60M HEAD 30KW,CM0090,CENTRIFUGAL PUMP 300 M3/H 80M HEAD 75KW,PUMP,64.70588235294117
286,CPSE-C,6 IN SS316 WN FLG 150 CLASS,6IN SS316 WN FLANGE 150 CLASS,CM0041,2 IN CS WELD NECK FLANGE 150 CLASS,FLANGE,71.11111111111111
286,CPSE-C,6 IN SS316 WN FLG 150 CLASS,6IN SS316 WN FLANGE 150 CLASS,CM0042,2 IN SS304 WELD NECK FLANGE 150 CLASS,FLANGE,75.75757575757575
286,CPSE-C,6 IN SS316 WN FLG 150 CLASS,6IN SS316 WN FLANGE 150 CLASS,CM0043,3 IN CS SLIP ON FLANGE 150 CLASS,FLANGE,71.11111111111111
286,CPSE-C,6 IN SS316 WN FLG 150 CLASS,6IN SS316 WN FLANGE 150 CLASS,CM0044,4 IN SS316 WELD NECK FLANGE 300 CLASS,FLANGE,76.59574468085106
286,CPSE-C,6 IN SS316 WN FLG 150 CLASS,6IN SS316 WN FLANGE 150 CLASS,CM0045,6 IN CS SLIP ON FLANGE 150 CLASS,FLANGE,72.1311475409836
286,CPSE-C,6 IN SS316 WN FLG 150 CLASS,6IN SS316 WN FLANGE 150 CLASS,CM0046,8 IN CS WELD NECK FLANGE 300 CLASS,FLANGE,63.492063492063494
286,CPSE-C,6 IN SS316 WN FLG 150 CLASS,6IN SS316 WN FLANGE 150 CLASS,CM0047,10 IN SS304 SLIP ON FLANGE 150 CLASS,FLANGE,71.11111111111111
286,CPSE-C,6 IN SS316 WN FLG 150 CLASS,6IN SS316 WN FLANGE 150 CLASS,CM0048,12 IN CS WELD NECK FLANGE 150 CLASS,FLANGE,71.11111111111111
286,CPSE-C,6 IN SS316 WN FLG 150 CLASS,6IN SS316 WN FLANGE 150 CLASS,CM0049,4 IN SS304 SLIP ON FLANGE 300 CLASS,FLANGE,65.625
286,CPSE-C,6 IN SS316 WN FLG 150 CLASS,6IN SS316 WN FLANGE 150 CLASS,CM0050,6 IN SS316 WELD NECK FLANGE 150 CLASS,FLANGE,86.27450980392157
287,CPSE-B,"4""SS316 WELD NECK FLG 300#",4INSS316 WELD NECK FLANGE 300#,CM0041,2 IN CS WELD NECK FLANGE 150 CLASS,FLANGE,69.56521739130434
287,CPSE-B,"4""SS316 WELD NECK FLG 300#",4INSS316 WELD NECK FLANGE 300#,CM0042,2 IN SS304 WELD NECK FLANGE 150 CLASS,FLANGE,71.64179104477611
287,CPSE-B,"4""SS316 WELD NECK FLG 300#",4INSS316 WELD NECK FLANGE 300#,CM0043,3 IN CS SLIP ON FLANGE 150 CLASS,FLANGE,48.38709677419355
287,CPSE-B,"4""SS316 WELD NECK FLG 300#",4INSS316 WELD NECK FLANGE 300#,CM0044,4 IN SS316 WELD NECK FLANGE 300 CLASS,FLANGE,86.56716417910448
287,CPSE-B,"4""SS316 WELD NECK FLG 300#",4INSS316 WELD NECK FLANGE 300#,CM0045,6 IN CS SLIP ON FLANGE 150 CLASS,FLANGE,48.38709677419355
287,CPSE-B,"4""SS316 WELD NECK FLG 300#",4INSS316 WELD NECK FLANGE 300#,CM0046,8 IN CS WELD NECK FLANGE 300 CLASS,FLANGE,71.875
287,CPSE-B,"4""SS316 WELD NECK FLG 300#",4INSS316 WELD NECK FLANGE 300#,CM0047,10 IN SS304 SLIP ON FLANGE 150 CLASS,FLANGE,48.484848484848484
287,CPSE-B,"4""SS316 WELD NECK FLG 300#",4INSS316 WELD NECK FLANGE 300#,CM0048,12 IN CS WELD NECK FLANGE 150 CLASS,FLANGE,69.56521739130434
287,CPSE-B,"4""SS316 WELD NECK FLG 300#",4INSS316 WELD NECK FLANGE 300#,CM0049,4 IN SS304 SLIP ON FLANGE 300 CLASS,FLANGE,55.38461538461539
287,CPSE-B,"4""SS316 WELD NECK FLG 300#",4INSS316 WELD NECK FLANGE 300#,CM0050,6 IN SS316 WELD NECK FLANGE 150 CLASS,FLANGE,77.61194029850746
288,CPSE-B,"2""SPIRAL WOUND SS GRAPHITE GASK 150#",2INSPIRAL WOUND SS GRAPHITE GASK 150#,CM0051,2 IN SPIRAL WOUND SS GRAPHITE GASKET 150 CLASS,GASKET,74.6987951807229
288,CPSE-B,"2""SPIRAL WOUND SS GRAPHITE GASK 150#",2INSPIRAL WOUND SS GRAPHITE GASK 150#,CM0052,3 IN SPIRAL WOUND SS GRAPHITE GASKET 150 CLASS,GASKET,72.28915662650603
288,CPSE-B,"2""SPIRAL WOUND SS GRAPHITE GASK 150#",2INSPIRAL WOUND SS GRAPHITE GASK 150#,CM0053,4 IN SPIRAL WOUND GRAPHITE GASKET 300 CLASS,GASKET,62.5
288,CPSE-B,"2""SPIRAL WOUND SS GRAPHITE GASK 150#",2INSPIRAL WOUND SS GRAPHITE GASK 150#,CM0054,6 IN SPIRAL WOUND GRAPHITE GASKET 150 CLASS,GASKET,67.5
288,CPSE-B,"2""SPIRAL WOUND SS GRAPHITE GASK 150#",2INSPIRAL WOUND SS GRAPHITE GASK 150#,CM0055,8 IN PTFE FULL FACE GASKET 150 CLASS,GASKET,43.83561643835616
288,CPSE-B,"2""SPIRAL WOUND SS GRAPHITE GASK 150#",2INSPIRAL WOUND SS GRAPHITE GASK 150#,CM0056,2 IN PTFE FULL FACE GASKET 150 CLASS,GASKET,46.57534246575342
288,CPSE-B,"2""SPIRAL WOUND SS GRAPHITE GASK 150#",2INSPIRAL WOUND SS GRAPHITE GASK 150#,CM0057,4 IN SS GRAPHITE GASKET 150 CLASS,GASKET,68.57142857142857
288,CPSE-B,"2""SPIRAL WOUND SS GRAPHITE GASK 150#",2INSPIRAL WOUND SS GRAPHITE GASK 150#,CM0058,6 IN PTFE FULL FACE GASKET 300 CLASS,GASKET,38.35616438356164
288,CPSE-B,"2""SPIRAL WOUND SS GRAPHITE GASK 150#",2INSPIRAL WOUND SS GRAPHITE GASK 150#,CM0059,10 IN GRAPHITE SPIRAL WOUND GASKET 150 CLASS,GASKET,66.66666666666666
288,CPSE-B,"2""SPIRAL WOUND SS GRAPHITE GASK 150#",2INSPIRAL WOUND SS GRAPHITE GASK 150#,CM0060,12 IN GRAPHITE SPIRAL WOUND GASKET 300 CLASS,GASKET,64.19753086419753
289,CPSE-A,6 IN CS SEAMLESS PIP SCH80,6IN CARBON STEEL SEAMLESS PIP SCH80,CM0031,2 IN CS SEAMLESS PIPE SCH40,PIPE,67.74193548387098
289,CPSE-A,6 IN CS SEAMLESS PIP SCH80,6IN CARBON STEEL SEAMLESS PIP SCH80,CM0032,3 IN CS SEAMLESS PIPE SCH40,PIPE,67.74193548387098
289,CPSE-A,6 IN CS SEAMLESS PIP SCH80,6IN CARBON STEEL SEAMLESS PIP SCH80,CM0033,4 IN SS304 SEAMLESS PIPE SCH40,PIPE,67.6923076923077
289,CPSE-A,6 IN CS SEAMLESS PIP SCH80,6IN CARBON STEEL SEAMLESS PIP SCH80,CM0034,6 IN CS SEAMLESS PIPE SCH80,PIPE,77.41935483870968
289,CPSE-A,6 IN CS SEAMLESS PIP SCH80,6IN CARBON STEEL SEAMLESS PIP SCH80,CM0035,8 IN SS316 SEAMLESS PIPE SCH40,PIPE,67.6923076923077
289,CPSE-A,6 IN CS SEAMLESS PIP SCH80,6IN CARBON STEEL SEAMLESS PIP SCH80,CM0036,2 IN SS304 SEAMLESS PIPE SCH10,PIPE,67.6923076923077
289,CPSE-A,6 IN CS SEAMLESS PIP SCH80,6IN CARBON STEEL SEAMLESS PIP SCH80,CM0037,3 IN SS316 SEAMLESS PIPE SCH40,PIPE,67.6923076923077
289,CPSE-A,6 IN CS SEAMLESS PIP SCH80,6IN CARBON STEEL SEAMLESS PIP SCH80,CM0038,4 IN CS SEAMLESS PIPE SCH80,PIPE,74.19354838709677
289,CPSE-A,6 IN CS SEAMLESS PIP SCH80,6IN CARBON STEEL SEAMLESS PIP SCH80,CM0039,6 IN SS304 SEAMLESS PIPE SCH40,PIPE,70.76923076923077
289,CPSE-A,6 IN CS SEAMLESS PIP SCH80,6IN CARBON STEEL SEAMLESS PIP SCH80,CM0040,8 IN CS SEAMLESS PIPE SCH80,PIPE,74.19354838709677
290,CPSE-A,2 IN CS GLOBE VLV 150 CLASS,2IN CARBON STEEL GLOBE VALVE 150 CLASS,CM0021,2 IN SS304 GATE VALVE 150 CLASS,VALVE,65.21739130434783
290,CPSE-A,2 IN CS GLOBE VLV 150 CLASS,2IN CARBON STEEL GLOBE VALVE 150 CLASS,CM0022,2 IN SS304 GATE VALVE 300 CLASS,VALVE,55.072463768115945
290,CPSE-A,2 IN CS GLOBE VLV 150 CLASS,2IN CARBON STEEL GLOBE VALVE 150 CLASS,CM0023,3 IN CS GATE VALVE 150 CLASS,VALVE,69.76744186046511
290,CPSE-A,2 IN CS GLOBE VLV 150 CLASS,2IN CARBON STEEL GLOBE VALVE 150 CLASS,CM0024,4 IN SS316 BALL VALVE 150 CLASS,VALVE,65.21739130434783
290,CPSE-A,2 IN CS GLOBE VLV 150 CLASS,2IN CARBON STEEL GLOBE VALVE 150 CLASS,CM0025,6 IN CS BUTTERFLY VALVE 150 CLASS,VALVE,62.5
290,CPSE-A,2 IN CS GLOBE VLV 150 CLASS,2IN CARBON STEEL GLOBE VALVE 150 CLASS,CM0026,4 IN SS304 GATE VALVE 150 CLASS,VALVE,65.21739130434783
290,CPSE-A,2 IN CS GLOBE VLV 150 CLASS,2IN CARBON STEEL GLOBE VALVE 150 CLASS,CM0027,6 IN SS316 BALL VALVE 300 CLASS,VALVE,55.072463768115945
290,CPSE-A,2 IN CS GLOBE VLV 150 CLASS,2IN CARBON STEEL GLOBE VALVE 150 CLASS,CM0028,8 IN CS GATE VALVE 300 CLASS,VALVE,60.60606060606061
290,CPSE-A,2 IN CS GLOBE VLV 150 CLASS,2IN CARBON STEEL GLOBE VALVE 150 CLASS,CM0029,10 IN CS BUTTERFLY VALVE 150 CLASS,VALVE,61.224489795918366
290,CPSE-A,2 IN CS GLOBE VLV 150 CLASS,2IN CARBON STEEL GLOBE VALVE 150 CLASS,CM0030,2 IN CS GLOBE VALVE 150 CLASS,VALVE,84.0
291,CPSE-B,3 PHASE INDUCTION MOTOR 7.5KW 415V 50HZ,3 PHASE INDUCTION MOTOR 7.5KW 415V 50HZ,CM0071,3 PHASE INDUCTION MOTOR 5.5KW 415V 50HZ,MOTOR,97.43589743589743
291,CPSE-B,3 PHASE INDUCTION MOTOR 7.5KW 415V 50HZ,3 PHASE INDUCTION MOTOR 7.5KW 415V 50HZ,CM0072,3 PHASE INDUCTION MOTOR 7.5KW 415V 50HZ,MOTOR,100.0
291,CPSE-B,3 PHASE INDUCTION MOTOR 7.5KW 415V 50HZ,3 PHASE INDUCTION MOTOR 7.5KW 415V 50HZ,CM0073,3 PHASE INDUCTION MOTOR 11KW 415V 50HZ,MOTOR,93.50649350649351
291,CPSE-B,3 PHASE INDUCTION MOTOR 7.5KW 415V 50HZ,3 PHASE INDUCTION MOTOR 7.5KW 415V 50HZ,CM0074,3 PHASE INDUCTION MOTOR 15KW 415V 50HZ,MOTOR,96.1038961038961
291,CPSE-B,3 PHASE INDUCTION MOTOR 7.5KW 415V 50HZ,3 PHASE INDUCTION MOTOR 7.5KW 415V 50HZ,CM0075,3 PHASE INDUCTION MOTOR 18.5KW 415V 50HZ,MOTOR,96.20253164556962
291,CPSE-B,3 PHASE INDUCTION MOTOR 7.5KW 415V 50HZ,3 PHASE INDUCTION MOTOR 7.5KW 415V 50HZ,CM0076,3 PHASE INDUCTION MOTOR 22KW 415V 50HZ,MOTOR,93.50649350649351
291,CPSE-B,3 PHASE INDUCTION MOTOR 7.5KW 415V 50HZ,3 PHASE INDUCTION MOTOR 7.5KW 415V 50HZ,CM0077,3 PHASE INDUCTION MOTOR 30KW 415V 50HZ,MOTOR,93.50649350649351
291,CPSE-B,3 PHASE INDUCTION MOTOR 7.5KW 415V 50HZ,3 PHASE INDUCTION MOTOR 7.5KW 415V 50HZ,CM0078,3 PHASE INDUCTION MOTOR 37KW 415V 50HZ,MOTOR,96.1038961038961
291,CPSE-B,3 PHASE INDUCTION MOTOR 7.5KW 415V 50HZ,3 PHASE INDUCTION MOTOR 7.5KW 415V 50HZ,CM0079,3 PHASE INDUCTION MOTOR 45KW 415V 50HZ,MOTOR,96.1038961038961
291,CPSE-B,3 PHASE INDUCTION MOTOR 7.5KW 415V 50HZ,3 PHASE INDUCTION MOTOR 7.5KW 415V 50HZ,CM0080,3 PHASE INDUCTION MOTOR 55KW 415V 50HZ,MOTOR,96.1038961038961
292,CPSE-B,"2""CS WELD NECK FLG 150#",2INCS WELD NECK FLANGE 150#,CM0041,2 IN CS WELD NECK FLANGE 150 CLASS,FLANGE,78.68852459016394
292,CPSE-B,"2""CS WELD NECK FLG 150#",2INCS WELD NECK FLANGE 150#,CM0042,2 IN SS304 WELD NECK FLANGE 150 CLASS,FLANGE,78.125
292,CPSE-B,"2""CS WELD NECK FLG 150#",2INCS WELD NECK FLANGE 150#,CM0043,3 IN CS SLIP ON FLANGE 150 CLASS,FLANGE,57.6271186440678
292,CPSE-B,"2""CS WELD NECK FLG 150#",2INCS WELD NECK FLANGE 150#,CM0044,4 IN SS316 WELD NECK FLANGE 300 CLASS,FLANGE,74.4186046511628
292,CPSE-B,"2""CS WELD NECK FLG 150#",2INCS WELD NECK FLANGE 150#,CM0045,6 IN CS SLIP ON FLANGE 150 CLASS,FLANGE,57.6271186440678
292,CPSE-B,"2""CS WELD NECK FLG 150#",2INCS WELD NECK FLANGE 150#,CM0046,8 IN CS WELD NECK FLANGE 300 CLASS,FLANGE,74.4186046511628
292,CPSE-B,"2""CS WELD NECK FLG 150#",2INCS WELD NECK FLANGE 150#,CM0047,10 IN SS304 SLIP ON FLANGE 150 CLASS,FLANGE,53.96825396825397
292,CPSE-B,"2""CS WELD NECK FLG 150#",2INCS WELD NECK FLANGE 150#,CM0048,12 IN CS WELD NECK FLANGE 150 CLASS,FLANGE,74.4186046511628
292,CPSE-B,"2""CS WELD NECK FLG 150#",2INCS WELD NECK FLANGE 150#,CM0049,4 IN SS304 SLIP ON FLANGE 300 CLASS,FLANGE,48.38709677419355
292,CPSE-B,"2""CS WELD NECK FLG 150#",2INCS WELD NECK FLANGE 150#,CM0050,6 IN SS316 WELD NECK FLANGE 150 CLASS,FLANGE,75.0
293,CPSE-C,BENCH GRINDER 200MM 550W,BENCH GRINDER 200MM 550W,CM0091,ANGLE GRINDER 100MM 750W,INDUSTRIAL_TOOL,75.0
293,CPSE-C,BENCH GRINDER 200MM 550W,BENCH GRINDER 200MM 550W,CM0092,ANGLE GRINDER 115MM 900W,INDUSTRIAL_TOOL,62.5
293,CPSE-C,BENCH GRINDER 200MM 550W,BENCH GRINDER 200MM 550W,CM0093,ANGLE GRINDER 125MM 1100W,INDUSTRIAL_TOOL,57.142857142857146
293,CPSE-C,BENCH GRINDER 200MM 550W,BENCH GRINDER 200MM 550W,CM0094,ELECTRIC DRILL 10MM 650W,INDUSTRIAL_TOOL,50.0
293,CPSE-C,BENCH GRINDER 200MM 550W,BENCH GRINDER 200MM 550W,CM0095,ELECTRIC DRILL 13MM 800W,INDUSTRIAL_TOOL,41.666666666666664
293,CPSE-C,BENCH GRINDER 200MM 550W,BENCH GRINDER 200MM 550W,CM0096,IMPACT WRENCH 1/2 IN 500W,INDUSTRIAL_TOOL,44.89795918367347
293,CPSE-C,BENCH GRINDER 200MM 550W,BENCH GRINDER 200MM 550W,CM0097,CUTTING MACHINE 355MM 2000W,INDUSTRIAL_TOOL,50.98039215686274
293,CPSE-C,BENCH GRINDER 200MM 550W,BENCH GRINDER 200MM 550W,CM0098,WELDING MACHINE 200A,INDUSTRIAL_TOOL,40.90909090909091
293,CPSE-C,BENCH GRINDER 200MM 550W,BENCH GRINDER 200MM 550W,CM0099,TORQUE WRENCH 50-250NM,INDUSTRIAL_TOOL,39.130434782608695
293,CPSE-C,BENCH GRINDER 200MM 550W,BENCH GRINDER 200MM 550W,CM0100,BENCH GRINDER 200MM 550W,INDUSTRIAL_TOOL,100.0
294,CPSE-C,M12X80 SS316 HEX BOLT,M12X80 SS316 HEX BOLT,CM0001,M10 X 50 SS304 HEX BOLT,FASTENER,72.72727272727272
294,CPSE-C,M12X80 SS316 HEX BOLT,M12X80 SS316 HEX BOLT,CM0002,M12 X 50 SS304 HEX BOLT,FASTENER,72.72727272727272
294,CPSE-C,M12X80 SS316 HEX BOLT,M12X80 SS316 HEX BOLT,CM0003,M10 X 75 SS316 HEX BOLT,FASTENER,81.81818181818181
294,CPSE-C,M12X80 SS316 HEX BOLT,M12X80 SS316 HEX BOLT,CM0004,M16 X 60 CARBON STEEL HEX BOLT,FASTENER,55.172413793103445
294,CPSE-C,M12X80 SS316 HEX BOLT,M12X80 SS316 HEX BOLT,CM0005,M20 X 80 GALVANIZED STEEL HEX BOLT,FASTENER,55.172413793103445
294,CPSE-C,M12X80 SS316 HEX BOLT,M12X80 SS316 HEX BOLT,CM0006,M8 X 40 CARBON STEEL HEX BOLT,FASTENER,55.172413793103445
294,CPSE-C,M12X80 SS316 HEX BOLT,M12X80 SS316 HEX BOLT,CM0007,M12 X 80 SS316 HEX BOLT,FASTENER,86.36363636363636
294,CPSE-C,M12X80 SS316 HEX BOLT,M12X80 SS316 HEX BOLT,CM0008,M16 X 75 SS304 HEX BOLT,FASTENER,68.18181818181819
294,CPSE-C,M12X80 SS316 HEX BOLT,M12X80 SS316 HEX BOLT,CM0009,M20 X 100 CARBON STEEL HEX BOLT,FASTENER,55.172413793103445
294,CPSE-C,M12X80 SS316 HEX BOLT,M12X80 SS316 HEX BOLT,CM0010,M10 X 30 SS304 HEX BOLT,FASTENER,72.72727272727272
295,CPSE-C,3CX2.5 SQMM PVC CABLE 1.1KV,3CX2.5 SQMM PVC CABLE 1.1KV,CM0061,1C X 2.5 SQMM PVC CABLE 1.1KV,ELECTRICAL_CABLE,89.28571428571429
295,CPSE-C,3CX2.5 SQMM PVC CABLE 1.1KV,3CX2.5 SQMM PVC CABLE 1.1KV,CM0062,1C X 4 SQMM PVC CABLE 1.1KV,ELECTRICAL_CABLE,85.18518518518519
295,CPSE-C,3CX2.5 SQMM PVC CABLE 1.1KV,3CX2.5 SQMM PVC CABLE 1.1KV,CM0063,3C X 2.5 SQMM PVC CABLE 1.1KV,ELECTRICAL_CABLE,85.71428571428571
295,CPSE-C,3CX2.5 SQMM PVC CABLE 1.1KV,3CX2.5 SQMM PVC CABLE 1.1KV,CM0064,3C X 4 SQMM PVC CABLE 1.1KV,ELECTRICAL_CABLE,88.88888888888889
295,CPSE-C,3CX2.5 SQMM PVC CABLE 1.1KV,3CX2.5 SQMM PVC CABLE 1.1KV,CM0065,3C X 6 SQMM PVC CABLE 1.1KV,ELECTRICAL_CABLE,88.88888888888889
295,CPSE-C,3CX2.5 SQMM PVC CABLE 1.1KV,3CX2.5 SQMM PVC CABLE 1.1KV,CM0066,4C X 10 SQMM PVC CABLE 1.1KV,ELECTRICAL_CABLE,85.1063829787234
295,CPSE-C,3CX2.5 SQMM PVC CABLE 1.1KV,3CX2.5 SQMM PVC CABLE 1.1KV,CM0067,4C X 16 SQMM PVC CABLE 1.1KV,ELECTRICAL_CABLE,85.1063829787234
295,CPSE-C,3CX2.5 SQMM PVC CABLE 1.1KV,3CX2.5 SQMM PVC CABLE 1.1KV,CM0068,4C X 25 SQMM PVC CABLE 1.1KV,ELECTRICAL_CABLE,85.1063829787234
295,CPSE-C,3CX2.5 SQMM PVC CABLE 1.1KV,3CX2.5 SQMM PVC CABLE 1.1KV,CM0069,3C X 35 SQMM PVC CABLE 1.1KV,ELECTRICAL_CABLE,87.27272727272728
295,CPSE-C,3CX2.5 SQMM PVC CABLE 1.1KV,3CX2.5 SQMM PVC CABLE 1.1KV,CM0070,4C X 50 SQMM PVC CABLE 1.1KV,ELECTRICAL_CABLE,85.1063829787234
296,CPSE-C,4 IN SS316 BLV 150 CLASS,4IN SS316 BLV 150 CLASS,CM0021,2 IN SS304 GATE VALVE 150 CLASS,VALVE,59.25925925925926
296,CPSE-C,4 IN SS316 BLV 150 CLASS,4IN SS316 BLV 150 CLASS,CM0022,2 IN SS304 GATE VALVE 300 CLASS,VALVE,51.851851851851855
296,CPSE-C,4 IN SS316 BLV 150 CLASS,4IN SS316 BLV 150 CLASS,CM0023,3 IN CS GATE VALVE 150 CLASS,VALVE,58.8235294117647
296,CPSE-C,4 IN SS316 BLV 150 CLASS,4IN SS316 BLV 150 CLASS,CM0024,4 IN SS316 BALL VALVE 150 CLASS,VALVE,81.48148148148148
296,CPSE-C,4 IN SS316 BLV 150 CLASS,4IN SS316 BLV 150 CLASS,CM0025,6 IN CS BUTTERFLY VALVE 150 CLASS,VALVE,56.25
296,CPSE-C,4 IN SS316 BLV 150 CLASS,4IN SS316 BLV 150 CLASS,CM0026,4 IN SS304 GATE VALVE 150 CLASS,VALVE,62.96296296296296
296,CPSE-C,4 IN SS316 BLV 150 CLASS,4IN SS316 BLV 150 CLASS,CM0027,6 IN SS316 BALL VALVE 300 CLASS,VALVE,70.37037037037037
296,CPSE-C,4 IN SS316 BLV 150 CLASS,4IN SS316 BLV 150 CLASS,CM0028,8 IN CS GATE VALVE 300 CLASS,VALVE,50.98039215686274
296,CPSE-C,4 IN SS316 BLV 150 CLASS,4IN SS316 BLV 150 CLASS,CM0029,10 IN CS BUTTERFLY VALVE 150 CLASS,VALVE,56.25
296,CPSE-C,4 IN SS316 BLV 150 CLASS,4IN SS316 BLV 150 CLASS,CM0030,2 IN CS GLOBE VALVE 150 CLASS,VALVE,57.69230769230769
297,CPSE-B,"2""SS304 SEAMLESS PIPE SCH10",2INSS304 SEAMLESS PIPE SCH10,CM0031,2 IN CS SEAMLESS PIPE SCH40,PIPE,80.0
297,CPSE-B,"2""SS304 SEAMLESS PIPE SCH10",2INSS304 SEAMLESS PIPE SCH10,CM0032,3 IN CS SEAMLESS PIPE SCH40,PIPE,76.36363636363636
297,CPSE-B,"2""SS304 SEAMLESS PIPE SCH10",2INSS304 SEAMLESS PIPE SCH10,CM0033,4 IN SS304 SEAMLESS PIPE SCH40,PIPE,72.41379310344828
297,CPSE-B,"2""SS304 SEAMLESS PIPE SCH10",2INSS304 SEAMLESS PIPE SCH10,CM0034,6 IN CS SEAMLESS PIPE SCH80,PIPE,76.36363636363636
297,CPSE-B,"2""SS304 SEAMLESS PIPE SCH10",2INSS304 SEAMLESS PIPE SCH10,CM0035,8 IN SS316 SEAMLESS PIPE SCH40,PIPE,72.41379310344828
297,CPSE-B,"2""SS304 SEAMLESS PIPE SCH10",2INSS304 SEAMLESS PIPE SCH10,CM0036,2 IN SS304 SEAMLESS PIPE SCH10,PIPE,96.55172413793103
297,CPSE-B,"2""SS304 SEAMLESS PIPE SCH10",2INSS304 SEAMLESS PIPE SCH10,CM0037,3 IN SS316 SEAMLESS PIPE SCH40,PIPE,72.41379310344828
297,CPSE-B,"2""SS304 SEAMLESS PIPE SCH10",2INSS304 SEAMLESS PIPE SCH10,CM0038,4 IN CS SEAMLESS PIPE SCH80,PIPE,76.36363636363636
297,CPSE-B,"2""SS304 SEAMLESS PIPE SCH10",2INSS304 SEAMLESS PIPE SCH10,CM0039,6 IN SS304 SEAMLESS PIPE SCH40,PIPE,72.41379310344828
297,CPSE-B,"2""SS304 SEAMLESS PIPE SCH10",2INSS304 SEAMLESS PIPE SCH10,CM0040,8 IN CS SEAMLESS PIPE SCH80,PIPE,76.36363636363636
298,CPSE-A,ANGLE GRINDER 100MM 750W,ANGLE GRINDER 100MM 750W,CM0091,ANGLE GRINDER 100MM 750W,INDUSTRIAL_TOOL,100.0
298,CPSE-A,ANGLE GRINDER 100MM 750W,ANGLE GRINDER 100MM 750W,CM0092,ANGLE GRINDER 115MM 900W,INDUSTRIAL_TOOL,83.33333333333333
298,CPSE-A,ANGLE GRINDER 100MM 750W,ANGLE GRINDER 100MM 750W,CM0093,ANGLE GRINDER 125MM 1100W,INDUSTRIAL_TOOL,77.55102040816327
298,CPSE-A,ANGLE GRINDER 100MM 750W,ANGLE GRINDER 100MM 750W,CM0094,ELECTRIC DRILL 10MM 650W,INDUSTRIAL_TOOL,54.166666666666664
298,CPSE-A,ANGLE GRINDER 100MM 750W,ANGLE GRINDER 100MM 750W,CM0095,ELECTRIC DRILL 13MM 800W,INDUSTRIAL_TOOL,45.833333333333336
298,CPSE-A,ANGLE GRINDER 100MM 750W,ANGLE GRINDER 100MM 750W,CM0096,IMPACT WRENCH 1/2 IN 500W,INDUSTRIAL_TOOL,44.89795918367347
298,CPSE-A,ANGLE GRINDER 100MM 750W,ANGLE GRINDER 100MM 750W,CM0097,CUTTING MACHINE 355MM 2000W,INDUSTRIAL_TOOL,43.13725490196079
298,CPSE-A,ANGLE GRINDER 100MM 750W,ANGLE GRINDER 100MM 750W,CM0098,WELDING MACHINE 200A,INDUSTRIAL_TOOL,40.90909090909091
298,CPSE-A,ANGLE GRINDER 100MM 750W,ANGLE GRINDER 100MM 750W,CM0099,TORQUE WRENCH 50-250NM,INDUSTRIAL_TOOL,34.78260869565217
298,CPSE-A,ANGLE GRINDER 100MM 750W,ANGLE GRINDER 100MM 750W,CM0100,BENCH GRINDER 200MM 550W,INDUSTRIAL_TOOL,75.0
299,CPSE-A,8 IN SS316 SEAMLESS PIP SCH40,8IN SS316 SEAMLESS PIP SCH40,CM0031,2 IN CS SEAMLESS PIPE SCH40,PIPE,76.36363636363636
299,CPSE-A,8 IN SS316 SEAMLESS PIP SCH40,8IN SS316 SEAMLESS PIP SCH40,CM0032,3 IN CS SEAMLESS PIPE SCH40,PIPE,76.36363636363636
299,CPSE-A,8 IN SS316 SEAMLESS PIP SCH40,8IN SS316 SEAMLESS PIP SCH40,CM0033,4 IN SS304 SEAMLESS PIPE SCH40,PIPE,86.20689655172414
299,CPSE-A,8 IN SS316 SEAMLESS PIP SCH40,8IN SS316 SEAMLESS PIP SCH40,CM0034,6 IN CS SEAMLESS PIPE SCH80,PIPE,72.72727272727272
299,CPSE-A,8 IN SS316 SEAMLESS PIP SCH40,8IN SS316 SEAMLESS PIP SCH40,CM0035,8 IN SS316 SEAMLESS PIPE SCH40,PIPE,96.55172413793103
299,CPSE-A,8 IN SS316 SEAMLESS PIP SCH40,8IN SS316 SEAMLESS PIP SCH40,CM0036,2 IN SS304 SEAMLESS PIPE SCH10,PIPE,82.75862068965517
299,CPSE-A,8 IN SS316 SEAMLESS PIP SCH40,8IN SS316 SEAMLESS PIP SCH40,CM0037,3 IN SS316 SEAMLESS PIPE SCH40,PIPE,93.10344827586206
299,CPSE-A,8 IN SS316 SEAMLESS PIP SCH40,8IN SS316 SEAMLESS PIP SCH40,CM0038,4 IN CS SEAMLESS PIPE SCH80,PIPE,72.72727272727272
299,CPSE-A,8 IN SS316 SEAMLESS PIP SCH40,8IN SS316 SEAMLESS PIP SCH40,CM0039,6 IN SS304 SEAMLESS PIPE SCH40,PIPE,86.20689655172414
299,CPSE-A,8 IN SS316 SEAMLESS PIP SCH40,8IN SS316 SEAMLESS PIP SCH40,CM0040,8 IN CS SEAMLESS PIPE SCH80,PIPE,76.36363636363636
