cpse,record_description,normalized_description,canonical_id,canonical_description,category,description_score,technical_score,category_score,conflict_count,conflicts,confidence_score,decision,candidate_rank
CPSE-C,10 IN CS BFV 150 CLASS,10IN CARBON STEEL BFV 150 CLASS,CM0029,10 IN CS BUTTERFLY VALVE 150 CLASS,VALVE,61.54,100.0,100.0,0,,82.69,REVIEW,1
CPSE-A,10 IN CS BUTTERFLY VLV 150 CLASS,10IN CARBON STEEL BUTTERFLY VALVE 150 CLASS,CM0029,10 IN CS BUTTERFLY VALVE 150 CLASS,VALVE,84.75,100.0,100.0,0,,93.14,MATCH,1
CPSE-A,10 IN GRAPHITE SPIRAL WOUND GKT 150 CLASS,10IN GRAPHITE SPIRAL WOUND GASKET 150 CLASS,CM0059,10 IN GRAPHITE SPIRAL WOUND GASKET 150 CLASS,GASKET,98.85,100.0,100.0,0,,99.48,MATCH,1
CPSE-C,10 IN GRAPHITE SW GASKET 150 CLASS,10IN GRAPHITE SW GASKET 150 CLASS,CM0059,10 IN GRAPHITE SPIRAL WOUND GASKET 150 CLASS,GASKET,86.21,100.0,100.0,0,,93.79,MATCH,1
CPSE-A,10 IN SS304 SLIP ON FLG 150 CLASS,10IN SS304 SLIP ON FLANGE 150 CLASS,CM0047,10 IN SS304 SLIP ON FLANGE 150 CLASS,FLANGE,98.59,100.0,100.0,0,,99.37,MATCH,1
CPSE-C,10 IN SS304 SO FLG 150 CLASS,10IN SS304 SO FLANGE 150 CLASS,CM0047,10 IN SS304 SLIP ON FLANGE 150 CLASS,FLANGE,87.88,100.0,100.0,0,,94.55,MATCH,1
CPSE-B,"10""CS BUTTERFLY VAL 150#",10INCS BUTTERFLY VAL 150#,CM0029,10 IN CS BUTTERFLY VALVE 150 CLASS,VALVE,67.8,0.0,100.0,0,,40.51,NO_MATCH,1
CPSE-B,"10""CS BUTTERFLY VAL 150#",10INCS BUTTERFLY VAL 150#,CM0025,6 IN CS BUTTERFLY VALVE 150 CLASS,VALVE,65.52,0.0,100.0,0,,39.48,NO_MATCH,2
CPSE-B,"10""CS BUTTERFLY VAL 150#",10INCS BUTTERFLY VAL 150#,CM0023,3 IN CS GATE VALVE 150 CLASS,VALVE,45.28,0.0,100.0,0,,30.38,NO_MATCH,3
CPSE-B,"10""CS BUTTERFLY VAL 150#",10INCS BUTTERFLY VAL 150#,CM0030,2 IN CS GLOBE VALVE 150 CLASS,VALVE,44.44,0.0,100.0,0,,30.0,NO_MATCH,4
CPSE-B,"10""CS BUTTERFLY VAL 150#",10INCS BUTTERFLY VAL 150#,CM0028,8 IN CS GATE VALVE 300 CLASS,VALVE,41.51,0.0,100.0,0,,28.68,NO_MATCH,5
CPSE-B,"10""CS BUTTERFLY VAL 150#",10INCS BUTTERFLY VAL 150#,CM0021,2 IN SS304 GATE VALVE 150 CLASS,VALVE,39.29,0.0,100.0,0,,27.68,NO_MATCH,6
CPSE-B,"10""CS BUTTERFLY VAL 150#",10INCS BUTTERFLY VAL 150#,CM0026,4 IN SS304 GATE VALVE 150 CLASS,VALVE,39.29,0.0,100.0,0,,27.68,NO_MATCH,7
CPSE-B,"10""CS BUTTERFLY VAL 150#",10INCS BUTTERFLY VAL 150#,CM0022,2 IN SS304 GATE VALVE 300 CLASS,VALVE,35.71,0.0,100.0,0,,26.07,NO_MATCH,8
CPSE-B,"10""CS BUTTERFLY VAL 150#",10INCS BUTTERFLY VAL 150#,CM0024,4 IN SS316 BALL VALVE 150 CLASS,VALVE,35.71,0.0,100.0,0,,26.07,NO_MATCH,9
CPSE-B,"10""CS BUTTERFLY VAL 150#",10INCS BUTTERFLY VAL 150#,CM0027,6 IN SS316 BALL VALVE 300 CLASS,VALVE,32.14,0.0,100.0,0,,24.46,NO_MATCH,10
CPSE-B,"10""GRAPHITE SPIRAL WOUND GASK 150#",10INGRAPHITE SPIRAL WOUND GASK 150#,CM0051,2 IN SPIRAL WOUND SS GRAPHITE GASKET 150 CLASS,GASKET,64.2,100.0,100.0,0,,83.89,REVIEW,1
CPSE-B,"10""GRAPHITE SPIRAL WOUND GASK 150#",10INGRAPHITE SPIRAL WOUND GASK 150#,CM0052,3 IN SPIRAL WOUND SS GRAPHITE GASKET 150 CLASS,GASKET,64.2,100.0,100.0,0,,83.89,REVIEW,2
CPSE-B,"10""GRAPHITE SPIRAL WOUND GASK 150#",10INGRAPHITE SPIRAL WOUND GASK 150#,CM0054,6 IN SPIRAL WOUND GRAPHITE GASKET 150 CLASS,GASKET,61.54,100.0,100.0,0,,82.69,REVIEW,3
CPSE-B,"10""GRAPHITE SPIRAL WOUND GASK 150#",10INGRAPHITE SPIRAL WOUND GASK 150#,CM0059,10 IN GRAPHITE SPIRAL WOUND GASKET 150 CLASS,GASKET,60.76,100.0,100.0,0,,82.34,REVIEW,4
CPSE-B,"10""GRAPHITE SPIRAL WOUND GASK 150#",10INGRAPHITE SPIRAL WOUND GASK 150#,CM0060,12 IN GRAPHITE SPIRAL WOUND GASKET 300 CLASS,GASKET,60.76,100.0,100.0,0,,82.34,REVIEW,5
CPSE-B,"10""GRAPHITE SPIRAL WOUND GASK 150#",10INGRAPHITE SPIRAL WOUND GASK 150#,CM0053,4 IN SPIRAL WOUND GRAPHITE GASKET 300 CLASS,GASKET,58.97,100.0,100.0,0,,81.54,REVIEW,6
CPSE-B,"10""GRAPHITE SPIRAL WOUND GASK 150#",10INGRAPHITE SPIRAL WOUND GASK 150#,CM0057,4 IN SS GRAPHITE GASKET 150 CLASS,GASKET,41.18,100.0,100.0,0,,73.53,REVIEW,7
CPSE-B,"10""SS304 SLIP ON FLG 150#",10INSS304 SLIP ON FLANGE 150#,CM0047,10 IN SS304 SLIP ON FLANGE 150 CLASS,FLANGE,73.85,100.0,100.0,0,,88.23,MATCH,1
CPSE-B,"10""SS304 SLIP ON FLG 150#",10INSS304 SLIP ON FLANGE 150#,CM0049,4 IN SS304 SLIP ON FLANGE 300 CLASS,FLANGE,71.88,100.0,100.0,0,,87.34,MATCH,2
CPSE-B,"10""SS304 SLIP ON FLG 150#",10INSS304 SLIP ON FLANGE 150#,CM0043,3 IN CS SLIP ON FLANGE 150 CLASS,FLANGE,65.57,100.0,100.0,0,,84.51,REVIEW,3
CPSE-B,"10""SS304 SLIP ON FLG 150#",10INSS304 SLIP ON FLANGE 150#,CM0045,6 IN CS SLIP ON FLANGE 150 CLASS,FLANGE,65.57,100.0,100.0,0,,84.51,REVIEW,4
CPSE-A,12 IN CS WELD NECK FLG 150 CLASS,12IN CARBON STEEL WELD NECK FLANGE 150 CLASS,CM0048,12 IN CS WELD NECK FLANGE 150 CLASS,FLANGE,85.25,100.0,100.0,0,,93.36,MATCH,1
CPSE-C,12 IN CS WN FLG 150 CLASS,12IN CARBON STEEL WN FLANGE 150 CLASS,CM0048,12 IN CS WELD NECK FLANGE 150 CLASS,FLANGE,72.22,100.0,100.0,0,,87.5,MATCH,1
CPSE-A,12 IN GRAPHITE SPIRAL WOUND GKT 300 CLASS,12IN GRAPHITE SPIRAL WOUND GASKET 300 CLASS,CM0060,12 IN GRAPHITE SPIRAL WOUND GASKET 300 CLASS,GASKET,98.85,100.0,100.0,0,,99.48,MATCH,1
CPSE-C,12 IN GRAPHITE SW GASKET 300 CLASS,12IN GRAPHITE SW GASKET 300 CLASS,CM0060,12 IN GRAPHITE SPIRAL WOUND GASKET 300 CLASS,GASKET,86.21,100.0,100.0,0,,93.79,MATCH,1
CPSE-B,"12""CS WELD NECK FLG 150#",12INCS WELD NECK FLANGE 150#,CM0048,12 IN CS WELD NECK FLANGE 150 CLASS,FLANGE,73.02,100.0,100.0,0,,87.86,MATCH,1
CPSE-B,"12""CS WELD NECK FLG 150#",12INCS WELD NECK FLANGE 150#,CM0041,2 IN CS WELD NECK FLANGE 150 CLASS,FLANGE,72.73,100.0,100.0,0,,87.73,MATCH,2
CPSE-B,"12""CS WELD NECK FLG 150#",12INCS WELD NECK FLANGE 150#,CM0042,2 IN SS304 WELD NECK FLANGE 150 CLASS,FLANGE,72.73,100.0,100.0,0,,87.73,MATCH,3
CPSE-B,"12""CS WELD NECK FLG 150#",12INCS WELD NECK FLANGE 150#,CM0044,4 IN SS316 WELD NECK FLANGE 300 CLASS,FLANGE,72.73,100.0,100.0,0,,87.73,MATCH,4
CPSE-B,"12""CS WELD NECK FLG 150#",12INCS WELD NECK FLANGE 150#,CM0046,8 IN CS WELD NECK FLANGE 300 CLASS,FLANGE,72.73,100.0,100.0,0,,87.73,MATCH,5
CPSE-B,"12""CS WELD NECK FLG 150#",12INCS WELD NECK FLANGE 150#,CM0050,6 IN SS316 WELD NECK FLANGE 150 CLASS,FLANGE,72.73,100.0,100.0,0,,87.73,MATCH,6
CPSE-B,"12""GRAPHITE SPIRAL WOUND GASK 300#",12INGRAPHITE SPIRAL WOUND GASK 300#,CM0051,2 IN SPIRAL WOUND SS GRAPHITE GASKET 150 CLASS,GASKET,64.2,100.0,100.0,0,,83.89,REVIEW,1
CPSE-B,"12""GRAPHITE SPIRAL WOUND GASK 300#",12INGRAPHITE SPIRAL WOUND GASK 300#,CM0052,3 IN SPIRAL WOUND SS GRAPHITE GASKET 150 CLASS,GASKET,61.73,100.0,100.0,0,,82.78,REVIEW,2
CPSE-B,"12""GRAPHITE SPIRAL WOUND GASK 300#",12INGRAPHITE SPIRAL WOUND GASK 300#,CM0060,12 IN GRAPHITE SPIRAL WOUND GASKET 300 CLASS,GASKET,60.76,100.0,100.0,0,,82.34,REVIEW,3
CPSE-B,"12""GRAPHITE SPIRAL WOUND GASK 300#",12INGRAPHITE SPIRAL WOUND GASK 300#,CM0054,6 IN SPIRAL WOUND GRAPHITE GASKET 150 CLASS,GASKET,58.97,100.0,100.0,0,,81.54,REVIEW,4
CPSE-B,"12""GRAPHITE SPIRAL WOUND GASK 300#",12INGRAPHITE SPIRAL WOUND GASK 300#,CM0059,10 IN GRAPHITE SPIRAL WOUND GASKET 150 CLASS,GASKET,58.23,100.0,100.0,0,,81.2,REVIEW,5
CPSE-B,"12""GRAPHITE SPIRAL WOUND GASK 300#",12INGRAPHITE SPIRAL WOUND GASK 300#,CM0053,4 IN SPIRAL WOUND GRAPHITE GASKET 300 CLASS,GASKET,56.41,100.0,100.0,0,,80.38,REVIEW,6
CPSE-B,"12""GRAPHITE SPIRAL WOUND GASK 300#",12INGRAPHITE SPIRAL WOUND GASK 300#,CM0057,4 IN SS GRAPHITE GASKET 150 CLASS,GASKET,38.24,100.0,100.0,0,,72.21,REVIEW,7
CPSE-A,1C X 2.5 SQMM PVC CABL 1.1KV,1C X 2.5 SQMM PVC CABL 1.1KV,CM0061,1C X 2.5 SQMM PVC CABLE 1.1KV,ELECTRICAL_CABLE,98.25,100.0,100.0,0,,99.21,MATCH,1
CPSE-A,1C X 4 SQMM PVC CABL 1.1KV,1C X 4 SQMM PVC CABL 1.1KV,CM0062,1C X 4 SQMM PVC CABLE 1.1KV,ELECTRICAL_CABLE,98.11,100.0,100.0,0,,99.15,MATCH,1
CPSE-C,1CX4 SQMM PVC CABLE 1.1KV,1CX4 SQMM PVC CABLE 1.1KV,CM0062,1C X 4 SQMM PVC CABLE 1.1KV,ELECTRICAL_CABLE,92.31,100.0,100.0,0,,96.54,MATCH,1
CPSE-B,1CX4 SQMM PVC CABLE 1.1KV,1CX4 SQMM PVC CABLE 1.1KV,CM0062,1C X 4 SQMM PVC CABLE 1.1KV,ELECTRICAL_CABLE,92.31,100.0,100.0,0,,96.54,MATCH,2
CPSE-C,1CX4 SQMM PVC CABLE 1.1KV,1CX4 SQMM PVC CABLE 1.1KV,CM0066,4C X 10 SQMM PVC CABLE 1.1KV,ELECTRICAL_CABLE,90.57,100.0,100.0,0,,95.75,MATCH,3
CPSE-C,1CX4 SQMM PVC CABLE 1.1KV,1CX4 SQMM PVC CABLE 1.1KV,CM0067,4C X 16 SQMM PVC CABLE 1.1KV,ELECTRICAL_CABLE,90.57,100.0,100.0,0,,95.75,MATCH,4
CPSE-B,1CX4 SQMM PVC CABLE 1.1KV,1CX4 SQMM PVC CABLE 1.1KV,CM0066,4C X 10 SQMM PVC CABLE 1.1KV,ELECTRICAL_CABLE,90.57,100.0,100.0,0,,95.75,MATCH,5
CPSE-B,1CX4 SQMM PVC CABLE 1.1KV,1CX4 SQMM PVC CABLE 1.1KV,CM0067,4C X 16 SQMM PVC CABLE 1.1KV,ELECTRICAL_CABLE,90.57,100.0,100.0,0,,95.75,MATCH,6
CPSE-C,1CX4 SQMM PVC CABLE 1.1KV,1CX4 SQMM PVC CABLE 1.1KV,CM0061,1C X 2.5 SQMM PVC CABLE 1.1KV,ELECTRICAL_CABLE,88.89,100.0,100.0,0,,95.0,MATCH,7
CPSE-C,1CX4 SQMM PVC CABLE 1.1KV,1CX4 SQMM PVC CABLE 1.1KV,CM0063,3C X 2.5 SQMM PVC CABLE 1.1KV,ELECTRICAL_CABLE,88.89,100.0,100.0,0,,95.0,MATCH,8
CPSE-C,1CX4 SQMM PVC CABLE 1.1KV,1CX4 SQMM PVC CABLE 1.1KV,CM0064,3C X 4 SQMM PVC CABLE 1.1KV,ELECTRICAL_CABLE,88.89,100.0,100.0,0,,95.0,MATCH,9
CPSE-C,1CX4 SQMM PVC CABLE 1.1KV,1CX4 SQMM PVC CABLE 1.1KV,CM0065,3C X 6 SQMM PVC CABLE 1.1KV,ELECTRICAL_CABLE,88.89,100.0,100.0,0,,95.0,MATCH,10
CPSE-C,1CX4 SQMM PVC CABLE 1.1KV,1CX4 SQMM PVC CABLE 1.1KV,CM0068,4C X 25 SQMM PVC CABLE 1.1KV,ELECTRICAL_CABLE,88.89,100.0,100.0,0,,95.0,MATCH,11
CPSE-C,1CX4 SQMM PVC CABLE 1.1KV,1CX4 SQMM PVC CABLE 1.1KV,CM0069,3C X 35 SQMM PVC CABLE 1.1KV,ELECTRICAL_CABLE,88.89,100.0,100.0,0,,95.0,MATCH,12
CPSE-C,1CX4 SQMM PVC CABLE 1.1KV,1CX4 SQMM PVC CABLE 1.1KV,CM0070,4C X 50 SQMM PVC CABLE 1.1KV,ELECTRICAL_CABLE,88.89,100.0,100.0,0,,95.0,MATCH,13
CPSE-B,1CX4 SQMM PVC CABLE 1.1KV,1CX4 SQMM PVC CABLE 1.1KV,CM0061,1C X 2.5 SQMM PVC CABLE 1.1KV,ELECTRICAL_CABLE,88.89,100.0,100.0,0,,95.0,MATCH,14
CPSE-B,1CX4 SQMM PVC CABLE 1.1KV,1CX4 SQMM PVC CABLE 1.1KV,CM0063,3C X 2.5 SQMM PVC CABLE 1.1KV,ELECTRICAL_CABLE,88.89,100.0,100.0,0,,95.0,MATCH,15
CPSE-B,1CX4 SQMM PVC CABLE 1.1KV,1CX4 SQMM PVC CABLE 1.1KV,CM0064,3C X 4 SQMM PVC CABLE 1.1KV,ELECTRICAL_CABLE,88.89,100.0,100.0,0,,95.0,MATCH,16
CPSE-B,1CX4 SQMM PVC CABLE 1.1KV,1CX4 SQMM PVC CABLE 1.1KV,CM0065,3C X 6 SQMM PVC CABLE 1.1KV,ELECTRICAL_CABLE,88.89,100.0,100.0,0,,95.0,MATCH,17
CPSE-B,1CX4 SQMM PVC CABLE 1.1KV,1CX4 SQMM PVC CABLE 1.1KV,CM0068,4C X 25 SQMM PVC CABLE 1.1KV,ELECTRICAL_CABLE,88.89,100.0,100.0,0,,95.0,MATCH,18
CPSE-B,1CX4 SQMM PVC CABLE 1.1KV,1CX4 SQMM PVC CABLE 1.1KV,CM0069,3C X 35 SQMM PVC CABLE 1.1KV,ELECTRICAL_CABLE,88.89,100.0,100.0,0,,95.0,MATCH,19
CPSE-B,1CX4 SQMM PVC CABLE 1.1KV,1CX4 SQMM PVC CABLE 1.1KV,CM0070,4C X 50 SQMM PVC CABLE 1.1KV,ELECTRICAL_CABLE,88.89,100.0,100.0,0,,95.0,MATCH,20
CPSE-A,2 IN CS GLOBE VLV 150 CLASS,2IN CARBON STEEL GLOBE VALVE 150 CLASS,CM0030,2 IN CS GLOBE VALVE 150 CLASS,VALVE,84.0,100.0,100.0,0,,92.8,MATCH,1
CPSE-C,2 IN CS GLV 150 CLASS,2IN CARBON STEEL GLV 150 CLASS,CM0030,2 IN CS GLOBE VALVE 150 CLASS,VALVE,64.41,100.0,100.0,0,,83.98,REVIEW,1
CPSE-C,2 IN CS GLV 150 CLASS,2IN CARBON STEEL GLV 150 CLASS,CM0021,2 IN SS304 GATE VALVE 150 CLASS,VALVE,59.02,100.0,100.0,0,,81.56,REVIEW,2
CPSE-A,2 IN CS SEAMLESS PIP SCH40,2IN CARBON STEEL SEAMLESS PIP SCH40,CM0031,2 IN CS SEAMLESS PIPE SCH40,PIPE,77.42,100.0,100.0,0,,89.84,MATCH,1
CPSE-C,2 IN CS SEAMLESS PIPE SCH40,2IN CARBON STEEL SEAMLESS PIPE SCH40,CM0031,2 IN CS SEAMLESS PIPE SCH40,PIPE,82.61,100.0,100.0,0,,92.17,MATCH,1
CPSE-A,2 IN CS WELD NECK FLG 150 CLASS,2IN CARBON STEEL WELD NECK FLANGE 150 CLASS,CM0041,2 IN CS WELD NECK FLANGE 150 CLASS,FLANGE,86.67,100.0,100.0,0,,94.0,MATCH,1
CPSE-A,2 IN CS WELD NECK FLG 150 CLASS,2IN CARBON STEEL WELD NECK FLANGE 150 CLASS,CM0042,2 IN SS304 WELD NECK FLANGE 150 CLASS,FLANGE,82.54,100.0,100.0,0,,92.14,MATCH,2
CPSE-C,2 IN CS WN FLG 150 CLASS,2IN CARBON STEEL WN FLANGE 150 CLASS,CM0041,2 IN CS WELD NECK FLANGE 150 CLASS,FLANGE,71.43,100.0,100.0,0,,87.14,MATCH,1
CPSE-C,2 IN CS WN FLG 150 CLASS,2IN CARBON STEEL WN FLANGE 150 CLASS,CM0042,2 IN SS304 WELD NECK FLANGE 150 CLASS,FLANGE,71.23,100.0,100.0,0,,87.05,MATCH,2
CPSE-C,2 IN PTFE FF GASKET 150 CLASS,2IN PTFE FF GASKET 150 CLASS,CM0056,2 IN PTFE FULL FACE GASKET 150 CLASS,GASKET,85.71,100.0,100.0,0,,93.57,MATCH,1
CPSE-A,2 IN PTFE FULL FACE GKT 150 CLASS,2IN PTFE FULL FACE GASKET 150 CLASS,CM0056,2 IN PTFE FULL FACE GASKET 150 CLASS,GASKET,98.59,100.0,100.0,0,,99.37,MATCH,1
CPSE-A,2 IN SPIRAL WOUND SS GRAPHITE GKT 150 CLASS,2IN SPIRAL WOUND SS GRAPHITE GASKET 150 CLASS,CM0051,2 IN SPIRAL WOUND SS GRAPHITE GASKET 150 CLASS,GASKET,98.9,100.0,100.0,0,,99.51,MATCH,1
CPSE-A,2 IN SS304 GATE VLV 150 CLASS,2IN SS304 GATE VALVE 150 CLASS,CM0021,2 IN SS304 GATE VALVE 150 CLASS,VALVE,98.36,100.0,100.0,0,,99.26,MATCH,1
CPSE-A,2 IN SS304 GATE VLV 300 CLASS,2IN SS304 GATE VALVE 300 CLASS,CM0022,2 IN SS304 GATE VALVE 300 CLASS,VALVE,98.36,100.0,100.0,0,,99.26,MATCH,1
CPSE-C,2 IN SS304 GTV 150 CLASS,2IN SS304 GTV 150 CLASS,CM0021,2 IN SS304 GATE VALVE 150 CLASS,VALVE,78.95,100.0,100.0,0,,90.53,MATCH,1
CPSE-C,2 IN SS304 GTV 150 CLASS,2IN SS304 GTV 150 CLASS,CM0030,2 IN CS GLOBE VALVE 150 CLASS,VALVE,57.69,100.0,100.0,0,,80.96,REVIEW,2
CPSE-C,2 IN SS304 GTV 300 CLASS,2IN SS304 GTV 300 CLASS,CM0022,2 IN SS304 GATE VALVE 300 CLASS,VALVE,78.95,100.0,100.0,0,,90.53,MATCH,1
CPSE-A,2 IN SS304 SEAMLESS PIP SCH10,2IN SS304 SEAMLESS PIP SCH10,CM0036,2 IN SS304 SEAMLESS PIPE SCH10,PIPE,96.55,100.0,100.0,0,,98.45,MATCH,1
CPSE-C,2 IN SS304 SEAMLESS PIPE SCH10,2IN SS304 SEAMLESS PIPE SCH10,CM0036,2 IN SS304 SEAMLESS PIPE SCH10,PIPE,98.31,100.0,100.0,0,,99.24,MATCH,1
CPSE-A,2 IN SS304 WELD NECK FLG 150 CLASS,2IN SS304 WELD NECK FLANGE 150 CLASS,CM0042,2 IN SS304 WELD NECK FLANGE 150 CLASS,FLANGE,98.63,100.0,100.0,0,,99.38,MATCH,1
CPSE-A,2 IN SS304 WELD NECK FLG 150 CLASS,2IN SS304 WELD NECK FLANGE 150 CLASS,CM0041,2 IN CS WELD NECK FLANGE 150 CLASS,FLANGE,86.67,100.0,100.0,0,,94.0,MATCH,2
CPSE-C,2 IN SS304 WN FLG 150 CLASS,2IN SS304 WN FLANGE 150 CLASS,CM0042,2 IN SS304 WELD NECK FLANGE 150 CLASS,FLANGE,86.27,100.0,100.0,0,,93.82,MATCH,1
CPSE-C,2 IN SS304 WN FLG 150 CLASS,2IN SS304 WN FLANGE 150 CLASS,CM0041,2 IN CS WELD NECK FLANGE 150 CLASS,FLANGE,73.02,100.0,100.0,0,,87.86,MATCH,2
CPSE-C,2 IN SW SS GRAPHITE GASKET 150 CLASS,2IN SW SS GRAPHITE GASKET 150 CLASS,CM0051,2 IN SPIRAL WOUND SS GRAPHITE GASKET 150 CLASS,GASKET,88.89,100.0,100.0,0,,95.0,MATCH,1
CPSE-B,"2""CS GLOBE VAL 150#",2INCS GLOBE VAL 150#,CM0030,2 IN CS GLOBE VALVE 150 CLASS,VALVE,69.39,0.0,100.0,0,,41.22,NO_MATCH,1
CPSE-B,"2""CS GLOBE VAL 150#",2INCS GLOBE VAL 150#,CM0021,2 IN SS304 GATE VALVE 150 CLASS,VALVE,54.9,0.0,100.0,0,,34.71,NO_MATCH,2
CPSE-B,"2""CS GLOBE VAL 150#",2INCS GLOBE VAL 150#,CM0023,3 IN CS GATE VALVE 150 CLASS,VALVE,54.17,0.0,100.0,0,,34.38,NO_MATCH,3
CPSE-B,"2""CS GLOBE VAL 150#",2INCS GLOBE VAL 150#,CM0026,4 IN SS304 GATE VALVE 150 CLASS,VALVE,50.98,0.0,100.0,0,,32.94,NO_MATCH,4
CPSE-B,"2""CS GLOBE VAL 150#",2INCS GLOBE VAL 150#,CM0028,8 IN CS GATE VALVE 300 CLASS,VALVE,45.83,0.0,100.0,0,,30.62,NO_MATCH,5
CPSE-B,"2""CS GLOBE VAL 150#",2INCS GLOBE VAL 150#,CM0022,2 IN SS304 GATE VALVE 300 CLASS,VALVE,43.14,0.0,100.0,0,,29.41,NO_MATCH,6
CPSE-B,"2""CS GLOBE VAL 150#",2INCS GLOBE VAL 150#,CM0024,4 IN SS316 BALL VALVE 150 CLASS,VALVE,43.14,0.0,100.0,0,,29.41,NO_MATCH,7
CPSE-B,"2""CS GLOBE VAL 150#",2INCS GLOBE VAL 150#,CM0025,6 IN CS BUTTERFLY VALVE 150 CLASS,VALVE,41.51,0.0,100.0,0,,28.68,NO_MATCH,8
CPSE-B,"2""CS GLOBE VAL 150#",2INCS GLOBE VAL 150#,CM0029,10 IN CS BUTTERFLY VALVE 150 CLASS,VALVE,40.74,0.0,100.0,0,,28.33,NO_MATCH,9
CPSE-B,"2""CS GLOBE VAL 150#",2INCS GLOBE VAL 150#,CM0027,6 IN SS316 BALL VALVE 300 CLASS,VALVE,35.29,0.0,100.0,0,,25.88,NO_MATCH,10
CPSE-B,"2""CS SEAMLESS PIPE SCH40",2INCS SEAMLESS PIPE SCH40,CM0031,2 IN CS SEAMLESS PIPE SCH40,PIPE,88.46,100.0,100.0,0,,94.81,MATCH,1
CPSE-B,"2""CS SEAMLESS PIPE SCH40",2INCS SEAMLESS PIPE SCH40,CM0032,3 IN CS SEAMLESS PIPE SCH40,PIPE,86.36,100.0,100.0,0,,93.86,MATCH,2
CPSE-B,"2""CS SEAMLESS PIPE SCH40",2INCS SEAMLESS PIPE SCH40,CM0033,4 IN SS304 SEAMLESS PIPE SCH40,PIPE,86.36,100.0,100.0,0,,93.86,MATCH,3
CPSE-B,"2""CS SEAMLESS PIPE SCH40",2INCS SEAMLESS PIPE SCH40,CM0035,8 IN SS316 SEAMLESS PIPE SCH40,PIPE,86.36,100.0,100.0,0,,93.86,MATCH,4
CPSE-B,"2""CS SEAMLESS PIPE SCH40",2INCS SEAMLESS PIPE SCH40,CM0037,3 IN SS316 SEAMLESS PIPE SCH40,PIPE,86.36,100.0,100.0,0,,93.86,MATCH,5
CPSE-B,"2""CS SEAMLESS PIPE SCH40",2INCS SEAMLESS PIPE SCH40,CM0039,6 IN SS304 SEAMLESS PIPE SCH40,PIPE,86.36,100.0,100.0,0,,93.86,MATCH,6
CPSE-B,"2""CS WELD NECK FLG 150#",2INCS WELD NECK FLANGE 150#,CM0041,2 IN CS WELD NECK FLANGE 150 CLASS,FLANGE,78.69,100.0,100.0,0,,90.41,MATCH,1
CPSE-B,"2""CS WELD NECK FLG 150#",2INCS WELD NECK FLANGE 150#,CM0042,2 IN SS304 WELD NECK FLANGE 150 CLASS,FLANGE,78.12,100.0,100.0,0,,90.16,MATCH,2
CPSE-B,"2""CS WELD NECK FLG 150#",2INCS WELD NECK FLANGE 150#,CM0050,6 IN SS316 WELD NECK FLANGE 150 CLASS,FLANGE,75.0,100.0,100.0,0,,88.75,MATCH,3
CPSE-B,"2""CS WELD NECK FLG 150#",2INCS WELD NECK FLANGE 150#,CM0044,4 IN SS316 WELD NECK FLANGE 300 CLASS,FLANGE,74.42,100.0,100.0,0,,88.49,MATCH,4
CPSE-B,"2""CS WELD NECK FLG 150#",2INCS WELD NECK FLANGE 150#,CM0046,8 IN CS WELD NECK FLANGE 300 CLASS,FLANGE,74.42,100.0,100.0,0,,88.49,MATCH,5
CPSE-B,"2""CS WELD NECK FLG 150#",2INCS WELD NECK FLANGE 150#,CM0048,12 IN CS WELD NECK FLANGE 150 CLASS,FLANGE,74.42,100.0,100.0,0,,88.49,MATCH,6
CPSE-B,"2""PTFE FULL FACE GASK 150#",2INPTFE FULL FACE GASK 150#,CM0056,2 IN PTFE FULL FACE GASKET 150 CLASS,GASKET,66.67,100.0,100.0,0,,85.0,MATCH,1
CPSE-B,"2""PTFE FULL FACE GASK 150#",2INPTFE FULL FACE GASK 150#,CM0055,8 IN PTFE FULL FACE GASKET 150 CLASS,GASKET,63.49,100.0,100.0,0,,83.57,REVIEW,2
CPSE-B,"2""PTFE FULL FACE GASK 150#",2INPTFE FULL FACE GASK 150#,CM0058,6 IN PTFE FULL FACE GASKET 300 CLASS,GASKET,57.14,100.0,100.0,0,,80.71,REVIEW,3
CPSE-B,"2""SPIRAL WOUND SS GRAPHITE GASK 150#",2INSPIRAL WOUND SS GRAPHITE GASK 150#,CM0051,2 IN SPIRAL WOUND SS GRAPHITE GASKET 150 CLASS,GASKET,74.7,100.0,100.0,0,,88.61,MATCH,1
CPSE-B,"2""SPIRAL WOUND SS GRAPHITE GASK 150#",2INSPIRAL WOUND SS GRAPHITE GASK 150#,CM0052,3 IN SPIRAL WOUND SS GRAPHITE GASKET 150 CLASS,GASKET,72.29,100.0,100.0,0,,87.53,MATCH,2
CPSE-B,"2""SPIRAL WOUND SS GRAPHITE GASK 150#",2INSPIRAL WOUND SS GRAPHITE GASK 150#,CM0057,4 IN SS GRAPHITE GASKET 150 CLASS,GASKET,68.57,100.0,100.0,0,,85.86,MATCH,3
CPSE-B,"2""SPIRAL WOUND SS GRAPHITE GASK 150#",2INSPIRAL WOUND SS GRAPHITE GASK 150#,CM0054,6 IN SPIRAL WOUND GRAPHITE GASKET 150 CLASS,GASKET,67.5,100.0,100.0,0,,85.38,MATCH,4
CPSE-B,"2""SPIRAL WOUND SS GRAPHITE GASK 150#",2INSPIRAL WOUND SS GRAPHITE GASK 150#,CM0059,10 IN GRAPHITE SPIRAL WOUND GASKET 150 CLASS,GASKET,66.67,100.0,100.0,0,,85.0,MATCH,5
CPSE-B,"2""SPIRAL WOUND SS GRAPHITE GASK 150#",2INSPIRAL WOUND SS GRAPHITE GASK 150#,CM0060,12 IN GRAPHITE SPIRAL WOUND GASKET 300 CLASS,GASKET,64.2,100.0,100.0,0,,83.89,REVIEW,6
CPSE-B,"2""SPIRAL WOUND SS GRAPHITE GASK 150#",2INSPIRAL WOUND SS GRAPHITE GASK 150#,CM0053,4 IN SPIRAL WOUND GRAPHITE GASKET 300 CLASS,GASKET,62.5,100.0,100.0,0,,83.12,REVIEW,7
CPSE-B,"2""SS304 GATE VAL 150#",2INSS304 GATE VAL 150#,CM0021,2 IN SS304 GATE VALVE 150 CLASS,VALVE,79.25,0.0,100.0,0,,45.66,NO_MATCH,1
CPSE-B,"2""SS304 GATE VAL 150#",2INSS304 GATE VAL 150#,CM0026,4 IN SS304 GATE VALVE 150 CLASS,VALVE,75.47,0.0,100.0,0,,43.96,NO_MATCH,2
CPSE-B,"2""SS304 GATE VAL 150#",2INSS304 GATE VAL 150#,CM0022,2 IN SS304 GATE VALVE 300 CLASS,VALVE,67.92,0.0,100.0,0,,40.57,NO_MATCH,3
CPSE-B,"2""SS304 GATE VAL 150#",2INSS304 GATE VAL 150#,CM0023,3 IN CS GATE VALVE 150 CLASS,VALVE,60.0,0.0,100.0,0,,37.0,NO_MATCH,4
CPSE-B,"2""SS304 GATE VAL 150#",2INSS304 GATE VAL 150#,CM0030,2 IN CS GLOBE VALVE 150 CLASS,VALVE,54.9,0.0,100.0,0,,34.71,NO_MATCH,5
CPSE-B,"2""SS304 GATE VAL 150#",2INSS304 GATE VAL 150#,CM0028,8 IN CS GATE VALVE 300 CLASS,VALVE,52.0,0.0,100.0,0,,33.4,NO_MATCH,6
CPSE-B,"2""SS304 GATE VAL 150#",2INSS304 GATE VAL 150#,CM0024,4 IN SS316 BALL VALVE 150 CLASS,VALVE,49.06,0.0,100.0,0,,32.08,NO_MATCH,7
CPSE-B,"2""SS304 GATE VAL 150#",2INSS304 GATE VAL 150#,CM0027,6 IN SS316 BALL VALVE 300 CLASS,VALVE,41.51,0.0,100.0,0,,28.68,NO_MATCH,8
CPSE-B,"2""SS304 GATE VAL 150#",2INSS304 GATE VAL 150#,CM0025,6 IN CS BUTTERFLY VALVE 150 CLASS,VALVE,40.0,0.0,100.0,0,,28.0,NO_MATCH,9
CPSE-B,"2""SS304 GATE VAL 150#",2INSS304 GATE VAL 150#,CM0029,10 IN CS BUTTERFLY VALVE 150 CLASS,VALVE,39.29,0.0,100.0,0,,27.68,NO_MATCH,10
CPSE-B,"2""SS304 GATE VAL 300#",2INSS304 GATE VAL 300#,CM0021,2 IN SS304 GATE VALVE 150 CLASS,VALVE,64.15,0.0,100.0,0,,38.87,NO_MATCH,1
CPSE-B,"2""SS304 GATE VAL 300#",2INSS304 GATE VAL 300#,CM0022,2 IN SS304 GATE VALVE 300 CLASS,VALVE,64.15,0.0,100.0,0,,38.87,NO_MATCH,2
CPSE-B,"2""SS304 GATE VAL 300#",2INSS304 GATE VAL 300#,CM0026,4 IN SS304 GATE VALVE 150 CLASS,VALVE,60.38,0.0,100.0,0,,37.17,NO_MATCH,3
CPSE-B,"2""SS304 GATE VAL 300#",2INSS304 GATE VAL 300#,CM0023,3 IN CS GATE VALVE 150 CLASS,VALVE,48.0,0.0,100.0,0,,31.6,NO_MATCH,4
CPSE-B,"2""SS304 GATE VAL 300#",2INSS304 GATE VAL 300#,CM0028,8 IN CS GATE VALVE 300 CLASS,VALVE,48.0,0.0,100.0,0,,31.6,NO_MATCH,5
CPSE-B,"2""SS304 GATE VAL 300#",2INSS304 GATE VAL 300#,CM0030,2 IN CS GLOBE VALVE 150 CLASS,VALVE,43.14,0.0,100.0,0,,29.41,NO_MATCH,6
CPSE-B,"2""SS304 GATE VAL 300#",2INSS304 GATE VAL 300#,CM0029,10 IN CS BUTTERFLY VALVE 150 CLASS,VALVE,35.71,0.0,100.0,0,,26.07,NO_MATCH,7
CPSE-B,"2""SS304 GATE VAL 300#",2INSS304 GATE VAL 300#,CM0024,4 IN SS316 BALL VALVE 150 CLASS,VALVE,33.96,0.0,100.0,0,,25.28,NO_MATCH,8
CPSE-B,"2""SS304 GATE VAL 300#",2INSS304 GATE VAL 300#,CM0027,6 IN SS316 BALL VALVE 300 CLASS,VALVE,33.96,0.0,100.0,0,,25.28,NO_MATCH,9
CPSE-B,"2""SS304 GATE VAL 300#",2INSS304 GATE VAL 300#,CM0025,6 IN CS BUTTERFLY VALVE 150 CLASS,VALVE,32.73,0.0,100.0,0,,24.73,NO_MATCH,10
CPSE-B,"2""SS304 SEAMLESS PIPE SCH10",2INSS304 SEAMLESS PIPE SCH10,CM0036,2 IN SS304 SEAMLESS PIPE SCH10,PIPE,96.55,100.0,100.0,0,,98.45,MATCH,1
CPSE-B,"2""SS304 WELD NECK FLG 150#",2INSS304 WELD NECK FLANGE 150#,CM0042,2 IN SS304 WELD NECK FLANGE 150 CLASS,FLANGE,86.57,100.0,100.0,0,,93.96,MATCH,1
CPSE-B,"2""SS304 WELD NECK FLG 150#",2INSS304 WELD NECK FLANGE 150#,CM0050,6 IN SS316 WELD NECK FLANGE 150 CLASS,FLANGE,77.61,100.0,100.0,0,,89.93,MATCH,2
CPSE-B,"2""SS304 WELD NECK FLG 150#",2INSS304 WELD NECK FLANGE 150#,CM0041,2 IN CS WELD NECK FLANGE 150 CLASS,FLANGE,75.0,100.0,100.0,0,,88.75,MATCH,3
CPSE-B,"2""SS304 WELD NECK FLG 150#",2INSS304 WELD NECK FLANGE 150#,CM0044,4 IN SS316 WELD NECK FLANGE 300 CLASS,FLANGE,71.64,100.0,100.0,0,,87.24,MATCH,4
CPSE-B,"2""SS304 WELD NECK FLG 150#",2INSS304 WELD NECK FLANGE 150#,CM0048,12 IN CS WELD NECK FLANGE 150 CLASS,FLANGE,70.77,100.0,100.0,0,,86.85,MATCH,5
CPSE-B,"2""SS304 WELD NECK FLG 150#",2INSS304 WELD NECK FLANGE 150#,CM0046,8 IN CS WELD NECK FLANGE 300 CLASS,FLANGE,69.57,100.0,100.0,0,,86.3,MATCH,6
CPSE-A,3 IN CS GATE VLV 150 CLASS,3IN CARBON STEEL GATE VALVE 150 CLASS,CM0023,3 IN CS GATE VALVE 150 CLASS,VALVE,83.33,100.0,100.0,0,,92.5,MATCH,1
CPSE-C,3 IN CS GTV 150 CLASS,3IN CARBON STEEL GTV 150 CLASS,CM0023,3 IN CS GATE VALVE 150 CLASS,VALVE,62.07,100.0,100.0,0,,82.93,REVIEW,1
CPSE-A,3 IN CS SEAMLESS PIP SCH40,3IN CARBON STEEL SEAMLESS PIP SCH40,CM0032,3 IN CS SEAMLESS PIPE SCH40,PIPE,77.42,100.0,100.0,0,,89.84,MATCH,1
CPSE-A,3 IN CS SEAMLESS PIP SCH40,3IN CARBON STEEL SEAMLESS PIP SCH40,CM0037,3 IN SS316 SEAMLESS PIPE SCH40,PIPE,73.85,100.0,100.0,0,,88.23,MATCH,2
CPSE-C,3 IN CS SEAMLESS PIPE SCH40,3IN CARBON STEEL SEAMLESS PIPE SCH40,CM0032,3 IN CS SEAMLESS PIPE SCH40,PIPE,82.61,100.0,100.0,0,,92.17,MATCH,1
CPSE-C,3 IN CS SEAMLESS PIPE SCH40,3IN CARBON STEEL SEAMLESS PIPE SCH40,CM0037,3 IN SS316 SEAMLESS PIPE SCH40,PIPE,77.55,100.0,100.0,0,,89.9,MATCH,2
CPSE-A,3 IN CS SLIP ON FLG 150 CLASS,3IN CARBON STEEL SLIP ON FLANGE 150 CLASS,CM0043,3 IN CS SLIP ON FLANGE 150 CLASS,FLANGE,85.71,100.0,100.0,0,,93.57,MATCH,1
CPSE-C,3 IN CS SO FLG 150 CLASS,3IN CARBON STEEL SO FLANGE 150 CLASS,CM0043,3 IN CS SLIP ON FLANGE 150 CLASS,FLANGE,76.47,100.0,100.0,0,,89.41,MATCH,1
CPSE-A,3 IN SPIRAL WOUND SS GRAPHITE GKT 150 CLASS,3IN SPIRAL WOUND SS GRAPHITE GASKET 150 CLASS,CM0052,3 IN SPIRAL WOUND SS GRAPHITE GASKET 150 CLASS,GASKET,98.9,100.0,100.0,0,,99.51,MATCH,1
CPSE-A,3 IN SS316 SEAMLESS PIP SCH40,3IN SS316 SEAMLESS PIP SCH40,CM0037,3 IN SS316 SEAMLESS PIPE SCH40,PIPE,96.55,100.0,100.0,0,,98.45,MATCH,1
CPSE-A,3 IN SS316 SEAMLESS PIP SCH40,3IN SS316 SEAMLESS PIP SCH40,CM0032,3 IN CS SEAMLESS PIPE SCH40,PIPE,80.0,100.0,100.0,0,,91.0,MATCH,2
CPSE-C,3 IN SS316 SEAMLESS PIPE SCH40,3IN SS316 SEAMLESS PIPE SCH40,CM0037,3 IN SS316 SEAMLESS PIPE SCH40,PIPE,98.31,100.0,100.0,0,,99.24,MATCH,1
CPSE-C,3 IN SS316 SEAMLESS PIPE SCH40,3IN SS316 SEAMLESS PIPE SCH40,CM0032,3 IN CS SEAMLESS PIPE SCH40,PIPE,82.61,100.0,100.0,0,,92.17,MATCH,2
CPSE-C,3 IN SW SS GRAPHITE GASKET 150 CLASS,3IN SW SS GRAPHITE GASKET 150 CLASS,CM0052,3 IN SPIRAL WOUND SS GRAPHITE GASKET 150 CLASS,GASKET,88.89,100.0,100.0,0,,95.0,MATCH,1
CPSE-C,3 PHASE IND MTR 11KW 415V 50HZ,3 PHASE IND MOTOR 11KW 415V 50HZ,CM0073,3 PHASE INDUCTION MOTOR 11KW 415V 50HZ,MOTOR,93.33,100.0,100.0,0,,97.0,MATCH,1
CPSE-C,3 PHASE IND MTR 15KW 415V 50HZ,3 PHASE IND MOTOR 15KW 415V 50HZ,CM0074,3 PHASE INDUCTION MOTOR 15KW 415V 50HZ,MOTOR,93.33,100.0,100.0,0,,97.0,MATCH,1
CPSE-C,3 PHASE IND MTR 18.5KW 415V 50HZ,3 PHASE IND MOTOR 18.5KW 415V 50HZ,CM0075,3 PHASE INDUCTION MOTOR 18.5KW 415V 50HZ,MOTOR,93.75,100.0,100.0,0,,97.19,MATCH,1
CPSE-C,3 PHASE IND MTR 22KW 415V 50HZ,3 PHASE IND MOTOR 22KW 415V 50HZ,CM0076,3 PHASE INDUCTION MOTOR 22KW 415V 50HZ,MOTOR,93.33,100.0,100.0,0,,97.0,MATCH,1
CPSE-C,3 PHASE IND MTR 30KW 415V 50HZ,3 PHASE IND MOTOR 30KW 415V 50HZ,CM0077,3 PHASE INDUCTION MOTOR 30KW 415V 50HZ,MOTOR,93.33,100.0,100.0,0,,97.0,MATCH,1
CPSE-C,3 PHASE IND MTR 37KW 415V 50HZ,3 PHASE IND MOTOR 37KW 415V 50HZ,CM0078,3 PHASE INDUCTION MOTOR 37KW 415V 50HZ,MOTOR,93.33,100.0,100.0,0,,97.0,MATCH,1
CPSE-C,3 PHASE IND MTR 45KW 415V 50HZ,3 PHASE IND MOTOR 45KW 415V 50HZ,CM0079,3 PHASE INDUCTION MOTOR 45KW 415V 50HZ,MOTOR,93.33,100.0,100.0,0,,97.0,MATCH,1
CPSE-C,3 PHASE IND MTR 5.5KW 415V 50HZ,3 PHASE IND MOTOR 5.5KW 415V 50HZ,CM0071,3 PHASE INDUCTION MOTOR 5.5KW 415V 50HZ,MOTOR,93.55,100.0,100.0,0,,97.1,MATCH,1
CPSE-C,3 PHASE IND MTR 55KW 415V 50HZ,3 PHASE IND MOTOR 55KW 415V 50HZ,CM0080,3 PHASE INDUCTION MOTOR 55KW 415V 50HZ,MOTOR,93.33,100.0,100.0,0,,97.0,MATCH,1
CPSE-C,3 PHASE IND MTR 7.5KW 415V 50HZ,3 PHASE IND MOTOR 7.5KW 415V 50HZ,CM0072,3 PHASE INDUCTION MOTOR 7.5KW 415V 50HZ,MOTOR,93.55,100.0,100.0,0,,97.1,MATCH,1
CPSE-B,3 PHASE INDUCTION MOTOR 11KW 415V 50HZ,3 PHASE INDUCTION MOTOR 11KW 415V 50HZ,CM0073,3 PHASE INDUCTION MOTOR 11KW 415V 50HZ,MOTOR,100.0,100.0,100.0,0,,100.0,MATCH,1
CPSE-B,3 PHASE INDUCTION MOTOR 15KW 415V 50HZ,3 PHASE INDUCTION MOTOR 15KW 415V 50HZ,CM0074,3 PHASE INDUCTION MOTOR 15KW 415V 50HZ,MOTOR,100.0,100.0,100.0,0,,100.0,MATCH,1
CPSE-B,3 PHASE INDUCTION MOTOR 18.5KW 415V 50HZ,3 PHASE INDUCTION MOTOR 18.5KW 415V 50HZ,CM0075,3 PHASE INDUCTION MOTOR 18.5KW 415V 50HZ,MOTOR,100.0,100.0,100.0,0,,100.0,MATCH,1
CPSE-B,3 PHASE INDUCTION MOTOR 22KW 415V 50HZ,3 PHASE INDUCTION MOTOR 22KW 415V 50HZ,CM0076,3 PHASE INDUCTION MOTOR 22KW 415V 50HZ,MOTOR,100.0,100.0,100.0,0,,100.0,MATCH,1
CPSE-B,3 PHASE INDUCTION MOTOR 30KW 415V 50HZ,3 PHASE INDUCTION MOTOR 30KW 415V 50HZ,CM0077,3 PHASE INDUCTION MOTOR 30KW 415V 50HZ,MOTOR,100.0,100.0,100.0,0,,100.0,MATCH,1
CPSE-B,3 PHASE INDUCTION MOTOR 37KW 415V 50HZ,3 PHASE INDUCTION MOTOR 37KW 415V 50HZ,CM0078,3 PHASE INDUCTION MOTOR 37KW 415V 50HZ,MOTOR,100.0,100.0,100.0,0,,100.0,MATCH,1
CPSE-B,3 PHASE INDUCTION MOTOR 45KW 415V 50HZ,3 PHASE INDUCTION MOTOR 45KW 415V 50HZ,CM0079,3 PHASE INDUCTION MOTOR 45KW 415V 50HZ,MOTOR,100.0,100.0,100.0,0,,100.0,MATCH,1
CPSE-B,3 PHASE INDUCTION MOTOR 5.5KW 415V 50HZ,3 PHASE INDUCTION MOTOR 5.5KW 415V 50HZ,CM0071,3 PHASE INDUCTION MOTOR 5.5KW 415V 50HZ,MOTOR,100.0,100.0,100.0,0,,100.0,MATCH,1
CPSE-B,3 PHASE INDUCTION MOTOR 55KW 415V 50HZ,3 PHASE INDUCTION MOTOR 55KW 415V 50HZ,CM0080,3 PHASE INDUCTION MOTOR 55KW 415V 50HZ,MOTOR,100.0,100.0,100.0,0,,100.0,MATCH,1
CPSE-B,3 PHASE INDUCTION MOTOR 7.5KW 415V 50HZ,3 PHASE INDUCTION MOTOR 7.5KW 415V 50HZ,CM0072,3 PHASE INDUCTION MOTOR 7.5KW 415V 50HZ,MOTOR,100.0,100.0,100.0,0,,100.0,MATCH,1
CPSE-A,3 PHASE INDUCTION MTR 11KW 415V 50HZ,3 PHASE INDUCTION MOTOR 11KW 415V 50HZ,CM0073,3 PHASE INDUCTION MOTOR 11KW 415V 50HZ,MOTOR,100.0,100.0,100.0,0,,100.0,MATCH,1
CPSE-A,3 PHASE INDUCTION MTR 15KW 415V 50HZ,3 PHASE INDUCTION MOTOR 15KW 415V 50HZ,CM0074,3 PHASE INDUCTION MOTOR 15KW 415V 50HZ,MOTOR,100.0,100.0,100.0,0,,100.0,MATCH,1
CPSE-A,3 PHASE INDUCTION MTR 18.5KW 415V 50HZ,3 PHASE INDUCTION MOTOR 18.5KW 415V 50HZ,CM0075,3 PHASE INDUCTION MOTOR 18.5KW 415V 50HZ,MOTOR,100.0,100.0,100.0,0,,100.0,MATCH,1
CPSE-A,3 PHASE INDUCTION MTR 22KW 415V 50HZ,3 PHASE INDUCTION MOTOR 22KW 415V 50HZ,CM0076,3 PHASE INDUCTION MOTOR 22KW 415V 50HZ,MOTOR,100.0,100.0,100.0,0,,100.0,MATCH,1
CPSE-A,3 PHASE INDUCTION MTR 30KW 415V 50HZ,3 PHASE INDUCTION MOTOR 30KW 415V 50HZ,CM0077,3 PHASE INDUCTION MOTOR 30KW 415V 50HZ,MOTOR,100.0,100.0,100.0,0,,100.0,MATCH,1
CPSE-A,3 PHASE INDUCTION MTR 37KW 415V 50HZ,3 PHASE INDUCTION MOTOR 37KW 415V 50HZ,CM0078,3 PHASE INDUCTION MOTOR 37KW 415V 50HZ,MOTOR,100.0,100.0,100.0,0,,100.0,MATCH,1
CPSE-A,3 PHASE INDUCTION MTR 45KW 415V 50HZ,3 PHASE INDUCTION MOTOR 45KW 415V 50HZ,CM0079,3 PHASE INDUCTION MOTOR 45KW 415V 50HZ,MOTOR,100.0,100.0,100.0,0,,100.0,MATCH,1
CPSE-A,3 PHASE INDUCTION MTR 5.5KW 415V 50HZ,3 PHASE INDUCTION MOTOR 5.5KW 415V 50HZ,CM0071,3 PHASE INDUCTION MOTOR 5.5KW 415V 50HZ,MOTOR,100.0,100.0,100.0,0,,100.0,MATCH,1
CPSE-A,3 PHASE INDUCTION MTR 55KW 415V 50HZ,3 PHASE INDUCTION MOTOR 55KW 415V 50HZ,CM0080,3 PHASE INDUCTION MOTOR 55KW 415V 50HZ,MOTOR,100.0,100.0,100.0,0,,100.0,MATCH,1
CPSE-A,3 PHASE INDUCTION MTR 7.5KW 415V 50HZ,3 PHASE INDUCTION MOTOR 7.5KW 415V 50HZ,CM0072,3 PHASE INDUCTION MOTOR 7.5KW 415V 50HZ,MOTOR,100.0,100.0,100.0,0,,100.0,MATCH,1
CPSE-B,"3""CS GATE VAL 150#",3INCS GATE VAL 150#,CM0023,3 IN CS GATE VALVE 150 CLASS,VALVE,68.09,0.0,100.0,0,,40.64,NO_MATCH,1
CPSE-B,"3""CS GATE VAL 150#",3INCS GATE VAL 150#,CM0021,2 IN SS304 GATE VALVE 150 CLASS,VALVE,64.0,0.0,100.0,0,,38.8,NO_MATCH,2
CPSE-B,"3""CS GATE VAL 150#",3INCS GATE VAL 150#,CM0026,4 IN SS304 GATE VALVE 150 CLASS,VALVE,64.0,0.0,100.0,0,,38.8,NO_MATCH,3
CPSE-B,"3""CS GATE VAL 150#",3INCS GATE VAL 150#,CM0022,2 IN SS304 GATE VALVE 300 CLASS,VALVE,56.0,0.0,100.0,0,,35.2,NO_MATCH,4
CPSE-B,"3""CS GATE VAL 150#",3INCS GATE VAL 150#,CM0028,8 IN CS GATE VALVE 300 CLASS,VALVE,55.32,0.0,100.0,0,,34.89,NO_MATCH,5
CPSE-B,"3""CS GATE VAL 150#",3INCS GATE VAL 150#,CM0030,2 IN CS GLOBE VALVE 150 CLASS,VALVE,54.17,0.0,100.0,0,,34.38,NO_MATCH,6
CPSE-B,"3""CS GATE VAL 150#",3INCS GATE VAL 150#,CM0024,4 IN SS316 BALL VALVE 150 CLASS,VALVE,44.0,0.0,100.0,0,,29.8,NO_MATCH,7
CPSE-B,"3""CS GATE VAL 150#",3INCS GATE VAL 150#,CM0025,6 IN CS BUTTERFLY VALVE 150 CLASS,VALVE,42.31,0.0,100.0,0,,29.04,NO_MATCH,8
CPSE-B,"3""CS GATE VAL 150#",3INCS GATE VAL 150#,CM0029,10 IN CS BUTTERFLY VALVE 150 CLASS,VALVE,41.51,0.0,100.0,0,,28.68,NO_MATCH,9
CPSE-B,"3""CS GATE VAL 150#",3INCS GATE VAL 150#,CM0027,6 IN SS316 BALL VALVE 300 CLASS,VALVE,36.0,0.0,100.0,0,,26.2,NO_MATCH,10
CPSE-B,"3""CS SEAMLESS PIPE SCH40",3INCS SEAMLESS PIPE SCH40,CM0032,3 IN CS SEAMLESS PIPE SCH40,PIPE,88.46,100.0,100.0,0,,94.81,MATCH,1
CPSE-B,"3""CS SEAMLESS PIPE SCH40",3INCS SEAMLESS PIPE SCH40,CM0037,3 IN SS316 SEAMLESS PIPE SCH40,PIPE,87.27,100.0,100.0,0,,94.27,MATCH,2
CPSE-B,"3""CS SEAMLESS PIPE SCH40",3INCS SEAMLESS PIPE SCH40,CM0031,2 IN CS SEAMLESS PIPE SCH40,PIPE,86.36,100.0,100.0,0,,93.86,MATCH,3
CPSE-B,"3""CS SEAMLESS PIPE SCH40",3INCS SEAMLESS PIPE SCH40,CM0033,4 IN SS304 SEAMLESS PIPE SCH40,PIPE,86.36,100.0,100.0,0,,93.86,MATCH,4
CPSE-B,"3""CS SEAMLESS PIPE SCH40",3INCS SEAMLESS PIPE SCH40,CM0035,8 IN SS316 SEAMLESS PIPE SCH40,PIPE,86.36,100.0,100.0,0,,93.86,MATCH,5
CPSE-B,"3""CS SEAMLESS PIPE SCH40",3INCS SEAMLESS PIPE SCH40,CM0039,6 IN SS304 SEAMLESS PIPE SCH40,PIPE,86.36,100.0,100.0,0,,93.86,MATCH,6
CPSE-B,"3""CS SLIP ON FLG 150#",3INCS SLIP ON FLANGE 150#,CM0043,3 IN CS SLIP ON FLANGE 150 CLASS,FLANGE,77.19,100.0,100.0,0,,89.74,MATCH,1
CPSE-B,"3""CS SLIP ON FLG 150#",3INCS SLIP ON FLANGE 150#,CM0045,6 IN CS SLIP ON FLANGE 150 CLASS,FLANGE,73.68,100.0,100.0,0,,88.16,MATCH,2
CPSE-B,"3""CS SLIP ON FLG 150#",3INCS SLIP ON FLANGE 150#,CM0047,10 IN SS304 SLIP ON FLANGE 150 CLASS,FLANGE,72.13,100.0,100.0,0,,87.46,MATCH,3
CPSE-B,"3""CS SLIP ON FLG 150#",3INCS SLIP ON FLANGE 150#,CM0049,4 IN SS304 SLIP ON FLANGE 300 CLASS,FLANGE,71.79,100.0,100.0,0,,87.31,MATCH,4
CPSE-B,"3""SPIRAL WOUND SS GRAPHITE GASK 150#",3INSPIRAL WOUND SS GRAPHITE GASK 150#,CM0052,3 IN SPIRAL WOUND SS GRAPHITE GASKET 150 CLASS,GASKET,74.7,100.0,100.0,0,,88.61,MATCH,1
CPSE-B,"3""SPIRAL WOUND SS GRAPHITE GASK 150#",3INSPIRAL WOUND SS GRAPHITE GASK 150#,CM0051,2 IN SPIRAL WOUND SS GRAPHITE GASKET 150 CLASS,GASKET,72.29,100.0,100.0,0,,87.53,MATCH,2
CPSE-B,"3""SPIRAL WOUND SS GRAPHITE GASK 150#",3INSPIRAL WOUND SS GRAPHITE GASK 150#,CM0057,4 IN SS GRAPHITE GASKET 150 CLASS,GASKET,68.57,100.0,100.0,0,,85.86,MATCH,3
CPSE-B,"3""SPIRAL WOUND SS GRAPHITE GASK 150#",3INSPIRAL WOUND SS GRAPHITE GASK 150#,CM0054,6 IN SPIRAL WOUND GRAPHITE GASKET 150 CLASS,GASKET,67.5,100.0,100.0,0,,85.38,MATCH,4
CPSE-B,"3""SPIRAL WOUND SS GRAPHITE GASK 150#",3INSPIRAL WOUND SS GRAPHITE GASK 150#,CM0059,10 IN GRAPHITE SPIRAL WOUND GASKET 150 CLASS,GASKET,66.67,100.0,100.0,0,,85.0,MATCH,5
CPSE-B,"3""SPIRAL WOUND SS GRAPHITE GASK 150#",3INSPIRAL WOUND SS GRAPHITE GASK 150#,CM0060,12 IN GRAPHITE SPIRAL WOUND GASKET 300 CLASS,GASKET,64.2,100.0,100.0,0,,83.89,REVIEW,6
CPSE-B,"3""SPIRAL WOUND SS GRAPHITE GASK 150#",3INSPIRAL WOUND SS GRAPHITE GASK 150#,CM0053,4 IN SPIRAL WOUND GRAPHITE GASKET 300 CLASS,GASKET,62.5,100.0,100.0,0,,83.12,REVIEW,7
CPSE-B,"3""SS316 SEAMLESS PIPE SCH40",3INSS316 SEAMLESS PIPE SCH40,CM0037,3 IN SS316 SEAMLESS PIPE SCH40,PIPE,96.55,100.0,100.0,0,,98.45,MATCH,1
CPSE-B,"3""SS316 SEAMLESS PIPE SCH40",3INSS316 SEAMLESS PIPE SCH40,CM0035,8 IN SS316 SEAMLESS PIPE SCH40,PIPE,93.1,100.0,100.0,0,,96.9,MATCH,2
CPSE-B,"3""SS316 SEAMLESS PIPE SCH40",3INSS316 SEAMLESS PIPE SCH40,CM0033,4 IN SS304 SEAMLESS PIPE SCH40,PIPE,86.21,100.0,100.0,0,,93.79,MATCH,3
CPSE-B,"3""SS316 SEAMLESS PIPE SCH40",3INSS316 SEAMLESS PIPE SCH40,CM0039,6 IN SS304 SEAMLESS PIPE SCH40,PIPE,86.21,100.0,100.0,0,,93.79,MATCH,4
CPSE-B,"3""SS316 SEAMLESS PIPE SCH40",3INSS316 SEAMLESS PIPE SCH40,CM0032,3 IN CS SEAMLESS PIPE SCH40,PIPE,83.64,100.0,100.0,0,,92.64,MATCH,5
CPSE-B,"3""SS316 SEAMLESS PIPE SCH40",3INSS316 SEAMLESS PIPE SCH40,CM0031,2 IN CS SEAMLESS PIPE SCH40,PIPE,82.61,100.0,100.0,0,,92.17,MATCH,6
CPSE-A,3C X 2.5 SQMM PVC CABL 1.1KV,3C X 2.5 SQMM PVC CABL 1.1KV,CM0063,3C X 2.5 SQMM PVC CABLE 1.1KV,ELECTRICAL_CABLE,98.25,100.0,100.0,0,,99.21,MATCH,1
CPSE-A,3C X 35 SQMM PVC CABL 1.1KV,3C X 35 SQMM PVC CABL 1.1KV,CM0069,3C X 35 SQMM PVC CABLE 1.1KV,ELECTRICAL_CABLE,98.18,100.0,100.0,0,,99.18,MATCH,1
CPSE-A,3C X 4 SQMM PVC CABL 1.1KV,3C X 4 SQMM PVC CABL 1.1KV,CM0064,3C X 4 SQMM PVC CABLE 1.1KV,ELECTRICAL_CABLE,98.11,100.0,100.0,0,,99.15,MATCH,1
CPSE-A,3C X 6 SQMM PVC CABL 1.1KV,3C X 6 SQMM PVC CABL 1.1KV,CM0065,3C X 6 SQMM PVC CABLE 1.1KV,ELECTRICAL_CABLE,98.11,100.0,100.0,0,,99.15,MATCH,1
CPSE-C,3CX35 SQMM PVC CABLE 1.1KV,3CX35 SQMM PVC CABLE 1.1KV,CM0064,3C X 4 SQMM PVC CABLE 1.1KV,ELECTRICAL_CABLE,90.57,100.0,100.0,0,,95.75,MATCH,1
CPSE-C,3CX35 SQMM PVC CABLE 1.1KV,3CX35 SQMM PVC CABLE 1.1KV,CM0065,3C X 6 SQMM PVC CABLE 1.1KV,ELECTRICAL_CABLE,90.57,100.0,100.0,0,,95.75,MATCH,2
CPSE-B,3CX35 SQMM PVC CABLE 1.1KV,3CX35 SQMM PVC CABLE 1.1KV,CM0064,3C X 4 SQMM PVC CABLE 1.1KV,ELECTRICAL_CABLE,90.57,100.0,100.0,0,,95.75,MATCH,3
CPSE-B,3CX35 SQMM PVC CABLE 1.1KV,3CX35 SQMM PVC CABLE 1.1KV,CM0065,3C X 6 SQMM PVC CABLE 1.1KV,ELECTRICAL_CABLE,90.57,100.0,100.0,0,,95.75,MATCH,4
CPSE-C,3CX35 SQMM PVC CABLE 1.1KV,3CX35 SQMM PVC CABLE 1.1KV,CM0069,3C X 35 SQMM PVC CABLE 1.1KV,ELECTRICAL_CABLE,88.89,100.0,100.0,0,,95.0,MATCH,5
CPSE-B,3CX35 SQMM PVC CABLE 1.1KV,3CX35 SQMM PVC CABLE 1.1KV,CM0069,3C X 35 SQMM PVC CABLE 1.1KV,ELECTRICAL_CABLE,88.89,100.0,100.0,0,,95.0,MATCH,6
CPSE-C,3CX35 SQMM PVC CABLE 1.1KV,3CX35 SQMM PVC CABLE 1.1KV,CM0063,3C X 2.5 SQMM PVC CABLE 1.1KV,ELECTRICAL_CABLE,87.27,100.0,100.0,0,,94.27,MATCH,7
CPSE-B,3CX35 SQMM PVC CABLE 1.1KV,3CX35 SQMM PVC CABLE 1.1KV,CM0063,3C X 2.5 SQMM PVC CABLE 1.1KV,ELECTRICAL_CABLE,87.27,100.0,100.0,0,,94.27,MATCH,8
CPSE-C,3CX35 SQMM PVC CABLE 1.1KV,3CX35 SQMM PVC CABLE 1.1KV,CM0061,1C X 2.5 SQMM PVC CABLE 1.1KV,ELECTRICAL_CABLE,86.96,100.0,100.0,0,,94.13,MATCH,9
CPSE-C,3CX35 SQMM PVC CABLE 1.1KV,3CX35 SQMM PVC CABLE 1.1KV,CM0062,1C X 4 SQMM PVC CABLE 1.1KV,ELECTRICAL_CABLE,86.96,100.0,100.0,0,,94.13,MATCH,10
CPSE-C,3CX35 SQMM PVC CABLE 1.1KV,3CX35 SQMM PVC CABLE 1.1KV,CM0066,4C X 10 SQMM PVC CABLE 1.1KV,ELECTRICAL_CABLE,86.96,100.0,100.0,0,,94.13,MATCH,11
CPSE-C,3CX35 SQMM PVC CABLE 1.1KV,3CX35 SQMM PVC CABLE 1.1KV,CM0067,4C X 16 SQMM PVC CABLE 1.1KV,ELECTRICAL_CABLE,86.96,100.0,100.0,0,,94.13,MATCH,12
CPSE-C,3CX35 SQMM PVC CABLE 1.1KV,3CX35 SQMM PVC CABLE 1.1KV,CM0068,4C X 25 SQMM PVC CABLE 1.1KV,ELECTRICAL_CABLE,86.96,100.0,100.0,0,,94.13,MATCH,13
CPSE-C,3CX35 SQMM PVC CABLE 1.1KV,3CX35 SQMM PVC CABLE 1.1KV,CM0070,4C X 50 SQMM PVC CABLE 1.1KV,ELECTRICAL_CABLE,86.96,100.0,100.0,0,,94.13,MATCH,14
CPSE-B,3CX35 SQMM PVC CABLE 1.1KV,3CX35 SQMM PVC CABLE 1.1KV,CM0061,1C X 2.5 SQMM PVC CABLE 1.1KV,ELECTRICAL_CABLE,86.96,100.0,100.0,0,,94.13,MATCH,15
CPSE-B,3CX35 SQMM PVC CABLE 1.1KV,3CX35 SQMM PVC CABLE 1.1KV,CM0062,1C X 4 SQMM PVC CABLE 1.1KV,ELECTRICAL_CABLE,86.96,100.0,100.0,0,,94.13,MATCH,16
CPSE-B,3CX35 SQMM PVC CABLE 1.1KV,3CX35 SQMM PVC CABLE 1.1KV,CM0066,4C X 10 SQMM PVC CABLE 1.1KV,ELECTRICAL_CABLE,86.96,100.0,100.0,0,,94.13,MATCH,17
CPSE-B,3CX35 SQMM PVC CABLE 1.1KV,3CX35 SQMM PVC CABLE 1.1KV,CM0067,4C X 16 SQMM PVC CABLE 1.1KV,ELECTRICAL_CABLE,86.96,100.0,100.0,0,,94.13,MATCH,18
CPSE-B,3CX35 SQMM PVC CABLE 1.1KV,3CX35 SQMM PVC CABLE 1.1KV,CM0068,4C X 25 SQMM PVC CABLE 1.1KV,ELECTRICAL_CABLE,86.96,100.0,100.0,0,,94.13,MATCH,19
CPSE-B,3CX35 SQMM PVC CABLE 1.1KV,3CX35 SQMM PVC CABLE 1.1KV,CM0070,4C X 50 SQMM PVC CABLE 1.1KV,ELECTRICAL_CABLE,86.96,100.0,100.0,0,,94.13,MATCH,20
CPSE-B,3CX4 SQMM PVC CABLE 1.1KV,3CX4 SQMM PVC CABLE 1.1KV,CM0064,3C X 4 SQMM PVC CABLE 1.1KV,ELECTRICAL_CABLE,92.31,100.0,100.0,0,,96.54,MATCH,1
CPSE-B,3CX4 SQMM PVC CABLE 1.1KV,3CX4 SQMM PVC CABLE 1.1KV,CM0065,3C X 6 SQMM PVC CABLE 1.1KV,ELECTRICAL_CABLE,92.31,100.0,100.0,0,,96.54,MATCH,2
CPSE-C,3CX4 SQMM PVC CABLE 1.1KV,3CX4 SQMM PVC CABLE 1.1KV,CM0064,3C X 4 SQMM PVC CABLE 1.1KV,ELECTRICAL_CABLE,92.31,100.0,100.0,0,,96.54,MATCH,3
CPSE-C,3CX4 SQMM PVC CABLE 1.1KV,3CX4 SQMM PVC CABLE 1.1KV,CM0065,3C X 6 SQMM PVC CABLE 1.1KV,ELECTRICAL_CABLE,92.31,100.0,100.0,0,,96.54,MATCH,4
CPSE-B,3CX4 SQMM PVC CABLE 1.1KV,3CX4 SQMM PVC CABLE 1.1KV,CM0069,3C X 35 SQMM PVC CABLE 1.1KV,ELECTRICAL_CABLE,90.57,100.0,100.0,0,,95.75,MATCH,5
CPSE-C,3CX4 SQMM PVC CABLE 1.1KV,3CX4 SQMM PVC CABLE 1.1KV,CM0069,3C X 35 SQMM PVC CABLE 1.1KV,ELECTRICAL_CABLE,90.57,100.0,100.0,0,,95.75,MATCH,6
CPSE-B,3CX4 SQMM PVC CABLE 1.1KV,3CX4 SQMM PVC CABLE 1.1KV,CM0061,1C X 2.5 SQMM PVC CABLE 1.1KV,ELECTRICAL_CABLE,88.89,100.0,100.0,0,,95.0,MATCH,7
CPSE-B,3CX4 SQMM PVC CABLE 1.1KV,3CX4 SQMM PVC CABLE 1.1KV,CM0062,1C X 4 SQMM PVC CABLE 1.1KV,ELECTRICAL_CABLE,88.89,100.0,100.0,0,,95.0,MATCH,8
CPSE-B,3CX4 SQMM PVC CABLE 1.1KV,3CX4 SQMM PVC CABLE 1.1KV,CM0063,3C X 2.5 SQMM PVC CABLE 1.1KV,ELECTRICAL_CABLE,88.89,100.0,100.0,0,,95.0,MATCH,9
CPSE-B,3CX4 SQMM PVC CABLE 1.1KV,3CX4 SQMM PVC CABLE 1.1KV,CM0066,4C X 10 SQMM PVC CABLE 1.1KV,ELECTRICAL_CABLE,88.89,100.0,100.0,0,,95.0,MATCH,10
CPSE-B,3CX4 SQMM PVC CABLE 1.1KV,3CX4 SQMM PVC CABLE 1.1KV,CM0067,4C X 16 SQMM PVC CABLE 1.1KV,ELECTRICAL_CABLE,88.89,100.0,100.0,0,,95.0,MATCH,11
CPSE-B,3CX4 SQMM PVC CABLE 1.1KV,3CX4 SQMM PVC CABLE 1.1KV,CM0068,4C X 25 SQMM PVC CABLE 1.1KV,ELECTRICAL_CABLE,88.89,100.0,100.0,0,,95.0,MATCH,12
CPSE-B,3CX4 SQMM PVC CABLE 1.1KV,3CX4 SQMM PVC CABLE 1.1KV,CM0070,4C X 50 SQMM PVC CABLE 1.1KV,ELECTRICAL_CABLE,88.89,100.0,100.0,0,,95.0,MATCH,13
CPSE-C,3CX4 SQMM PVC CABLE 1.1KV,3CX4 SQMM PVC CABLE 1.1KV,CM0061,1C X 2.5 SQMM PVC CABLE 1.1KV,ELECTRICAL_CABLE,88.89,100.0,100.0,0,,95.0,MATCH,14
CPSE-C,3CX4 SQMM PVC CABLE 1.1KV,3CX4 SQMM PVC CABLE 1.1KV,CM0062,1C X 4 SQMM PVC CABLE 1.1KV,ELECTRICAL_CABLE,88.89,100.0,100.0,0,,95.0,MATCH,15
CPSE-C,3CX4 SQMM PVC CABLE 1.1KV,3CX4 SQMM PVC CABLE 1.1KV,CM0063,3C X 2.5 SQMM PVC CABLE 1.1KV,ELECTRICAL_CABLE,88.89,100.0,100.0,0,,95.0,MATCH,16
CPSE-C,3CX4 SQMM PVC CABLE 1.1KV,3CX4 SQMM PVC CABLE 1.1KV,CM0066,4C X 10 SQMM PVC CABLE 1.1KV,ELECTRICAL_CABLE,88.89,100.0,100.0,0,,95.0,MATCH,17
CPSE-C,3CX4 SQMM PVC CABLE 1.1KV,3CX4 SQMM PVC CABLE 1.1KV,CM0067,4C X 16 SQMM PVC CABLE 1.1KV,ELECTRICAL_CABLE,88.89,100.0,100.0,0,,95.0,MATCH,18
CPSE-C,3CX4 SQMM PVC CABLE 1.1KV,3CX4 SQMM PVC CABLE 1.1KV,CM0068,4C X 25 SQMM PVC CABLE 1.1KV,ELECTRICAL_CABLE,88.89,100.0,100.0,0,,95.0,MATCH,19
CPSE-C,3CX4 SQMM PVC CABLE 1.1KV,3CX4 SQMM PVC CABLE 1.1KV,CM0070,4C X 50 SQMM PVC CABLE 1.1KV,ELECTRICAL_CABLE,88.89,100.0,100.0,0,,95.0,MATCH,20
CPSE-B,3CX6 SQMM PVC CABLE 1.1KV,3CX6 SQMM PVC CABLE 1.1KV,CM0064,3C X 4 SQMM PVC CABLE 1.1KV,ELECTRICAL_CABLE,92.31,100.0,100.0,0,,96.54,MATCH,1
CPSE-B,3CX6 SQMM PVC CABLE 1.1KV,3CX6 SQMM PVC CABLE 1.1KV,CM0065,3C X 6 SQMM PVC CABLE 1.1KV,ELECTRICAL_CABLE,92.31,100.0,100.0,0,,96.54,MATCH,2
CPSE-C,3CX6 SQMM PVC CABLE 1.1KV,3CX6 SQMM PVC CABLE 1.1KV,CM0064,3C X 4 SQMM PVC CABLE 1.1KV,ELECTRICAL_CABLE,92.31,100.0,100.0,0,,96.54,MATCH,3
CPSE-C,3CX6 SQMM PVC CABLE 1.1KV,3CX6 SQMM PVC CABLE 1.1KV,CM0065,3C X 6 SQMM PVC CABLE 1.1KV,ELECTRICAL_CABLE,92.31,100.0,100.0,0,,96.54,MATCH,4
CPSE-B,3CX6 SQMM PVC CABLE 1.1KV,3CX6 SQMM PVC CABLE 1.1KV,CM0069,3C X 35 SQMM PVC CABLE 1.1KV,ELECTRICAL_CABLE,90.57,100.0,100.0,0,,95.75,MATCH,5
CPSE-C,3CX6 SQMM PVC CABLE 1.1KV,3CX6 SQMM PVC CABLE 1.1KV,CM0069,3C X 35 SQMM PVC CABLE 1.1KV,ELECTRICAL_CABLE,90.57,100.0,100.0,0,,95.75,MATCH,6
CPSE-B,3CX6 SQMM PVC CABLE 1.1KV,3CX6 SQMM PVC CABLE 1.1KV,CM0061,1C X 2.5 SQMM PVC CABLE 1.1KV,ELECTRICAL_CABLE,88.89,100.0,100.0,0,,95.0,MATCH,7
CPSE-B,3CX6 SQMM PVC CABLE 1.1KV,3CX6 SQMM PVC CABLE 1.1KV,CM0062,1C X 4 SQMM PVC CABLE 1.1KV,ELECTRICAL_CABLE,88.89,100.0,100.0,0,,95.0,MATCH,8
CPSE-B,3CX6 SQMM PVC CABLE 1.1KV,3CX6 SQMM PVC CABLE 1.1KV,CM0063,3C X 2.5 SQMM PVC CABLE 1.1KV,ELECTRICAL_CABLE,88.89,100.0,100.0,0,,95.0,MATCH,9
CPSE-B,3CX6 SQMM PVC CABLE 1.1KV,3CX6 SQMM PVC CABLE 1.1KV,CM0066,4C X 10 SQMM PVC CABLE 1.1KV,ELECTRICAL_CABLE,88.89,100.0,100.0,0,,95.0,MATCH,10
CPSE-B,3CX6 SQMM PVC CABLE 1.1KV,3CX6 SQMM PVC CABLE 1.1KV,CM0067,4C X 16 SQMM PVC CABLE 1.1KV,ELECTRICAL_CABLE,88.89,100.0,100.0,0,,95.0,MATCH,11
CPSE-B,3CX6 SQMM PVC CABLE 1.1KV,3CX6 SQMM PVC CABLE 1.1KV,CM0068,4C X 25 SQMM PVC CABLE 1.1KV,ELECTRICAL_CABLE,88.89,100.0,100.0,0,,95.0,MATCH,12
CPSE-B,3CX6 SQMM PVC CABLE 1.1KV,3CX6 SQMM PVC CABLE 1.1KV,CM0070,4C X 50 SQMM PVC CABLE 1.1KV,ELECTRICAL_CABLE,88.89,100.0,100.0,0,,95.0,MATCH,13
CPSE-C,3CX6 SQMM PVC CABLE 1.1KV,3CX6 SQMM PVC CABLE 1.1KV,CM0061,1C X 2.5 SQMM PVC CABLE 1.1KV,ELECTRICAL_CABLE,88.89,100.0,100.0,0,,95.0,MATCH,14
CPSE-C,3CX6 SQMM PVC CABLE 1.1KV,3CX6 SQMM PVC CABLE 1.1KV,CM0062,1C X 4 SQMM PVC CABLE 1.1KV,ELECTRICAL_CABLE,88.89,100.0,100.0,0,,95.0,MATCH,15
CPSE-C,3CX6 SQMM PVC CABLE 1.1KV,3CX6 SQMM PVC CABLE 1.1KV,CM0063,3C X 2.5 SQMM PVC CABLE 1.1KV,ELECTRICAL_CABLE,88.89,100.0,100.0,0,,95.0,MATCH,16
CPSE-C,3CX6 SQMM PVC CABLE 1.1KV,3CX6 SQMM PVC CABLE 1.1KV,CM0066,4C X 10 SQMM PVC CABLE 1.1KV,ELECTRICAL_CABLE,88.89,100.0,100.0,0,,95.0,MATCH,17
CPSE-C,3CX6 SQMM PVC CABLE 1.1KV,3CX6 SQMM PVC CABLE 1.1KV,CM0067,4C X 16 SQMM PVC CABLE 1.1KV,ELECTRICAL_CABLE,88.89,100.0,100.0,0,,95.0,MATCH,18
CPSE-C,3CX6 SQMM PVC CABLE 1.1KV,3CX6 SQMM PVC CABLE 1.1KV,CM0068,4C X 25 SQMM PVC CABLE 1.1KV,ELECTRICAL_CABLE,88.89,100.0,100.0,0,,95.0,MATCH,19
CPSE-C,3CX6 SQMM PVC CABLE 1.1KV,3CX6 SQMM PVC CABLE 1.1KV,CM0070,4C X 50 SQMM PVC CABLE 1.1KV,ELECTRICAL_CABLE,88.89,100.0,100.0,0,,95.0,MATCH,20
CPSE-A,4 IN CS SEAMLESS PIP SCH80,4IN CARBON STEEL SEAMLESS PIP SCH80,CM0038,4 IN CS SEAMLESS PIPE SCH80,PIPE,77.42,100.0,100.0,0,,89.84,MATCH,1
CPSE-C,4 IN CS SEAMLESS PIPE SCH80,4IN CARBON STEEL SEAMLESS PIPE SCH80,CM0038,4 IN CS SEAMLESS PIPE SCH80,PIPE,82.61,100.0,100.0,0,,92.17,MATCH,1
CPSE-A,4 IN SPIRAL WOUND GRAPHITE GKT 300 CLASS,4IN SPIRAL WOUND GRAPHITE GASKET 300 CLASS,CM0053,4 IN SPIRAL WOUND GRAPHITE GASKET 300 CLASS,GASKET,98.82,100.0,100.0,0,,99.47,MATCH,1
CPSE-C,4 IN SS GRAPHITE GASKET 150 CLASS,4IN SS GRAPHITE GASKET 150 CLASS,CM0057,4 IN SS GRAPHITE GASKET 150 CLASS,GASKET,98.46,100.0,100.0,0,,99.31,MATCH,1
CPSE-A,4 IN SS GRAPHITE GKT 150 CLASS,4IN SS GRAPHITE GASKET 150 CLASS,CM0057,4 IN SS GRAPHITE GASKET 150 CLASS,GASKET,98.46,100.0,100.0,0,,99.31,MATCH,1
CPSE-A,4 IN SS304 GATE VLV 150 CLASS,4IN SS304 GATE VALVE 150 CLASS,CM0026,4 IN SS304 GATE VALVE 150 CLASS,VALVE,98.36,100.0,100.0,0,,99.26,MATCH,1
CPSE-C,4 IN SS304 GTV 150 CLASS,4IN SS304 GTV 150 CLASS,CM0026,4 IN SS304 GATE VALVE 150 CLASS,VALVE,78.95,100.0,100.0,0,,90.53,MATCH,1
CPSE-C,4 IN SS304 GTV 150 CLASS,4IN SS304 GTV 150 CLASS,CM0024,4 IN SS316 BALL VALVE 150 CLASS,VALVE,62.96,100.0,100.0,0,,83.33,REVIEW,2
CPSE-A,4 IN SS304 SEAMLESS PIP SCH40,4IN SS304 SEAMLESS PIP SCH40,CM0033,4 IN SS304 SEAMLESS PIPE SCH40,PIPE,96.55,100.0,100.0,0,,98.45,MATCH,1
CPSE-C,4 IN SS304 SEAMLESS PIPE SCH40,4IN SS304 SEAMLESS PIPE SCH40,CM0033,4 IN SS304 SEAMLESS PIPE SCH40,PIPE,98.31,100.0,100.0,0,,99.24,MATCH,1
CPSE-A,4 IN SS304 SLIP ON FLG 300 CLASS,4IN SS304 SLIP ON FLANGE 300 CLASS,CM0049,4 IN SS304 SLIP ON FLANGE 300 CLASS,FLANGE,98.55,100.0,100.0,0,,99.35,MATCH,1
CPSE-C,4 IN SS304 SO FLG 300 CLASS,4IN SS304 SO FLANGE 300 CLASS,CM0049,4 IN SS304 SLIP ON FLANGE 300 CLASS,FLANGE,87.5,100.0,100.0,0,,94.38,MATCH,1
CPSE-C,4 IN SS304 SO FLG 300 CLASS,4IN SS304 SO FLANGE 300 CLASS,CM0044,4 IN SS316 WELD NECK FLANGE 300 CLASS,FLANGE,75.76,100.0,100.0,0,,89.09,MATCH,2
CPSE-A,4 IN SS316 BALL VLV 150 CLASS,4IN SS316 BALL VALVE 150 CLASS,CM0024,4 IN SS316 BALL VALVE 150 CLASS,VALVE,98.36,100.0,100.0,0,,99.26,MATCH,1
CPSE-C,4 IN SS316 BLV 150 CLASS,4IN SS316 BLV 150 CLASS,CM0024,4 IN SS316 BALL VALVE 150 CLASS,VALVE,81.48,100.0,100.0,0,,91.67,MATCH,1
CPSE-C,4 IN SS316 BLV 150 CLASS,4IN SS316 BLV 150 CLASS,CM0026,4 IN SS304 GATE VALVE 150 CLASS,VALVE,62.96,100.0,100.0,0,,83.33,REVIEW,2
CPSE-A,4 IN SS316 WELD NECK FLG 300 CLASS,4IN SS316 WELD NECK FLANGE 300 CLASS,CM0044,4 IN SS316 WELD NECK FLANGE 300 CLASS,FLANGE,98.63,100.0,100.0,0,,99.38,MATCH,1
CPSE-C,4 IN SS316 WN FLG 300 CLASS,4IN SS316 WN FLANGE 300 CLASS,CM0044,4 IN SS316 WELD NECK FLANGE 300 CLASS,FLANGE,86.27,100.0,100.0,0,,93.82,MATCH,1
CPSE-C,4 IN SS316 WN FLG 300 CLASS,4IN SS316 WN FLANGE 300 CLASS,CM0049,4 IN SS304 SLIP ON FLANGE 300 CLASS,FLANGE,75.0,100.0,100.0,0,,88.75,MATCH,2
CPSE-C,4 IN SW GRAPHITE GASKET 300 CLASS,4IN SW GRAPHITE GASKET 300 CLASS,CM0053,4 IN SPIRAL WOUND GRAPHITE GASKET 300 CLASS,GASKET,87.72,100.0,100.0,0,,94.47,MATCH,1
CPSE-B,"4""CS SEAMLESS PIPE SCH80",4INCS SEAMLESS PIPE SCH80,CM0038,4 IN CS SEAMLESS PIPE SCH80,PIPE,88.46,100.0,100.0,0,,94.81,MATCH,1
CPSE-B,"4""CS SEAMLESS PIPE SCH80",4INCS SEAMLESS PIPE SCH80,CM0034,6 IN CS SEAMLESS PIPE SCH80,PIPE,86.36,100.0,100.0,0,,93.86,MATCH,2
CPSE-B,"4""CS SEAMLESS PIPE SCH80",4INCS SEAMLESS PIPE SCH80,CM0040,8 IN CS SEAMLESS PIPE SCH80,PIPE,86.36,100.0,100.0,0,,93.86,MATCH,3
CPSE-B,"4""SPIRAL WOUND GRAPHITE GASK 300#",4INSPIRAL WOUND GRAPHITE GASK 300#,CM0053,4 IN SPIRAL WOUND GRAPHITE GASKET 300 CLASS,GASKET,72.73,100.0,100.0,0,,87.73,MATCH,1
CPSE-B,"4""SPIRAL WOUND GRAPHITE GASK 300#",4INSPIRAL WOUND GRAPHITE GASK 300#,CM0060,12 IN GRAPHITE SPIRAL WOUND GASKET 300 CLASS,GASKET,69.23,100.0,100.0,0,,86.15,MATCH,2
CPSE-B,"4""SPIRAL WOUND GRAPHITE GASK 300#",4INSPIRAL WOUND GRAPHITE GASK 300#,CM0051,2 IN SPIRAL WOUND SS GRAPHITE GASKET 150 CLASS,GASKET,67.5,100.0,100.0,0,,85.38,MATCH,3
CPSE-B,"4""SPIRAL WOUND GRAPHITE GASK 300#",4INSPIRAL WOUND GRAPHITE GASK 300#,CM0052,3 IN SPIRAL WOUND SS GRAPHITE GASKET 150 CLASS,GASKET,67.5,100.0,100.0,0,,85.38,MATCH,4
CPSE-B,"4""SPIRAL WOUND GRAPHITE GASK 300#",4INSPIRAL WOUND GRAPHITE GASK 300#,CM0059,10 IN GRAPHITE SPIRAL WOUND GASKET 150 CLASS,GASKET,66.67,100.0,100.0,0,,85.0,MATCH,5
CPSE-B,"4""SPIRAL WOUND GRAPHITE GASK 300#",4INSPIRAL WOUND GRAPHITE GASK 300#,CM0054,6 IN SPIRAL WOUND GRAPHITE GASKET 150 CLASS,GASKET,64.94,100.0,100.0,0,,84.22,REVIEW,6
CPSE-B,"4""SPIRAL WOUND GRAPHITE GASK 300#",4INSPIRAL WOUND GRAPHITE GASK 300#,CM0057,4 IN SS GRAPHITE GASKET 150 CLASS,GASKET,59.7,100.0,100.0,0,,81.87,REVIEW,7
CPSE-B,"4""SS GRAPHITE GASK 150#",4INSS GRAPHITE GASK 150#,CM0057,4 IN SS GRAPHITE GASKET 150 CLASS,GASKET,73.68,0.0,100.0,0,,43.16,NO_MATCH,1
CPSE-B,"4""SS GRAPHITE GASK 150#",4INSS GRAPHITE GASK 150#,CM0054,6 IN SPIRAL WOUND GRAPHITE GASKET 150 CLASS,GASKET,59.7,0.0,100.0,0,,36.87,NO_MATCH,2
CPSE-B,"4""SS GRAPHITE GASK 150#",4INSS GRAPHITE GASK 150#,CM0059,10 IN GRAPHITE SPIRAL WOUND GASKET 150 CLASS,GASKET,58.82,0.0,100.0,0,,36.47,NO_MATCH,3
CPSE-B,"4""SS GRAPHITE GASK 150#",4INSS GRAPHITE GASK 150#,CM0051,2 IN SPIRAL WOUND SS GRAPHITE GASKET 150 CLASS,GASKET,57.14,0.0,100.0,0,,35.71,NO_MATCH,4
CPSE-B,"4""SS GRAPHITE GASK 150#",4INSS GRAPHITE GASK 150#,CM0052,3 IN SPIRAL WOUND SS GRAPHITE GASKET 150 CLASS,GASKET,57.14,0.0,100.0,0,,35.71,NO_MATCH,5
CPSE-B,"4""SS GRAPHITE GASK 150#",4INSS GRAPHITE GASK 150#,CM0053,4 IN SPIRAL WOUND GRAPHITE GASKET 300 CLASS,GASKET,56.72,0.0,100.0,0,,35.52,NO_MATCH,6
CPSE-B,"4""SS GRAPHITE GASK 150#",4INSS GRAPHITE GASK 150#,CM0060,12 IN GRAPHITE SPIRAL WOUND GASKET 300 CLASS,GASKET,55.88,0.0,100.0,0,,35.15,NO_MATCH,7
CPSE-B,"4""SS GRAPHITE GASK 150#",4INSS GRAPHITE GASK 150#,CM0055,8 IN PTFE FULL FACE GASKET 150 CLASS,GASKET,50.0,0.0,100.0,0,,32.5,NO_MATCH,8
CPSE-B,"4""SS GRAPHITE GASK 150#",4INSS GRAPHITE GASK 150#,CM0056,2 IN PTFE FULL FACE GASKET 150 CLASS,GASKET,50.0,0.0,100.0,0,,32.5,NO_MATCH,9
CPSE-B,"4""SS GRAPHITE GASK 150#",4INSS GRAPHITE GASK 150#,CM0058,6 IN PTFE FULL FACE GASKET 300 CLASS,GASKET,43.33,0.0,100.0,0,,29.5,NO_MATCH,10
CPSE-B,"4""SS304 GATE VAL 150#",4INSS304 GATE VAL 150#,CM0026,4 IN SS304 GATE VALVE 150 CLASS,VALVE,79.25,0.0,100.0,0,,45.66,NO_MATCH,1
CPSE-B,"4""SS304 GATE VAL 150#",4INSS304 GATE VAL 150#,CM0021,2 IN SS304 GATE VALVE 150 CLASS,VALVE,75.47,0.0,100.0,0,,43.96,NO_MATCH,2
CPSE-B,"4""SS304 GATE VAL 150#",4INSS304 GATE VAL 150#,CM0022,2 IN SS304 GATE VALVE 300 CLASS,VALVE,67.92,0.0,100.0,0,,40.57,NO_MATCH,3
CPSE-B,"4""SS304 GATE VAL 150#",4INSS304 GATE VAL 150#,CM0023,3 IN CS GATE VALVE 150 CLASS,VALVE,60.0,0.0,100.0,0,,37.0,NO_MATCH,4
CPSE-B,"4""SS304 GATE VAL 150#",4INSS304 GATE VAL 150#,CM0024,4 IN SS316 BALL VALVE 150 CLASS,VALVE,52.83,0.0,100.0,0,,33.77,NO_MATCH,5
CPSE-B,"4""SS304 GATE VAL 150#",4INSS304 GATE VAL 150#,CM0028,8 IN CS GATE VALVE 300 CLASS,VALVE,52.0,0.0,100.0,0,,33.4,NO_MATCH,6
CPSE-B,"4""SS304 GATE VAL 150#",4INSS304 GATE VAL 150#,CM0030,2 IN CS GLOBE VALVE 150 CLASS,VALVE,50.98,0.0,100.0,0,,32.94,NO_MATCH,7
CPSE-B,"4""SS304 GATE VAL 150#",4INSS304 GATE VAL 150#,CM0027,6 IN SS316 BALL VALVE 300 CLASS,VALVE,41.51,0.0,100.0,0,,28.68,NO_MATCH,8
CPSE-B,"4""SS304 GATE VAL 150#",4INSS304 GATE VAL 150#,CM0025,6 IN CS BUTTERFLY VALVE 150 CLASS,VALVE,40.0,0.0,100.0,0,,28.0,NO_MATCH,9
CPSE-B,"4""SS304 GATE VAL 150#",4INSS304 GATE VAL 150#,CM0029,10 IN CS BUTTERFLY VALVE 150 CLASS,VALVE,39.29,0.0,100.0,0,,27.68,NO_MATCH,10
CPSE-B,"4""SS304 SEAMLESS PIPE SCH40",4INSS304 SEAMLESS PIPE SCH40,CM0033,4 IN SS304 SEAMLESS PIPE SCH40,PIPE,96.55,100.0,100.0,0,,98.45,MATCH,1
CPSE-B,"4""SS304 SEAMLESS PIPE SCH40",4INSS304 SEAMLESS PIPE SCH40,CM0039,6 IN SS304 SEAMLESS PIPE SCH40,PIPE,93.1,100.0,100.0,0,,96.9,MATCH,2
CPSE-B,"4""SS304 SEAMLESS PIPE SCH40",4INSS304 SEAMLESS PIPE SCH40,CM0035,8 IN SS316 SEAMLESS PIPE SCH40,PIPE,86.21,100.0,100.0,0,,93.79,MATCH,3
CPSE-B,"4""SS304 SEAMLESS PIPE SCH40",4INSS304 SEAMLESS PIPE SCH40,CM0037,3 IN SS316 SEAMLESS PIPE SCH40,PIPE,86.21,100.0,100.0,0,,93.79,MATCH,4
CPSE-B,"4""SS304 SEAMLESS PIPE SCH40",4INSS304 SEAMLESS PIPE SCH40,CM0031,2 IN CS SEAMLESS PIPE SCH40,PIPE,82.61,100.0,100.0,0,,92.17,MATCH,5
CPSE-B,"4""SS304 SEAMLESS PIPE SCH40",4INSS304 SEAMLESS PIPE SCH40,CM0032,3 IN CS SEAMLESS PIPE SCH40,PIPE,82.61,100.0,100.0,0,,92.17,MATCH,6
CPSE-B,"4""SS304 SLIP ON FLG 300#",4INSS304 SLIP ON FLANGE 300#,CM0049,4 IN SS304 SLIP ON FLANGE 300 CLASS,FLANGE,85.71,100.0,100.0,0,,93.57,MATCH,1
CPSE-B,"4""SS304 SLIP ON FLG 300#",4INSS304 SLIP ON FLANGE 300#,CM0047,10 IN SS304 SLIP ON FLANGE 150 CLASS,FLANGE,78.12,100.0,100.0,0,,90.16,MATCH,2
CPSE-B,"4""SS304 SLIP ON FLG 300#",4INSS304 SLIP ON FLANGE 300#,CM0043,3 IN CS SLIP ON FLANGE 150 CLASS,FLANGE,66.67,100.0,100.0,0,,85.0,MATCH,3
CPSE-B,"4""SS304 SLIP ON FLG 300#",4INSS304 SLIP ON FLANGE 300#,CM0045,6 IN CS SLIP ON FLANGE 150 CLASS,FLANGE,66.67,100.0,100.0,0,,85.0,MATCH,4
CPSE-B,"4""SS316 BALL VAL 150#",4INSS316 BALL VAL 150#,CM0024,4 IN SS316 BALL VALVE 150 CLASS,VALVE,79.25,0.0,100.0,0,,45.66,NO_MATCH,1
CPSE-B,"4""SS316 BALL VAL 150#",4INSS316 BALL VAL 150#,CM0027,6 IN SS316 BALL VALVE 300 CLASS,VALVE,67.92,0.0,100.0,0,,40.57,NO_MATCH,2
CPSE-B,"4""SS316 BALL VAL 150#",4INSS316 BALL VAL 150#,CM0026,4 IN SS304 GATE VALVE 150 CLASS,VALVE,52.83,0.0,100.0,0,,33.77,NO_MATCH,3
CPSE-B,"4""SS316 BALL VAL 150#",4INSS316 BALL VAL 150#,CM0021,2 IN SS304 GATE VALVE 150 CLASS,VALVE,49.06,0.0,100.0,0,,32.08,NO_MATCH,4
CPSE-B,"4""SS316 BALL VAL 150#",4INSS316 BALL VAL 150#,CM0023,3 IN CS GATE VALVE 150 CLASS,VALVE,48.0,0.0,100.0,0,,31.6,NO_MATCH,5
CPSE-B,"4""SS316 BALL VAL 150#",4INSS316 BALL VAL 150#,CM0025,6 IN CS BUTTERFLY VALVE 150 CLASS,VALVE,47.27,0.0,100.0,0,,31.27,NO_MATCH,6
CPSE-B,"4""SS316 BALL VAL 150#",4INSS316 BALL VAL 150#,CM0030,2 IN CS GLOBE VALVE 150 CLASS,VALVE,47.06,0.0,100.0,0,,31.18,NO_MATCH,7
CPSE-B,"4""SS316 BALL VAL 150#",4INSS316 BALL VAL 150#,CM0029,10 IN CS BUTTERFLY VALVE 150 CLASS,VALVE,42.86,0.0,100.0,0,,29.29,NO_MATCH,8
CPSE-B,"4""SS316 BALL VAL 150#",4INSS316 BALL VAL 150#,CM0022,2 IN SS304 GATE VALVE 300 CLASS,VALVE,41.51,0.0,100.0,0,,28.68,NO_MATCH,9
CPSE-B,"4""SS316 BALL VAL 150#",4INSS316 BALL VAL 150#,CM0028,8 IN CS GATE VALVE 300 CLASS,VALVE,40.0,0.0,100.0,0,,28.0,NO_MATCH,10
CPSE-B,"4""SS316 WELD NECK FLG 300#",4INSS316 WELD NECK FLANGE 300#,CM0044,4 IN SS316 WELD NECK FLANGE 300 CLASS,FLANGE,86.57,100.0,100.0,0,,93.96,MATCH,1
CPSE-B,"4""SS316 WELD NECK FLG 300#",4INSS316 WELD NECK FLANGE 300#,CM0050,6 IN SS316 WELD NECK FLANGE 150 CLASS,FLANGE,77.61,100.0,100.0,0,,89.93,MATCH,2
CPSE-B,"4""SS316 WELD NECK FLG 300#",4INSS316 WELD NECK FLANGE 300#,CM0046,8 IN CS WELD NECK FLANGE 300 CLASS,FLANGE,71.88,100.0,100.0,0,,87.34,MATCH,3
CPSE-B,"4""SS316 WELD NECK FLG 300#",4INSS316 WELD NECK FLANGE 300#,CM0042,2 IN SS304 WELD NECK FLANGE 150 CLASS,FLANGE,71.64,100.0,100.0,0,,87.24,MATCH,4
CPSE-B,"4""SS316 WELD NECK FLG 300#",4INSS316 WELD NECK FLANGE 300#,CM0041,2 IN CS WELD NECK FLANGE 150 CLASS,FLANGE,69.57,100.0,100.0,0,,86.3,MATCH,5
CPSE-B,"4""SS316 WELD NECK FLG 300#",4INSS316 WELD NECK FLANGE 300#,CM0048,12 IN CS WELD NECK FLANGE 150 CLASS,FLANGE,69.57,100.0,100.0,0,,86.3,MATCH,6
CPSE-A,4C X 10 SQMM PVC CABL 1.1KV,4C X 10 SQMM PVC CABL 1.1KV,CM0066,4C X 10 SQMM PVC CABLE 1.1KV,ELECTRICAL_CABLE,98.18,100.0,100.0,0,,99.18,MATCH,1
CPSE-A,4C X 16 SQMM PVC CABL 1.1KV,4C X 16 SQMM PVC CABL 1.1KV,CM0067,4C X 16 SQMM PVC CABLE 1.1KV,ELECTRICAL_CABLE,98.18,100.0,100.0,0,,99.18,MATCH,1
CPSE-A,4C X 25 SQMM PVC CABL 1.1KV,4C X 25 SQMM PVC CABL 1.1KV,CM0068,4C X 25 SQMM PVC CABLE 1.1KV,ELECTRICAL_CABLE,98.18,100.0,100.0,0,,99.18,MATCH,1
CPSE-A,4C X 50 SQMM PVC CABL 1.1KV,4C X 50 SQMM PVC CABL 1.1KV,CM0070,4C X 50 SQMM PVC CABLE 1.1KV,ELECTRICAL_CABLE,98.18,100.0,100.0,0,,99.18,MATCH,1
CPSE-B,4CX10 SQMM PVC CABLE 1.1KV,4CX10 SQMM PVC CABLE 1.1KV,CM0066,4C X 10 SQMM PVC CABLE 1.1KV,ELECTRICAL_CABLE,88.89,100.0,100.0,0,,95.0,MATCH,1
CPSE-B,4CX10 SQMM PVC CABLE 1.1KV,4CX10 SQMM PVC CABLE 1.1KV,CM0067,4C X 16 SQMM PVC CABLE 1.1KV,ELECTRICAL_CABLE,88.89,100.0,100.0,0,,95.0,MATCH,2
CPSE-B,4CX10 SQMM PVC CABLE 1.1KV,4CX10 SQMM PVC CABLE 1.1KV,CM0068,4C X 25 SQMM PVC CABLE 1.1KV,ELECTRICAL_CABLE,88.89,100.0,100.0,0,,95.0,MATCH,3
CPSE-B,4CX10 SQMM PVC CABLE 1.1KV,4CX10 SQMM PVC CABLE 1.1KV,CM0070,4C X 50 SQMM PVC CABLE 1.1KV,ELECTRICAL_CABLE,88.89,100.0,100.0,0,,95.0,MATCH,4
CPSE-C,4CX10 SQMM PVC CABLE 1.1KV,4CX10 SQMM PVC CABLE 1.1KV,CM0066,4C X 10 SQMM PVC CABLE 1.1KV,ELECTRICAL_CABLE,88.89,100.0,100.0,0,,95.0,MATCH,5
CPSE-C,4CX10 SQMM PVC CABLE 1.1KV,4CX10 SQMM PVC CABLE 1.1KV,CM0067,4C X 16 SQMM PVC CABLE 1.1KV,ELECTRICAL_CABLE,88.89,100.0,100.0,0,,95.0,MATCH,6
CPSE-C,4CX10 SQMM PVC CABLE 1.1KV,4CX10 SQMM PVC CABLE 1.1KV,CM0068,4C X 25 SQMM PVC CABLE 1.1KV,ELECTRICAL_CABLE,88.89,100.0,100.0,0,,95.0,MATCH,7
CPSE-C,4CX10 SQMM PVC CABLE 1.1KV,4CX10 SQMM PVC CABLE 1.1KV,CM0070,4C X 50 SQMM PVC CABLE 1.1KV,ELECTRICAL_CABLE,88.89,100.0,100.0,0,,95.0,MATCH,8
CPSE-B,4CX10 SQMM PVC CABLE 1.1KV,4CX10 SQMM PVC CABLE 1.1KV,CM0061,1C X 2.5 SQMM PVC CABLE 1.1KV,ELECTRICAL_CABLE,86.96,100.0,100.0,0,,94.13,MATCH,9
CPSE-B,4CX10 SQMM PVC CABLE 1.1KV,4CX10 SQMM PVC CABLE 1.1KV,CM0062,1C X 4 SQMM PVC CABLE 1.1KV,ELECTRICAL_CABLE,86.96,100.0,100.0,0,,94.13,MATCH,10
CPSE-B,4CX10 SQMM PVC CABLE 1.1KV,4CX10 SQMM PVC CABLE 1.1KV,CM0063,3C X 2.5 SQMM PVC CABLE 1.1KV,ELECTRICAL_CABLE,86.96,100.0,100.0,0,,94.13,MATCH,11
CPSE-B,4CX10 SQMM PVC CABLE 1.1KV,4CX10 SQMM PVC CABLE 1.1KV,CM0064,3C X 4 SQMM PVC CABLE 1.1KV,ELECTRICAL_CABLE,86.96,100.0,100.0,0,,94.13,MATCH,12
CPSE-B,4CX10 SQMM PVC CABLE 1.1KV,4CX10 SQMM PVC CABLE 1.1KV,CM0065,3C X 6 SQMM PVC CABLE 1.1KV,ELECTRICAL_CABLE,86.96,100.0,100.0,0,,94.13,MATCH,13
CPSE-B,4CX10 SQMM PVC CABLE 1.1KV,4CX10 SQMM PVC CABLE 1.1KV,CM0069,3C X 35 SQMM PVC CABLE 1.1KV,ELECTRICAL_CABLE,86.96,100.0,100.0,0,,94.13,MATCH,14
CPSE-C,4CX10 SQMM PVC CABLE 1.1KV,4CX10 SQMM PVC CABLE 1.1KV,CM0061,1C X 2.5 SQMM PVC CABLE 1.1KV,ELECTRICAL_CABLE,86.96,100.0,100.0,0,,94.13,MATCH,15
CPSE-C,4CX10 SQMM PVC CABLE 1.1KV,4CX10 SQMM PVC CABLE 1.1KV,CM0062,1C X 4 SQMM PVC CABLE 1.1KV,ELECTRICAL_CABLE,86.96,100.0,100.0,0,,94.13,MATCH,16
CPSE-C,4CX10 SQMM PVC CABLE 1.1KV,4CX10 SQMM PVC CABLE 1.1KV,CM0063,3C X 2.5 SQMM PVC CABLE 1.1KV,ELECTRICAL_CABLE,86.96,100.0,100.0,0,,94.13,MATCH,17
CPSE-C,4CX10 SQMM PVC CABLE 1.1KV,4CX10 SQMM PVC CABLE 1.1KV,CM0064,3C X 4 SQMM PVC CABLE 1.1KV,ELECTRICAL_CABLE,86.96,100.0,100.0,0,,94.13,MATCH,18
CPSE-C,4CX10 SQMM PVC CABLE 1.1KV,4CX10 SQMM PVC CABLE 1.1KV,CM0065,3C X 6 SQMM PVC CABLE 1.1KV,ELECTRICAL_CABLE,86.96,100.0,100.0,0,,94.13,MATCH,19
CPSE-C,4CX10 SQMM PVC CABLE 1.1KV,4CX10 SQMM PVC CABLE 1.1KV,CM0069,3C X 35 SQMM PVC CABLE 1.1KV,ELECTRICAL_CABLE,86.96,100.0,100.0,0,,94.13,MATCH,20
CPSE-C,4CX16 SQMM PVC CABLE 1.1KV,4CX16 SQMM PVC CABLE 1.1KV,CM0066,4C X 10 SQMM PVC CABLE 1.1KV,ELECTRICAL_CABLE,88.89,100.0,100.0,0,,95.0,MATCH,1
CPSE-C,4CX16 SQMM PVC CABLE 1.1KV,4CX16 SQMM PVC CABLE 1.1KV,CM0067,4C X 16 SQMM PVC CABLE 1.1KV,ELECTRICAL_CABLE,88.89,100.0,100.0,0,,95.0,MATCH,2
CPSE-C,4CX16 SQMM PVC CABLE 1.1KV,4CX16 SQMM PVC CABLE 1.1KV,CM0068,4C X 25 SQMM PVC CABLE 1.1KV,ELECTRICAL_CABLE,88.89,100.0,100.0,0,,95.0,MATCH,3
CPSE-C,4CX16 SQMM PVC CABLE 1.1KV,4CX16 SQMM PVC CABLE 1.1KV,CM0070,4C X 50 SQMM PVC CABLE 1.1KV,ELECTRICAL_CABLE,88.89,100.0,100.0,0,,95.0,MATCH,4
CPSE-B,4CX16 SQMM PVC CABLE 1.1KV,4CX16 SQMM PVC CABLE 1.1KV,CM0066,4C X 10 SQMM PVC CABLE 1.1KV,ELECTRICAL_CABLE,88.89,100.0,100.0,0,,95.0,MATCH,5
CPSE-B,4CX16 SQMM PVC CABLE 1.1KV,4CX16 SQMM PVC CABLE 1.1KV,CM0067,4C X 16 SQMM PVC CABLE 1.1KV,ELECTRICAL_CABLE,88.89,100.0,100.0,0,,95.0,MATCH,6
CPSE-B,4CX16 SQMM PVC CABLE 1.1KV,4CX16 SQMM PVC CABLE 1.1KV,CM0068,4C X 25 SQMM PVC CABLE 1.1KV,ELECTRICAL_CABLE,88.89,100.0,100.0,0,,95.0,MATCH,7
CPSE-B,4CX16 SQMM PVC CABLE 1.1KV,4CX16 SQMM PVC CABLE 1.1KV,CM0070,4C X 50 SQMM PVC CABLE 1.1KV,ELECTRICAL_CABLE,88.89,100.0,100.0,0,,95.0,MATCH,8
CPSE-C,4CX16 SQMM PVC CABLE 1.1KV,4CX16 SQMM PVC CABLE 1.1KV,CM0061,1C X 2.5 SQMM PVC CABLE 1.1KV,ELECTRICAL_CABLE,86.96,100.0,100.0,0,,94.13,MATCH,9
CPSE-C,4CX16 SQMM PVC CABLE 1.1KV,4CX16 SQMM PVC CABLE 1.1KV,CM0062,1C X 4 SQMM PVC CABLE 1.1KV,ELECTRICAL_CABLE,86.96,100.0,100.0,0,,94.13,MATCH,10
CPSE-C,4CX16 SQMM PVC CABLE 1.1KV,4CX16 SQMM PVC CABLE 1.1KV,CM0063,3C X 2.5 SQMM PVC CABLE 1.1KV,ELECTRICAL_CABLE,86.96,100.0,100.0,0,,94.13,MATCH,11
CPSE-C,4CX16 SQMM PVC CABLE 1.1KV,4CX16 SQMM PVC CABLE 1.1KV,CM0064,3C X 4 SQMM PVC CABLE 1.1KV,ELECTRICAL_CABLE,86.96,100.0,100.0,0,,94.13,MATCH,12
CPSE-C,4CX16 SQMM PVC CABLE 1.1KV,4CX16 SQMM PVC CABLE 1.1KV,CM0065,3C X 6 SQMM PVC CABLE 1.1KV,ELECTRICAL_CABLE,86.96,100.0,100.0,0,,94.13,MATCH,13
CPSE-C,4CX16 SQMM PVC CABLE 1.1KV,4CX16 SQMM PVC CABLE 1.1KV,CM0069,3C X 35 SQMM PVC CABLE 1.1KV,ELECTRICAL_CABLE,86.96,100.0,100.0,0,,94.13,MATCH,14
CPSE-B,4CX16 SQMM PVC CABLE 1.1KV,4CX16 SQMM PVC CABLE 1.1KV,CM0061,1C X 2.5 SQMM PVC CABLE 1.1KV,ELECTRICAL_CABLE,86.96,100.0,100.0,0,,94.13,MATCH,15
CPSE-B,4CX16 SQMM PVC CABLE 1.1KV,4CX16 SQMM PVC CABLE 1.1KV,CM0062,1C X 4 SQMM PVC CABLE 1.1KV,ELECTRICAL_CABLE,86.96,100.0,100.0,0,,94.13,MATCH,16
CPSE-B,4CX16 SQMM PVC CABLE 1.1KV,4CX16 SQMM PVC CABLE 1.1KV,CM0063,3C X 2.5 SQMM PVC CABLE 1.1KV,ELECTRICAL_CABLE,86.96,100.0,100.0,0,,94.13,MATCH,17
CPSE-B,4CX16 SQMM PVC CABLE 1.1KV,4CX16 SQMM PVC CABLE 1.1KV,CM0064,3C X 4 SQMM PVC CABLE 1.1KV,ELECTRICAL_CABLE,86.96,100.0,100.0,0,,94.13,MATCH,18
CPSE-B,4CX16 SQMM PVC CABLE 1.1KV,4CX16 SQMM PVC CABLE 1.1KV,CM0065,3C X 6 SQMM PVC CABLE 1.1KV,ELECTRICAL_CABLE,86.96,100.0,100.0,0,,94.13,MATCH,19
CPSE-B,4CX16 SQMM PVC CABLE 1.1KV,4CX16 SQMM PVC CABLE 1.1KV,CM0069,3C X 35 SQMM PVC CABLE 1.1KV,ELECTRICAL_CABLE,86.96,100.0,100.0,0,,94.13,MATCH,20
CPSE-C,4CX25 SQMM PVC CABLE 1.1KV,4CX25 SQMM PVC CABLE 1.1KV,CM0066,4C X 10 SQMM PVC CABLE 1.1KV,ELECTRICAL_CABLE,88.89,100.0,100.0,0,,95.0,MATCH,1
CPSE-C,4CX25 SQMM PVC CABLE 1.1KV,4CX25 SQMM PVC CABLE 1.1KV,CM0067,4C X 16 SQMM PVC CABLE 1.1KV,ELECTRICAL_CABLE,88.89,100.0,100.0,0,,95.0,MATCH,2
CPSE-C,4CX25 SQMM PVC CABLE 1.1KV,4CX25 SQMM PVC CABLE 1.1KV,CM0068,4C X 25 SQMM PVC CABLE 1.1KV,ELECTRICAL_CABLE,88.89,100.0,100.0,0,,95.0,MATCH,3
CPSE-C,4CX25 SQMM PVC CABLE 1.1KV,4CX25 SQMM PVC CABLE 1.1KV,CM0070,4C X 50 SQMM PVC CABLE 1.1KV,ELECTRICAL_CABLE,88.89,100.0,100.0,0,,95.0,MATCH,4
CPSE-B,4CX25 SQMM PVC CABLE 1.1KV,4CX25 SQMM PVC CABLE 1.1KV,CM0066,4C X 10 SQMM PVC CABLE 1.1KV,ELECTRICAL_CABLE,88.89,100.0,100.0,0,,95.0,MATCH,5
CPSE-B,4CX25 SQMM PVC CABLE 1.1KV,4CX25 SQMM PVC CABLE 1.1KV,CM0067,4C X 16 SQMM PVC CABLE 1.1KV,ELECTRICAL_CABLE,88.89,100.0,100.0,0,,95.0,MATCH,6
CPSE-B,4CX25 SQMM PVC CABLE 1.1KV,4CX25 SQMM PVC CABLE 1.1KV,CM0068,4C X 25 SQMM PVC CABLE 1.1KV,ELECTRICAL_CABLE,88.89,100.0,100.0,0,,95.0,MATCH,7
CPSE-B,4CX25 SQMM PVC CABLE 1.1KV,4CX25 SQMM PVC CABLE 1.1KV,CM0070,4C X 50 SQMM PVC CABLE 1.1KV,ELECTRICAL_CABLE,88.89,100.0,100.0,0,,95.0,MATCH,8
CPSE-C,4CX25 SQMM PVC CABLE 1.1KV,4CX25 SQMM PVC CABLE 1.1KV,CM0061,1C X 2.5 SQMM PVC CABLE 1.1KV,ELECTRICAL_CABLE,87.27,100.0,100.0,0,,94.27,MATCH,9
CPSE-B,4CX25 SQMM PVC CABLE 1.1KV,4CX25 SQMM PVC CABLE 1.1KV,CM0061,1C X 2.5 SQMM PVC CABLE 1.1KV,ELECTRICAL_CABLE,87.27,100.0,100.0,0,,94.27,MATCH,10
CPSE-C,4CX25 SQMM PVC CABLE 1.1KV,4CX25 SQMM PVC CABLE 1.1KV,CM0062,1C X 4 SQMM PVC CABLE 1.1KV,ELECTRICAL_CABLE,86.96,100.0,100.0,0,,94.13,MATCH,11
CPSE-C,4CX25 SQMM PVC CABLE 1.1KV,4CX25 SQMM PVC CABLE 1.1KV,CM0063,3C X 2.5 SQMM PVC CABLE 1.1KV,ELECTRICAL_CABLE,86.96,100.0,100.0,0,,94.13,MATCH,12
CPSE-C,4CX25 SQMM PVC CABLE 1.1KV,4CX25 SQMM PVC CABLE 1.1KV,CM0064,3C X 4 SQMM PVC CABLE 1.1KV,ELECTRICAL_CABLE,86.96,100.0,100.0,0,,94.13,MATCH,13
CPSE-C,4CX25 SQMM PVC CABLE 1.1KV,4CX25 SQMM PVC CABLE 1.1KV,CM0065,3C X 6 SQMM PVC CABLE 1.1KV,ELECTRICAL_CABLE,86.96,100.0,100.0,0,,94.13,MATCH,14
CPSE-C,4CX25 SQMM PVC CABLE 1.1KV,4CX25 SQMM PVC CABLE 1.1KV,CM0069,3C X 35 SQMM PVC CABLE 1.1KV,ELECTRICAL_CABLE,86.96,100.0,100.0,0,,94.13,MATCH,15
CPSE-B,4CX25 SQMM PVC CABLE 1.1KV,4CX25 SQMM PVC CABLE 1.1KV,CM0062,1C X 4 SQMM PVC CABLE 1.1KV,ELECTRICAL_CABLE,86.96,100.0,100.0,0,,94.13,MATCH,16
CPSE-B,4CX25 SQMM PVC CABLE 1.1KV,4CX25 SQMM PVC CABLE 1.1KV,CM0063,3C X 2.5 SQMM PVC CABLE 1.1KV,ELECTRICAL_CABLE,86.96,100.0,100.0,0,,94.13,MATCH,17
CPSE-B,4CX25 SQMM PVC CABLE 1.1KV,4CX25 SQMM PVC CABLE 1.1KV,CM0064,3C X 4 SQMM PVC CABLE 1.1KV,ELECTRICAL_CABLE,86.96,100.0,100.0,0,,94.13,MATCH,18
CPSE-B,4CX25 SQMM PVC CABLE 1.1KV,4CX25 SQMM PVC CABLE 1.1KV,CM0065,3C X 6 SQMM PVC CABLE 1.1KV,ELECTRICAL_CABLE,86.96,100.0,100.0,0,,94.13,MATCH,19
CPSE-B,4CX25 SQMM PVC CABLE 1.1KV,4CX25 SQMM PVC CABLE 1.1KV,CM0069,3C X 35 SQMM PVC CABLE 1.1KV,ELECTRICAL_CABLE,86.96,100.0,100.0,0,,94.13,MATCH,20
CPSE-B,4CX50 SQMM PVC CABLE 1.1KV,4CX50 SQMM PVC CABLE 1.1KV,CM0070,4C X 50 SQMM PVC CABLE 1.1KV,ELECTRICAL_CABLE,92.59,100.0,100.0,0,,96.67,MATCH,1
CPSE-C,4CX50 SQMM PVC CABLE 1.1KV,4CX50 SQMM PVC CABLE 1.1KV,CM0070,4C X 50 SQMM PVC CABLE 1.1KV,ELECTRICAL_CABLE,92.59,100.0,100.0,0,,96.67,MATCH,2
CPSE-B,4CX50 SQMM PVC CABLE 1.1KV,4CX50 SQMM PVC CABLE 1.1KV,CM0066,4C X 10 SQMM PVC CABLE 1.1KV,ELECTRICAL_CABLE,88.89,100.0,100.0,0,,95.0,MATCH,3
CPSE-B,4CX50 SQMM PVC CABLE 1.1KV,4CX50 SQMM PVC CABLE 1.1KV,CM0067,4C X 16 SQMM PVC CABLE 1.1KV,ELECTRICAL_CABLE,88.89,100.0,100.0,0,,95.0,MATCH,4
CPSE-B,4CX50 SQMM PVC CABLE 1.1KV,4CX50 SQMM PVC CABLE 1.1KV,CM0068,4C X 25 SQMM PVC CABLE 1.1KV,ELECTRICAL_CABLE,88.89,100.0,100.0,0,,95.0,MATCH,5
CPSE-C,4CX50 SQMM PVC CABLE 1.1KV,4CX50 SQMM PVC CABLE 1.1KV,CM0066,4C X 10 SQMM PVC CABLE 1.1KV,ELECTRICAL_CABLE,88.89,100.0,100.0,0,,95.0,MATCH,6
CPSE-C,4CX50 SQMM PVC CABLE 1.1KV,4CX50 SQMM PVC CABLE 1.1KV,CM0067,4C X 16 SQMM PVC CABLE 1.1KV,ELECTRICAL_CABLE,88.89,100.0,100.0,0,,95.0,MATCH,7
CPSE-C,4CX50 SQMM PVC CABLE 1.1KV,4CX50 SQMM PVC CABLE 1.1KV,CM0068,4C X 25 SQMM PVC CABLE 1.1KV,ELECTRICAL_CABLE,88.89,100.0,100.0,0,,95.0,MATCH,8
CPSE-B,4CX50 SQMM PVC CABLE 1.1KV,4CX50 SQMM PVC CABLE 1.1KV,CM0061,1C X 2.5 SQMM PVC CABLE 1.1KV,ELECTRICAL_CABLE,86.96,100.0,100.0,0,,94.13,MATCH,9
CPSE-B,4CX50 SQMM PVC CABLE 1.1KV,4CX50 SQMM PVC CABLE 1.1KV,CM0062,1C X 4 SQMM PVC CABLE 1.1KV,ELECTRICAL_CABLE,86.96,100.0,100.0,0,,94.13,MATCH,10
CPSE-B,4CX50 SQMM PVC CABLE 1.1KV,4CX50 SQMM PVC CABLE 1.1KV,CM0063,3C X 2.5 SQMM PVC CABLE 1.1KV,ELECTRICAL_CABLE,86.96,100.0,100.0,0,,94.13,MATCH,11
CPSE-B,4CX50 SQMM PVC CABLE 1.1KV,4CX50 SQMM PVC CABLE 1.1KV,CM0064,3C X 4 SQMM PVC CABLE 1.1KV,ELECTRICAL_CABLE,86.96,100.0,100.0,0,,94.13,MATCH,12
CPSE-B,4CX50 SQMM PVC CABLE 1.1KV,4CX50 SQMM PVC CABLE 1.1KV,CM0065,3C X 6 SQMM PVC CABLE 1.1KV,ELECTRICAL_CABLE,86.96,100.0,100.0,0,,94.13,MATCH,13
CPSE-B,4CX50 SQMM PVC CABLE 1.1KV,4CX50 SQMM PVC CABLE 1.1KV,CM0069,3C X 35 SQMM PVC CABLE 1.1KV,ELECTRICAL_CABLE,86.96,100.0,100.0,0,,94.13,MATCH,14
CPSE-C,4CX50 SQMM PVC CABLE 1.1KV,4CX50 SQMM PVC CABLE 1.1KV,CM0061,1C X 2.5 SQMM PVC CABLE 1.1KV,ELECTRICAL_CABLE,86.96,100.0,100.0,0,,94.13,MATCH,15
CPSE-C,4CX50 SQMM PVC CABLE 1.1KV,4CX50 SQMM PVC CABLE 1.1KV,CM0062,1C X 4 SQMM PVC CABLE 1.1KV,ELECTRICAL_CABLE,86.96,100.0,100.0,0,,94.13,MATCH,16
CPSE-C,4CX50 SQMM PVC CABLE 1.1KV,4CX50 SQMM PVC CABLE 1.1KV,CM0063,3C X 2.5 SQMM PVC CABLE 1.1KV,ELECTRICAL_CABLE,86.96,100.0,100.0,0,,94.13,MATCH,17
CPSE-C,4CX50 SQMM PVC CABLE 1.1KV,4CX50 SQMM PVC CABLE 1.1KV,CM0064,3C X 4 SQMM PVC CABLE 1.1KV,ELECTRICAL_CABLE,86.96,100.0,100.0,0,,94.13,MATCH,18
CPSE-C,4CX50 SQMM PVC CABLE 1.1KV,4CX50 SQMM PVC CABLE 1.1KV,CM0065,3C X 6 SQMM PVC CABLE 1.1KV,ELECTRICAL_CABLE,86.96,100.0,100.0,0,,94.13,MATCH,19
CPSE-C,4CX50 SQMM PVC CABLE 1.1KV,4CX50 SQMM PVC CABLE 1.1KV,CM0069,3C X 35 SQMM PVC CABLE 1.1KV,ELECTRICAL_CABLE,86.96,100.0,100.0,0,,94.13,MATCH,20
CPSE-C,6 IN CS BFV 150 CLASS,6IN CARBON STEEL BFV 150 CLASS,CM0025,6 IN CS BUTTERFLY VALVE 150 CLASS,VALVE,60.32,100.0,100.0,0,,82.14,REVIEW,1
CPSE-A,6 IN CS BUTTERFLY VLV 150 CLASS,6IN CARBON STEEL BUTTERFLY VALVE 150 CLASS,CM0025,6 IN CS BUTTERFLY VALVE 150 CLASS,VALVE,86.21,100.0,100.0,0,,93.79,MATCH,1
CPSE-A,6 IN CS SEAMLESS PIP SCH80,6IN CARBON STEEL SEAMLESS PIP SCH80,CM0034,6 IN CS SEAMLESS PIPE SCH80,PIPE,77.42,100.0,100.0,0,,89.84,MATCH,1
CPSE-C,6 IN CS SEAMLESS PIPE SCH80,6IN CARBON STEEL SEAMLESS PIPE SCH80,CM0034,6 IN CS SEAMLESS PIPE SCH80,PIPE,82.61,100.0,100.0,0,,92.17,MATCH,1
CPSE-A,6 IN CS SLIP ON FLG 150 CLASS,6IN CARBON STEEL SLIP ON FLANGE 150 CLASS,CM0045,6 IN CS SLIP ON FLANGE 150 CLASS,FLANGE,85.71,100.0,100.0,0,,93.57,MATCH,1
CPSE-C,6 IN CS SO FLG 150 CLASS,6IN CARBON STEEL SO FLANGE 150 CLASS,CM0045,6 IN CS SLIP ON FLANGE 150 CLASS,FLANGE,76.47,100.0,100.0,0,,89.41,MATCH,1
CPSE-C,6 IN CS SO FLG 150 CLASS,6IN CARBON STEEL SO FLANGE 150 CLASS,CM0050,6 IN SS316 WELD NECK FLANGE 150 CLASS,FLANGE,73.97,100.0,100.0,0,,88.29,MATCH,2
CPSE-C,6 IN PTFE FF GASKET 300 CLASS,6IN PTFE FF GASKET 300 CLASS,CM0058,6 IN PTFE FULL FACE GASKET 300 CLASS,GASKET,85.71,100.0,100.0,0,,93.57,MATCH,1
CPSE-A,6 IN PTFE FULL FACE GKT 300 CLASS,6IN PTFE FULL FACE GASKET 300 CLASS,CM0058,6 IN PTFE FULL FACE GASKET 300 CLASS,GASKET,98.59,100.0,100.0,0,,99.37,MATCH,1
CPSE-A,6 IN SPIRAL WOUND GRAPHITE GKT 150 CLASS,6IN SPIRAL WOUND GRAPHITE GASKET 150 CLASS,CM0054,6 IN SPIRAL WOUND GRAPHITE GASKET 150 CLASS,GASKET,98.82,100.0,100.0,0,,99.47,MATCH,1
CPSE-A,6 IN SS304 SEAMLESS PIP SCH40,6IN SS304 SEAMLESS PIP SCH40,CM0039,6 IN SS304 SEAMLESS PIPE SCH40,PIPE,96.55,100.0,100.0,0,,98.45,MATCH,1
CPSE-C,6 IN SS304 SEAMLESS PIPE SCH40,6IN SS304 SEAMLESS PIPE SCH40,CM0039,6 IN SS304 SEAMLESS PIPE SCH40,PIPE,98.31,100.0,100.0,0,,99.24,MATCH,1
CPSE-A,6 IN SS316 BALL VLV 300 CLASS,6IN SS316 BALL VALVE 300 CLASS,CM0027,6 IN SS316 BALL VALVE 300 CLASS,VALVE,98.36,100.0,100.0,0,,99.26,MATCH,1
CPSE-C,6 IN SS316 BLV 300 CLASS,6IN SS316 BLV 300 CLASS,CM0027,6 IN SS316 BALL VALVE 300 CLASS,VALVE,81.48,100.0,100.0,0,,91.67,MATCH,1
CPSE-A,6 IN SS316 WELD NECK FLG 150 CLASS,6IN SS316 WELD NECK FLANGE 150 CLASS,CM0050,6 IN SS316 WELD NECK FLANGE 150 CLASS,FLANGE,98.63,100.0,100.0,0,,99.38,MATCH,1
CPSE-C,6 IN SS316 WN FLG 150 CLASS,6IN SS316 WN FLANGE 150 CLASS,CM0050,6 IN SS316 WELD NECK FLANGE 150 CLASS,FLANGE,86.27,100.0,100.0,0,,93.82,MATCH,1
CPSE-C,6 IN SS316 WN FLG 150 CLASS,6IN SS316 WN FLANGE 150 CLASS,CM0045,6 IN CS SLIP ON FLANGE 150 CLASS,FLANGE,72.13,100.0,100.0,0,,87.46,MATCH,2
CPSE-C,6 IN SW GRAPHITE GASKET 150 CLASS,6IN SW GRAPHITE GASKET 150 CLASS,CM0054,6 IN SPIRAL WOUND GRAPHITE GASKET 150 CLASS,GASKET,87.72,100.0,100.0,0,,94.47,MATCH,1
CPSE-B,"6""CS BUTTERFLY VAL 150#",6INCS BUTTERFLY VAL 150#,CM0025,6 IN CS BUTTERFLY VALVE 150 CLASS,VALVE,73.68,0.0,100.0,0,,43.16,NO_MATCH,1
CPSE-B,"6""CS BUTTERFLY VAL 150#",6INCS BUTTERFLY VAL 150#,CM0029,10 IN CS BUTTERFLY VALVE 150 CLASS,VALVE,68.97,0.0,100.0,0,,41.03,NO_MATCH,2
CPSE-B,"6""CS BUTTERFLY VAL 150#",6INCS BUTTERFLY VAL 150#,CM0023,3 IN CS GATE VALVE 150 CLASS,VALVE,50.0,0.0,100.0,0,,32.5,NO_MATCH,3
CPSE-B,"6""CS BUTTERFLY VAL 150#",6INCS BUTTERFLY VAL 150#,CM0030,2 IN CS GLOBE VALVE 150 CLASS,VALVE,49.06,0.0,100.0,0,,32.08,NO_MATCH,4
CPSE-B,"6""CS BUTTERFLY VAL 150#",6INCS BUTTERFLY VAL 150#,CM0021,2 IN SS304 GATE VALVE 150 CLASS,VALVE,47.27,0.0,100.0,0,,31.27,NO_MATCH,5
CPSE-B,"6""CS BUTTERFLY VAL 150#",6INCS BUTTERFLY VAL 150#,CM0026,4 IN SS304 GATE VALVE 150 CLASS,VALVE,47.27,0.0,100.0,0,,31.27,NO_MATCH,6
CPSE-B,"6""CS BUTTERFLY VAL 150#",6INCS BUTTERFLY VAL 150#,CM0028,8 IN CS GATE VALVE 300 CLASS,VALVE,42.31,0.0,100.0,0,,29.04,NO_MATCH,7
CPSE-B,"6""CS BUTTERFLY VAL 150#",6INCS BUTTERFLY VAL 150#,CM0022,2 IN SS304 GATE VALVE 300 CLASS,VALVE,40.0,0.0,100.0,0,,28.0,NO_MATCH,8
CPSE-B,"6""CS BUTTERFLY VAL 150#",6INCS BUTTERFLY VAL 150#,CM0024,4 IN SS316 BALL VALVE 150 CLASS,VALVE,40.0,0.0,100.0,0,,28.0,NO_MATCH,9
CPSE-B,"6""CS BUTTERFLY VAL 150#",6INCS BUTTERFLY VAL 150#,CM0027,6 IN SS316 BALL VALVE 300 CLASS,VALVE,36.36,0.0,100.0,0,,26.36,NO_MATCH,10
CPSE-B,"6""CS SEAMLESS PIPE SCH80",6INCS SEAMLESS PIPE SCH80,CM0034,6 IN CS SEAMLESS PIPE SCH80,PIPE,88.46,100.0,100.0,0,,94.81,MATCH,1
CPSE-B,"6""CS SEAMLESS PIPE SCH80",6INCS SEAMLESS PIPE SCH80,CM0038,4 IN CS SEAMLESS PIPE SCH80,PIPE,86.36,100.0,100.0,0,,93.86,MATCH,2
CPSE-B,"6""CS SEAMLESS PIPE SCH80",6INCS SEAMLESS PIPE SCH80,CM0040,8 IN CS SEAMLESS PIPE SCH80,PIPE,86.36,100.0,100.0,0,,93.86,MATCH,3
CPSE-B,"6""CS SLIP ON FLG 150#",6INCS SLIP ON FLANGE 150#,CM0045,6 IN CS SLIP ON FLANGE 150 CLASS,FLANGE,77.19,100.0,100.0,0,,89.74,MATCH,1
CPSE-B,"6""CS SLIP ON FLG 150#",6INCS SLIP ON FLANGE 150#,CM0043,3 IN CS SLIP ON FLANGE 150 CLASS,FLANGE,73.68,100.0,100.0,0,,88.16,MATCH,2
CPSE-B,"6""CS SLIP ON FLG 150#",6INCS SLIP ON FLANGE 150#,CM0047,10 IN SS304 SLIP ON FLANGE 150 CLASS,FLANGE,72.13,100.0,100.0,0,,87.46,MATCH,3
CPSE-B,"6""CS SLIP ON FLG 150#",6INCS SLIP ON FLANGE 150#,CM0049,4 IN SS304 SLIP ON FLANGE 300 CLASS,FLANGE,71.79,100.0,100.0,0,,87.31,MATCH,4
CPSE-B,"6""PTFE FULL FACE GASK 300#",6INPTFE FULL FACE GASK 300#,CM0058,6 IN PTFE FULL FACE GASKET 300 CLASS,GASKET,66.67,100.0,100.0,0,,85.0,MATCH,1
CPSE-B,"6""PTFE FULL FACE GASK 300#",6INPTFE FULL FACE GASK 300#,CM0055,8 IN PTFE FULL FACE GASKET 150 CLASS,GASKET,57.14,100.0,100.0,0,,80.71,REVIEW,2
CPSE-B,"6""PTFE FULL FACE GASK 300#",6INPTFE FULL FACE GASK 300#,CM0056,2 IN PTFE FULL FACE GASKET 150 CLASS,GASKET,57.14,100.0,100.0,0,,80.71,REVIEW,3
CPSE-B,"6""SPIRAL WOUND GRAPHITE GASK 150#",6INSPIRAL WOUND GRAPHITE GASK 150#,CM0054,6 IN SPIRAL WOUND GRAPHITE GASKET 150 CLASS,GASKET,72.73,100.0,100.0,0,,87.73,MATCH,1
CPSE-B,"6""SPIRAL WOUND GRAPHITE GASK 150#",6INSPIRAL WOUND GRAPHITE GASK 150#,CM0051,2 IN SPIRAL WOUND SS GRAPHITE GASKET 150 CLASS,GASKET,72.5,100.0,100.0,0,,87.62,MATCH,2
CPSE-B,"6""SPIRAL WOUND GRAPHITE GASK 150#",6INSPIRAL WOUND GRAPHITE GASK 150#,CM0052,3 IN SPIRAL WOUND SS GRAPHITE GASKET 150 CLASS,GASKET,72.5,100.0,100.0,0,,87.62,MATCH,3
CPSE-B,"6""SPIRAL WOUND GRAPHITE GASK 150#",6INSPIRAL WOUND GRAPHITE GASK 150#,CM0059,10 IN GRAPHITE SPIRAL WOUND GASKET 150 CLASS,GASKET,69.23,100.0,100.0,0,,86.15,MATCH,4
CPSE-B,"6""SPIRAL WOUND GRAPHITE GASK 150#",6INSPIRAL WOUND GRAPHITE GASK 150#,CM0060,12 IN GRAPHITE SPIRAL WOUND GASKET 300 CLASS,GASKET,66.67,100.0,100.0,0,,85.0,MATCH,5
CPSE-B,"6""SPIRAL WOUND GRAPHITE GASK 150#",6INSPIRAL WOUND GRAPHITE GASK 150#,CM0053,4 IN SPIRAL WOUND GRAPHITE GASKET 300 CLASS,GASKET,64.94,100.0,100.0,0,,84.22,REVIEW,6
CPSE-B,"6""SPIRAL WOUND GRAPHITE GASK 150#",6INSPIRAL WOUND GRAPHITE GASK 150#,CM0057,4 IN SS GRAPHITE GASKET 150 CLASS,GASKET,62.69,100.0,100.0,0,,83.21,REVIEW,7
CPSE-B,"6""SS304 SEAMLESS PIPE SCH40",6INSS304 SEAMLESS PIPE SCH40,CM0039,6 IN SS304 SEAMLESS PIPE SCH40,PIPE,96.55,100.0,100.0,0,,98.45,MATCH,1
CPSE-B,"6""SS304 SEAMLESS PIPE SCH40",6INSS304 SEAMLESS PIPE SCH40,CM0033,4 IN SS304 SEAMLESS PIPE SCH40,PIPE,93.1,100.0,100.0,0,,96.9,MATCH,2
CPSE-B,"6""SS304 SEAMLESS PIPE SCH40",6INSS304 SEAMLESS PIPE SCH40,CM0035,8 IN SS316 SEAMLESS PIPE SCH40,PIPE,86.21,100.0,100.0,0,,93.79,MATCH,3
CPSE-B,"6""SS304 SEAMLESS PIPE SCH40",6INSS304 SEAMLESS PIPE SCH40,CM0037,3 IN SS316 SEAMLESS PIPE SCH40,PIPE,86.21,100.0,100.0,0,,93.79,MATCH,4
CPSE-B,"6""SS304 SEAMLESS PIPE SCH40",6INSS304 SEAMLESS PIPE SCH40,CM0031,2 IN CS SEAMLESS PIPE SCH40,PIPE,82.61,100.0,100.0,0,,92.17,MATCH,5
CPSE-B,"6""SS304 SEAMLESS PIPE SCH40",6INSS304 SEAMLESS PIPE SCH40,CM0032,3 IN CS SEAMLESS PIPE SCH40,PIPE,82.61,100.0,100.0,0,,92.17,MATCH,6
CPSE-B,"6""SS316 BALL VAL 300#",6INSS316 BALL VAL 300#,CM0027,6 IN SS316 BALL VALVE 300 CLASS,VALVE,79.25,0.0,100.0,0,,45.66,NO_MATCH,1
CPSE-B,"6""SS316 BALL VAL 300#",6INSS316 BALL VAL 300#,CM0024,4 IN SS316 BALL VALVE 150 CLASS,VALVE,67.92,0.0,100.0,0,,40.57,NO_MATCH,2
CPSE-B,"6""SS316 BALL VAL 300#",6INSS316 BALL VAL 300#,CM0022,2 IN SS304 GATE VALVE 300 CLASS,VALVE,49.06,0.0,100.0,0,,32.08,NO_MATCH,3
CPSE-B,"6""SS316 BALL VAL 300#",6INSS316 BALL VAL 300#,CM0028,8 IN CS GATE VALVE 300 CLASS,VALVE,48.0,0.0,100.0,0,,31.6,NO_MATCH,4
CPSE-B,"6""SS316 BALL VAL 300#",6INSS316 BALL VAL 300#,CM0021,2 IN SS304 GATE VALVE 150 CLASS,VALVE,41.51,0.0,100.0,0,,28.68,NO_MATCH,5
CPSE-B,"6""SS316 BALL VAL 300#",6INSS316 BALL VAL 300#,CM0026,4 IN SS304 GATE VALVE 150 CLASS,VALVE,41.51,0.0,100.0,0,,28.68,NO_MATCH,6
CPSE-B,"6""SS316 BALL VAL 300#",6INSS316 BALL VAL 300#,CM0023,3 IN CS GATE VALVE 150 CLASS,VALVE,40.0,0.0,100.0,0,,28.0,NO_MATCH,7
CPSE-B,"6""SS316 BALL VAL 300#",6INSS316 BALL VAL 300#,CM0025,6 IN CS BUTTERFLY VALVE 150 CLASS,VALVE,40.0,0.0,100.0,0,,28.0,NO_MATCH,8
CPSE-B,"6""SS316 BALL VAL 300#",6INSS316 BALL VAL 300#,CM0029,10 IN CS BUTTERFLY VALVE 150 CLASS,VALVE,39.29,0.0,100.0,0,,27.68,NO_MATCH,9
CPSE-B,"6""SS316 BALL VAL 300#",6INSS316 BALL VAL 300#,CM0030,2 IN CS GLOBE VALVE 150 CLASS,VALVE,39.22,0.0,100.0,0,,27.65,NO_MATCH,10
CPSE-B,"6""SS316 WELD NECK FLG 150#",6INSS316 WELD NECK FLANGE 150#,CM0050,6 IN SS316 WELD NECK FLANGE 150 CLASS,FLANGE,86.57,100.0,100.0,0,,93.96,MATCH,1
CPSE-B,"6""SS316 WELD NECK FLG 150#",6INSS316 WELD NECK FLANGE 150#,CM0042,2 IN SS304 WELD NECK FLANGE 150 CLASS,FLANGE,77.61,100.0,100.0,0,,89.93,MATCH,2
CPSE-B,"6""SS316 WELD NECK FLG 150#",6INSS316 WELD NECK FLANGE 150#,CM0044,4 IN SS316 WELD NECK FLANGE 300 CLASS,FLANGE,77.61,100.0,100.0,0,,89.93,MATCH,3
CPSE-B,"6""SS316 WELD NECK FLG 150#",6INSS316 WELD NECK FLANGE 150#,CM0041,2 IN CS WELD NECK FLANGE 150 CLASS,FLANGE,71.88,100.0,100.0,0,,87.34,MATCH,4
CPSE-B,"6""SS316 WELD NECK FLG 150#",6INSS316 WELD NECK FLANGE 150#,CM0048,12 IN CS WELD NECK FLANGE 150 CLASS,FLANGE,70.77,100.0,100.0,0,,86.85,MATCH,5
CPSE-B,"6""SS316 WELD NECK FLG 150#",6INSS316 WELD NECK FLANGE 150#,CM0046,8 IN CS WELD NECK FLANGE 300 CLASS,FLANGE,69.57,100.0,100.0,0,,86.3,MATCH,6
CPSE-A,8 IN CS GATE VLV 300 CLASS,8IN CARBON STEEL GATE VALVE 300 CLASS,CM0028,8 IN CS GATE VALVE 300 CLASS,VALVE,83.33,100.0,100.0,0,,92.5,MATCH,1
CPSE-C,8 IN CS GTV 300 CLASS,8IN CARBON STEEL GTV 300 CLASS,CM0028,8 IN CS GATE VALVE 300 CLASS,VALVE,62.07,100.0,100.0,0,,82.93,REVIEW,1
CPSE-A,8 IN CS SEAMLESS PIP SCH80,8IN CARBON STEEL SEAMLESS PIP SCH80,CM0040,8 IN CS SEAMLESS PIPE SCH80,PIPE,77.42,100.0,100.0,0,,89.84,MATCH,1
CPSE-C,8 IN CS SEAMLESS PIPE SCH80,8IN CARBON STEEL SEAMLESS PIPE SCH80,CM0040,8 IN CS SEAMLESS PIPE SCH80,PIPE,82.61,100.0,100.0,0,,92.17,MATCH,1
CPSE-A,8 IN CS WELD NECK FLG 300 CLASS,8IN CARBON STEEL WELD NECK FLANGE 300 CLASS,CM0046,8 IN CS WELD NECK FLANGE 300 CLASS,FLANGE,86.67,100.0,100.0,0,,94.0,MATCH,1
CPSE-C,8 IN CS WN FLG 300 CLASS,8IN CARBON STEEL WN FLANGE 300 CLASS,CM0046,8 IN CS WELD NECK FLANGE 300 CLASS,FLANGE,71.43,100.0,100.0,0,,87.14,MATCH,1
CPSE-C,8 IN PTFE FF GASKET 150 CLASS,8IN PTFE FF GASKET 150 CLASS,CM0055,8 IN PTFE FULL FACE GASKET 150 CLASS,GASKET,85.71,100.0,100.0,0,,93.57,MATCH,1
CPSE-A,8 IN PTFE FULL FACE GKT 150 CLASS,8IN PTFE FULL FACE GASKET 150 CLASS,CM0055,8 IN PTFE FULL FACE GASKET 150 CLASS,GASKET,98.59,100.0,100.0,0,,99.37,MATCH,1
CPSE-A,8 IN SS316 SEAMLESS PIP SCH40,8IN SS316 SEAMLESS PIP SCH40,CM0035,8 IN SS316 SEAMLESS PIPE SCH40,PIPE,96.55,100.0,100.0,0,,98.45,MATCH,1
CPSE-C,8 IN SS316 SEAMLESS PIPE SCH40,8IN SS316 SEAMLESS PIPE SCH40,CM0035,8 IN SS316 SEAMLESS PIPE SCH40,PIPE,98.31,100.0,100.0,0,,99.24,MATCH,1
CPSE-B,"8""CS GATE VAL 300#",8INCS GATE VAL 300#,CM0028,8 IN CS GATE VALVE 300 CLASS,VALVE,68.09,0.0,100.0,0,,40.64,NO_MATCH,1
CPSE-B,"8""CS GATE VAL 300#",8INCS GATE VAL 300#,CM0022,2 IN SS304 GATE VALVE 300 CLASS,VALVE,64.0,0.0,100.0,0,,38.8,NO_MATCH,2
CPSE-B,"8""CS GATE VAL 300#",8INCS GATE VAL 300#,CM0021,2 IN SS304 GATE VALVE 150 CLASS,VALVE,56.0,0.0,100.0,0,,35.2,NO_MATCH,3
CPSE-B,"8""CS GATE VAL 300#",8INCS GATE VAL 300#,CM0026,4 IN SS304 GATE VALVE 150 CLASS,VALVE,56.0,0.0,100.0,0,,35.2,NO_MATCH,4
CPSE-B,"8""CS GATE VAL 300#",8INCS GATE VAL 300#,CM0023,3 IN CS GATE VALVE 150 CLASS,VALVE,55.32,0.0,100.0,0,,34.89,NO_MATCH,5
CPSE-B,"8""CS GATE VAL 300#",8INCS GATE VAL 300#,CM0030,2 IN CS GLOBE VALVE 150 CLASS,VALVE,45.83,0.0,100.0,0,,30.62,NO_MATCH,6
CPSE-B,"8""CS GATE VAL 300#",8INCS GATE VAL 300#,CM0027,6 IN SS316 BALL VALVE 300 CLASS,VALVE,44.0,0.0,100.0,0,,29.8,NO_MATCH,7
CPSE-B,"8""CS GATE VAL 300#",8INCS GATE VAL 300#,CM0029,10 IN CS BUTTERFLY VALVE 150 CLASS,VALVE,37.74,0.0,100.0,0,,26.98,NO_MATCH,8
CPSE-B,"8""CS GATE VAL 300#",8INCS GATE VAL 300#,CM0024,4 IN SS316 BALL VALVE 150 CLASS,VALVE,36.0,0.0,100.0,0,,26.2,NO_MATCH,9
CPSE-B,"8""CS GATE VAL 300#",8INCS GATE VAL 300#,CM0025,6 IN CS BUTTERFLY VALVE 150 CLASS,VALVE,34.62,0.0,100.0,0,,25.58,NO_MATCH,10
CPSE-B,"8""CS SEAMLESS PIPE SCH80",8INCS SEAMLESS PIPE SCH80,CM0040,8 IN CS SEAMLESS PIPE SCH80,PIPE,88.46,100.0,100.0,0,,94.81,MATCH,1
CPSE-B,"8""CS SEAMLESS PIPE SCH80",8INCS SEAMLESS PIPE SCH80,CM0034,6 IN CS SEAMLESS PIPE SCH80,PIPE,86.36,100.0,100.0,0,,93.86,MATCH,2
CPSE-B,"8""CS SEAMLESS PIPE SCH80",8INCS SEAMLESS PIPE SCH80,CM0038,4 IN CS SEAMLESS PIPE SCH80,PIPE,86.36,100.0,100.0,0,,93.86,MATCH,3
CPSE-B,"8""CS WELD NECK FLG 300#",8INCS WELD NECK FLANGE 300#,CM0046,8 IN CS WELD NECK FLANGE 300 CLASS,FLANGE,78.69,100.0,100.0,0,,90.41,MATCH,1
CPSE-B,"8""CS WELD NECK FLG 300#",8INCS WELD NECK FLANGE 300#,CM0044,4 IN SS316 WELD NECK FLANGE 300 CLASS,FLANGE,75.0,100.0,100.0,0,,88.75,MATCH,2
CPSE-B,"8""CS WELD NECK FLG 300#",8INCS WELD NECK FLANGE 300#,CM0041,2 IN CS WELD NECK FLANGE 150 CLASS,FLANGE,74.42,100.0,100.0,0,,88.49,MATCH,3
CPSE-B,"8""CS WELD NECK FLG 300#",8INCS WELD NECK FLANGE 300#,CM0042,2 IN SS304 WELD NECK FLANGE 150 CLASS,FLANGE,74.42,100.0,100.0,0,,88.49,MATCH,4
CPSE-B,"8""CS WELD NECK FLG 300#",8INCS WELD NECK FLANGE 300#,CM0048,12 IN CS WELD NECK FLANGE 150 CLASS,FLANGE,74.42,100.0,100.0,0,,88.49,MATCH,5
CPSE-B,"8""CS WELD NECK FLG 300#",8INCS WELD NECK FLANGE 300#,CM0050,6 IN SS316 WELD NECK FLANGE 150 CLASS,FLANGE,74.42,100.0,100.0,0,,88.49,MATCH,6
CPSE-B,"8""PTFE FULL FACE GASK 150#",8INPTFE FULL FACE GASK 150#,CM0055,8 IN PTFE FULL FACE GASKET 150 CLASS,GASKET,66.67,100.0,100.0,0,,85.0,MATCH,1
CPSE-B,"8""PTFE FULL FACE GASK 150#",8INPTFE FULL FACE GASK 150#,CM0056,2 IN PTFE FULL FACE GASKET 150 CLASS,GASKET,63.49,100.0,100.0,0,,83.57,REVIEW,2
CPSE-B,"8""PTFE FULL FACE GASK 150#",8INPTFE FULL FACE GASK 150#,CM0058,6 IN PTFE FULL FACE GASKET 300 CLASS,GASKET,57.14,100.0,100.0,0,,80.71,REVIEW,3
CPSE-B,"8""SS316 SEAMLESS PIPE SCH40",8INSS316 SEAMLESS PIPE SCH40,CM0035,8 IN SS316 SEAMLESS PIPE SCH40,PIPE,96.55,100.0,100.0,0,,98.45,MATCH,1
CPSE-B,"8""SS316 SEAMLESS PIPE SCH40",8INSS316 SEAMLESS PIPE SCH40,CM0037,3 IN SS316 SEAMLESS PIPE SCH40,PIPE,93.1,100.0,100.0,0,,96.9,MATCH,2
CPSE-B,"8""SS316 SEAMLESS PIPE SCH40",8INSS316 SEAMLESS PIPE SCH40,CM0033,4 IN SS304 SEAMLESS PIPE SCH40,PIPE,86.21,100.0,100.0,0,,93.79,MATCH,3
CPSE-B,"8""SS316 SEAMLESS PIPE SCH40",8INSS316 SEAMLESS PIPE SCH40,CM0039,6 IN SS304 SEAMLESS PIPE SCH40,PIPE,86.21,100.0,100.0,0,,93.79,MATCH,4
CPSE-B,"8""SS316 SEAMLESS PIPE SCH40",8INSS316 SEAMLESS PIPE SCH40,CM0031,2 IN CS SEAMLESS PIPE SCH40,PIPE,82.61,100.0,100.0,0,,92.17,MATCH,5
CPSE-B,"8""SS316 SEAMLESS PIPE SCH40",8INSS316 SEAMLESS PIPE SCH40,CM0032,3 IN CS SEAMLESS PIPE SCH40,PIPE,82.61,100.0,100.0,0,,92.17,MATCH,6
CPSE-C,A/GRINDER 100MM 750W,A GRINDER 100MM 750W,CM0091,ANGLE GRINDER 100MM 750W,INDUSTRIAL_TOOL,94.74,100.0,100.0,0,,97.63,MATCH,1
CPSE-C,A/GRINDER 100MM 750W,A GRINDER 100MM 750W,CM0098,WELDING MACHINE 200A,INDUSTRIAL_TOOL,35.0,0.0,100.0,0,,25.75,NO_MATCH,2
CPSE-C,A/GRINDER 100MM 750W,A GRINDER 100MM 750W,CM0099,TORQUE WRENCH 50-250NM,INDUSTRIAL_TOOL,33.33,0.0,100.0,0,,25.0,NO_MATCH,3
CPSE-C,A/GRINDER 115MM 900W,A GRINDER 115MM 900W,CM0092,ANGLE GRINDER 115MM 900W,INDUSTRIAL_TOOL,94.74,100.0,100.0,0,,97.63,MATCH,1
CPSE-C,A/GRINDER 115MM 900W,A GRINDER 115MM 900W,CM0098,WELDING MACHINE 200A,INDUSTRIAL_TOOL,35.0,0.0,100.0,0,,25.75,NO_MATCH,2
CPSE-C,A/GRINDER 115MM 900W,A GRINDER 115MM 900W,CM0099,TORQUE WRENCH 50-250NM,INDUSTRIAL_TOOL,33.33,0.0,100.0,0,,25.0,NO_MATCH,3
CPSE-C,A/GRINDER 125MM 1100W,A GRINDER 125MM 1100W,CM0093,ANGLE GRINDER 125MM 1100W,INDUSTRIAL_TOOL,95.0,100.0,100.0,0,,97.75,MATCH,1
CPSE-C,A/GRINDER 125MM 1100W,A GRINDER 125MM 1100W,CM0098,WELDING MACHINE 200A,INDUSTRIAL_TOOL,39.02,0.0,100.0,0,,27.56,NO_MATCH,2
CPSE-C,A/GRINDER 125MM 1100W,A GRINDER 125MM 1100W,CM0099,TORQUE WRENCH 50-250NM,INDUSTRIAL_TOOL,37.21,0.0,100.0,0,,26.74,NO_MATCH,3
CPSE-B,ANGLE GRINDER 100MM 750W,ANGLE GRINDER 100MM 750W,CM0091,ANGLE GRINDER 100MM 750W,INDUSTRIAL_TOOL,100.0,100.0,100.0,0,,100.0,MATCH,1
CPSE-A,ANGLE GRINDER 100MM 750W,ANGLE GRINDER 100MM 750W,CM0091,ANGLE GRINDER 100MM 750W,INDUSTRIAL_TOOL,100.0,100.0,100.0,0,,100.0,MATCH,2
CPSE-B,ANGLE GRINDER 115MM 900W,ANGLE GRINDER 115MM 900W,CM0092,ANGLE GRINDER 115MM 900W,INDUSTRIAL_TOOL,100.0,100.0,100.0,0,,100.0,MATCH,1
CPSE-A,ANGLE GRINDER 115MM 900W,ANGLE GRINDER 115MM 900W,CM0092,ANGLE GRINDER 115MM 900W,INDUSTRIAL_TOOL,100.0,100.0,100.0,0,,100.0,MATCH,2
CPSE-B,ANGLE GRINDER 125MM 1100W,ANGLE GRINDER 125MM 1100W,CM0093,ANGLE GRINDER 125MM 1100W,INDUSTRIAL_TOOL,100.0,100.0,100.0,0,,100.0,MATCH,1
CPSE-A,ANGLE GRINDER 125MM 1100W,ANGLE GRINDER 125MM 1100W,CM0093,ANGLE GRINDER 125MM 1100W,INDUSTRIAL_TOOL,100.0,100.0,100.0,0,,100.0,MATCH,2
CPSE-A,BENCH GRINDER 200MM 550W,BENCH GRINDER 200MM 550W,CM0100,BENCH GRINDER 200MM 550W,INDUSTRIAL_TOOL,100.0,100.0,100.0,0,,100.0,MATCH,1
CPSE-B,BENCH GRINDER 200MM 550W,BENCH GRINDER 200MM 550W,CM0100,BENCH GRINDER 200MM 550W,INDUSTRIAL_TOOL,100.0,100.0,100.0,0,,100.0,MATCH,2
CPSE-C,BENCH GRINDER 200MM 550W,BENCH GRINDER 200MM 550W,CM0100,BENCH GRINDER 200MM 550W,INDUSTRIAL_TOOL,100.0,100.0,100.0,0,,100.0,MATCH,3
CPSE-C,C/PMP 100 M3/H 50M HEAD 22KW,C PUMP 100 M3 H 50M HEAD 22KW,CM0085,CENTRIFUGAL PUMP 100 M3/H 50M HEAD 22KW,PUMP,86.27,100.0,100.0,0,,93.82,MATCH,1
CPSE-C,C/PMP 120 M3/H 60M HEAD 30KW,C PUMP 120 M3 H 60M HEAD 30KW,CM0086,CENTRIFUGAL PUMP 120 M3/H 60M HEAD 30KW,PUMP,86.27,100.0,100.0,0,,93.82,MATCH,1
CPSE-C,C/PMP 150 M3/H 50M HEAD 37KW,C PUMP 150 M3 H 50M HEAD 37KW,CM0087,CENTRIFUGAL PUMP 150 M3/H 50M HEAD 37KW,PUMP,86.27,100.0,100.0,0,,93.82,MATCH,1
CPSE-C,C/PMP 20 M3/H 30M HEAD 5.5KW,C PUMP 20 M3 H 30M HEAD 5.5KW,CM0081,CENTRIFUGAL PUMP 20 M3/H 30M HEAD 5.5KW,PUMP,86.27,100.0,100.0,0,,93.82,MATCH,1
CPSE-C,C/PMP 200 M3/H 60M HEAD 45KW,C PUMP 200 M3 H 60M HEAD 45KW,CM0088,CENTRIFUGAL PUMP 200 M3/H 60M HEAD 45KW,PUMP,86.27,100.0,100.0,0,,93.82,MATCH,1
CPSE-C,C/PMP 250 M3/H 70M HEAD 55KW,C PUMP 250 M3 H 70M HEAD 55KW,CM0089,CENTRIFUGAL PUMP 250 M3/H 70M HEAD 55KW,PUMP,86.27,100.0,100.0,0,,93.82,MATCH,1
CPSE-C,C/PMP 30 M3/H 40M HEAD 7.5KW,C PUMP 30 M3 H 40M HEAD 7.5KW,CM0082,CENTRIFUGAL PUMP 30 M3/H 40M HEAD 7.5KW,PUMP,86.27,100.0,100.0,0,,93.82,MATCH,1
CPSE-C,C/PMP 300 M3/H 80M HEAD 75KW,C PUMP 300 M3 H 80M HEAD 75KW,CM0090,CENTRIFUGAL PUMP 300 M3/H 80M HEAD 75KW,PUMP,86.27,100.0,100.0,0,,93.82,MATCH,1
CPSE-C,C/PMP 50 M3/H 50M HEAD 11KW,C PUMP 50 M3 H 50M HEAD 11KW,CM0083,CENTRIFUGAL PUMP 50 M3/H 50M HEAD 11KW,PUMP,85.71,100.0,100.0,0,,93.57,MATCH,1
CPSE-C,C/PMP 75 M3/H 40M HEAD 15KW,C PUMP 75 M3 H 40M HEAD 15KW,CM0084,CENTRIFUGAL PUMP 75 M3/H 40M HEAD 15KW,PUMP,85.71,100.0,100.0,0,,93.57,MATCH,1
CPSE-A,CENT PMP 100 M3/H 50M HEAD 22KW,CENT PUMP 100 M3 H 50M HEAD 22KW,CM0085,CENTRIFUGAL PUMP 100 M3/H 50M HEAD 22KW,PUMP,84.51,100.0,100.0,0,,93.03,MATCH,1
CPSE-A,CENT PMP 120 M3/H 60M HEAD 30KW,CENT PUMP 120 M3 H 60M HEAD 30KW,CM0086,CENTRIFUGAL PUMP 120 M3/H 60M HEAD 30KW,PUMP,84.51,100.0,100.0,0,,93.03,MATCH,1
CPSE-A,CENT PMP 150 M3/H 50M HEAD 37KW,CENT PUMP 150 M3 H 50M HEAD 37KW,CM0087,CENTRIFUGAL PUMP 150 M3/H 50M HEAD 37KW,PUMP,84.51,100.0,100.0,0,,93.03,MATCH,1
CPSE-A,CENT PMP 20 M3/H 30M HEAD 5.5KW,CENT PUMP 20 M3 H 30M HEAD 5.5KW,CM0081,CENTRIFUGAL PUMP 20 M3/H 30M HEAD 5.5KW,PUMP,84.51,100.0,100.0,0,,93.03,MATCH,1
CPSE-A,CENT PMP 200 M3/H 60M HEAD 45KW,CENT PUMP 200 M3 H 60M HEAD 45KW,CM0088,CENTRIFUGAL PUMP 200 M3/H 60M HEAD 45KW,PUMP,84.51,100.0,100.0,0,,93.03,MATCH,1
CPSE-A,CENT PMP 250 M3/H 70M HEAD 55KW,CENT PUMP 250 M3 H 70M HEAD 55KW,CM0089,CENTRIFUGAL PUMP 250 M3/H 70M HEAD 55KW,PUMP,84.51,100.0,100.0,0,,93.03,MATCH,1
CPSE-A,CENT PMP 30 M3/H 40M HEAD 7.5KW,CENT PUMP 30 M3 H 40M HEAD 7.5KW,CM0082,CENTRIFUGAL PUMP 30 M3/H 40M HEAD 7.5KW,PUMP,84.51,100.0,100.0,0,,93.03,MATCH,1
CPSE-A,CENT PMP 300 M3/H 80M HEAD 75KW,CENT PUMP 300 M3 H 80M HEAD 75KW,CM0090,CENTRIFUGAL PUMP 300 M3/H 80M HEAD 75KW,PUMP,84.51,100.0,100.0,0,,93.03,MATCH,1
CPSE-A,CENT PMP 50 M3/H 50M HEAD 11KW,CENT PUMP 50 M3 H 50M HEAD 11KW,CM0083,CENTRIFUGAL PUMP 50 M3/H 50M HEAD 11KW,PUMP,84.06,100.0,100.0,0,,92.83,MATCH,1
CPSE-A,CENT PMP 75 M3/H 40M HEAD 15KW,CENT PUMP 75 M3 H 40M HEAD 15KW,CM0084,CENTRIFUGAL PUMP 75 M3/H 40M HEAD 15KW,PUMP,84.06,100.0,100.0,0,,92.83,MATCH,1
CPSE-B,CENTRIF PUMP 100 M3/H 50M HEAD 22KW,CENTRIF PUMP 100 M3 H 50M HEAD 22KW,CM0085,CENTRIFUGAL PUMP 100 M3/H 50M HEAD 22KW,PUMP,89.19,100.0,100.0,0,,95.14,MATCH,1
CPSE-B,CENTRIF PUMP 120 M3/H 60M HEAD 30KW,CENTRIF PUMP 120 M3 H 60M HEAD 30KW,CM0086,CENTRIFUGAL PUMP 120 M3/H 60M HEAD 30KW,PUMP,89.19,100.0,100.0,0,,95.14,MATCH,1
CPSE-B,CENTRIF PUMP 150 M3/H 50M HEAD 37KW,CENTRIF PUMP 150 M3 H 50M HEAD 37KW,CM0087,CENTRIFUGAL PUMP 150 M3/H 50M HEAD 37KW,PUMP,89.19,100.0,100.0,0,,95.14,MATCH,1
CPSE-B,CENTRIF PUMP 20 M3/H 30M HEAD 5.5KW,CENTRIF PUMP 20 M3 H 30M HEAD 5.5KW,CM0081,CENTRIFUGAL PUMP 20 M3/H 30M HEAD 5.5KW,PUMP,89.19,100.0,100.0,0,,95.14,MATCH,1
CPSE-B,CENTRIF PUMP 200 M3/H 60M HEAD 45KW,CENTRIF PUMP 200 M3 H 60M HEAD 45KW,CM0088,CENTRIFUGAL PUMP 200 M3/H 60M HEAD 45KW,PUMP,89.19,100.0,100.0,0,,95.14,MATCH,1
CPSE-B,CENTRIF PUMP 250 M3/H 70M HEAD 55KW,CENTRIF PUMP 250 M3 H 70M HEAD 55KW,CM0089,CENTRIFUGAL PUMP 250 M3/H 70M HEAD 55KW,PUMP,89.19,100.0,100.0,0,,95.14,MATCH,1
CPSE-B,CENTRIF PUMP 30 M3/H 40M HEAD 7.5KW,CENTRIF PUMP 30 M3 H 40M HEAD 7.5KW,CM0082,CENTRIFUGAL PUMP 30 M3/H 40M HEAD 7.5KW,PUMP,89.19,100.0,100.0,0,,95.14,MATCH,1
CPSE-B,CENTRIF PUMP 300 M3/H 80M HEAD 75KW,CENTRIF PUMP 300 M3 H 80M HEAD 75KW,CM0090,CENTRIFUGAL PUMP 300 M3/H 80M HEAD 75KW,PUMP,89.19,100.0,100.0,0,,95.14,MATCH,1
CPSE-B,CENTRIF PUMP 50 M3/H 50M HEAD 11KW,CENTRIF PUMP 50 M3 H 50M HEAD 11KW,CM0083,CENTRIFUGAL PUMP 50 M3/H 50M HEAD 11KW,PUMP,88.89,100.0,100.0,0,,95.0,MATCH,1
CPSE-B,CENTRIF PUMP 75 M3/H 40M HEAD 15KW,CENTRIF PUMP 75 M3 H 40M HEAD 15KW,CM0084,CENTRIFUGAL PUMP 75 M3/H 40M HEAD 15KW,PUMP,88.89,100.0,100.0,0,,95.0,MATCH,1
CPSE-B,CUTTING MACHINE 355MM 2000W,CUTTING MACHINE 355MM 2000W,CM0097,CUTTING MACHINE 355MM 2000W,INDUSTRIAL_TOOL,100.0,100.0,100.0,0,,100.0,MATCH,1
CPSE-A,CUTTING MACHINE 355MM 2000W,CUTTING MACHINE 355MM 2000W,CM0097,CUTTING MACHINE 355MM 2000W,INDUSTRIAL_TOOL,100.0,100.0,100.0,0,,100.0,MATCH,2
CPSE-C,CUTTING MACHINE 355MM 2000W,CUTTING MACHINE 355MM 2000W,CM0097,CUTTING MACHINE 355MM 2000W,INDUSTRIAL_TOOL,100.0,100.0,100.0,0,,100.0,MATCH,3
CPSE-B,DEEP GROOVE BALL BEARING 6205,DEEP GROOVE BALL BEARING 6205,CM0011,DEEP GROOVE BALL BEARING 6205,BEARING,100.0,100.0,100.0,0,,100.0,MATCH,1
CPSE-B,DEEP GROOVE BALL BEARING 6206,DEEP GROOVE BALL BEARING 6206,CM0012,DEEP GROOVE BALL BEARING 6206,BEARING,100.0,100.0,100.0,0,,100.0,MATCH,1
CPSE-B,DEEP GROOVE BALL BEARING 6207,DEEP GROOVE BALL BEARING 6207,CM0013,DEEP GROOVE BALL BEARING 6207,BEARING,100.0,100.0,100.0,0,,100.0,MATCH,1
CPSE-B,DEEP GROOVE BALL BEARING 6305,DEEP GROOVE BALL BEARING 6305,CM0014,DEEP GROOVE BALL BEARING 6305,BEARING,100.0,100.0,100.0,0,,100.0,MATCH,1
CPSE-B,DEEP GROOVE BALL BEARING 6306,DEEP GROOVE BALL BEARING 6306,CM0015,DEEP GROOVE BALL BEARING 6306,BEARING,100.0,100.0,100.0,0,,100.0,MATCH,1
CPSE-B,DEEP GROOVE BALL BEARING 6307,DEEP GROOVE BALL BEARING 6307,CM0016,DEEP GROOVE BALL BEARING 6307,BEARING,100.0,100.0,100.0,0,,100.0,MATCH,1
CPSE-A,DEEP GROOVE BALL BRG 6205,DEEP GROOVE BALL BEARING 6205,CM0011,DEEP GROOVE BALL BEARING 6205,BEARING,100.0,100.0,100.0,0,,100.0,MATCH,1
CPSE-A,DEEP GROOVE BALL BRG 6206,DEEP GROOVE BALL BEARING 6206,CM0012,DEEP GROOVE BALL BEARING 6206,BEARING,100.0,100.0,100.0,0,,100.0,MATCH,1
CPSE-A,DEEP GROOVE BALL BRG 6207,DEEP GROOVE BALL BEARING 6207,CM0013,DEEP GROOVE BALL BEARING 6207,BEARING,100.0,100.0,100.0,0,,100.0,MATCH,1
CPSE-A,DEEP GROOVE BALL BRG 6305,DEEP GROOVE BALL BEARING 6305,CM0014,DEEP GROOVE BALL BEARING 6305,BEARING,100.0,100.0,100.0,0,,100.0,MATCH,1
CPSE-A,DEEP GROOVE BALL BRG 6306,DEEP GROOVE BALL BEARING 6306,CM0015,DEEP GROOVE BALL BEARING 6306,BEARING,100.0,100.0,100.0,0,,100.0,MATCH,1
CPSE-A,DEEP GROOVE BALL BRG 6307,DEEP GROOVE BALL BEARING 6307,CM0016,DEEP GROOVE BALL BEARING 6307,BEARING,100.0,100.0,100.0,0,,100.0,MATCH,1
CPSE-C,DGB BRG 6205,DGB BEARING 6205,CM0011,DEEP GROOVE BALL BEARING 6205,BEARING,85.71,100.0,100.0,0,,93.57,MATCH,1
CPSE-C,DGB BRG 6206,DGB BEARING 6206,CM0012,DEEP GROOVE BALL BEARING 6206,BEARING,85.71,100.0,100.0,0,,93.57,MATCH,1
CPSE-C,DGB BRG 6207,DGB BEARING 6207,CM0013,DEEP GROOVE BALL BEARING 6207,BEARING,85.71,100.0,100.0,0,,93.57,MATCH,1
CPSE-C,DGB BRG 6305,DGB BEARING 6305,CM0014,DEEP GROOVE BALL BEARING 6305,BEARING,85.71,100.0,100.0,0,,93.57,MATCH,1
CPSE-C,DGB BRG 6306,DGB BEARING 6306,CM0015,DEEP GROOVE BALL BEARING 6306,BEARING,85.71,100.0,100.0,0,,93.57,MATCH,1
CPSE-C,DGB BRG 6307,DGB BEARING 6307,CM0016,DEEP GROOVE BALL BEARING 6307,BEARING,85.71,100.0,100.0,0,,93.57,MATCH,1
CPSE-C,E-DRILL 10MM 650W,E-DRILL 10MM 650W,CM0094,ELECTRIC DRILL 10MM 650W,INDUSTRIAL_TOOL,73.17,100.0,100.0,0,,87.93,MATCH,1
CPSE-C,E-DRILL 13MM 800W,E-DRILL 13MM 800W,CM0095,ELECTRIC DRILL 13MM 800W,INDUSTRIAL_TOOL,73.17,100.0,100.0,0,,87.93,MATCH,1
CPSE-B,ELEC DRILL 10MM 650W,ELEC DRILL 10MM 650W,CM0094,ELECTRIC DRILL 10MM 650W,INDUSTRIAL_TOOL,90.91,100.0,100.0,0,,95.91,MATCH,1
CPSE-A,ELEC DRILL 10MM 650W,ELEC DRILL 10MM 650W,CM0094,ELECTRIC DRILL 10MM 650W,INDUSTRIAL_TOOL,90.91,100.0,100.0,0,,95.91,MATCH,2
CPSE-A,ELEC DRILL 13MM 800W,ELEC DRILL 13MM 800W,CM0095,ELECTRIC DRILL 13MM 800W,INDUSTRIAL_TOOL,90.91,100.0,100.0,0,,95.91,MATCH,1
CPSE-B,ELEC DRILL 13MM 800W,ELEC DRILL 13MM 800W,CM0095,ELECTRIC DRILL 13MM 800W,INDUSTRIAL_TOOL,90.91,100.0,100.0,0,,95.91,MATCH,2
CPSE-A,IMPACT WRENCH 1/2 IN 500W,IMPACT WRENCH 1 2IN 500W,CM0096,IMPACT WRENCH 1/2 IN 500W,INDUSTRIAL_TOOL,93.88,100.0,100.0,0,,97.24,MATCH,1
CPSE-C,IMPACT WRENCH 1/2 IN 500W,IMPACT WRENCH 1 2IN 500W,CM0096,IMPACT WRENCH 1/2 IN 500W,INDUSTRIAL_TOOL,93.88,100.0,100.0,0,,97.24,MATCH,2
CPSE-B,"IMPACT WRENCH 1/2""500W",IMPACT WRENCH 1 2IN500W,CM0096,IMPACT WRENCH 1/2 IN 500W,INDUSTRIAL_TOOL,83.33,100.0,100.0,0,,92.5,MATCH,1
CPSE-A,M10 X 30 SS304 HEX BOLT,M10X30 SS304 HEX BOLT,CM0010,M10 X 30 SS304 HEX BOLT,FASTENER,86.36,100.0,100.0,0,,93.86,MATCH,1
CPSE-A,M10 X 50 SS304 HEX BOLT,M10X50 SS304 HEX BOLT,CM0001,M10 X 50 SS304 HEX BOLT,FASTENER,86.36,100.0,100.0,0,,93.86,MATCH,1
CPSE-A,M10 X 75 SS316 HEX BOLT,M10X75 SS316 HEX BOLT,CM0003,M10 X 75 SS316 HEX BOLT,FASTENER,86.36,100.0,100.0,0,,93.86,MATCH,1
CPSE-C,M10X30 SS304 HEX BOLT,M10X30 SS304 HEX BOLT,CM0010,M10 X 30 SS304 HEX BOLT,FASTENER,86.36,100.0,100.0,0,,93.86,MATCH,1
CPSE-B,M10X30 SS304 HEX BOLT,M10X30 SS304 HEX BOLT,CM0010,M10 X 30 SS304 HEX BOLT,FASTENER,86.36,100.0,100.0,0,,93.86,MATCH,2
CPSE-C,M10X50 SS304 HEX BOLT,M10X50 SS304 HEX BOLT,CM0001,M10 X 50 SS304 HEX BOLT,FASTENER,86.36,100.0,100.0,0,,93.86,MATCH,1
CPSE-B,M10X50 SS304 HEX BOLT,M10X50 SS304 HEX BOLT,CM0001,M10 X 50 SS304 HEX BOLT,FASTENER,86.36,100.0,100.0,0,,93.86,MATCH,2
CPSE-B,M10X75 SS316 HEX BOLT,M10X75 SS316 HEX BOLT,CM0003,M10 X 75 SS316 HEX BOLT,FASTENER,86.36,100.0,100.0,0,,93.86,MATCH,1
CPSE-C,M10X75 SS316 HEX BOLT,M10X75 SS316 HEX BOLT,CM0003,M10 X 75 SS316 HEX BOLT,FASTENER,86.36,100.0,100.0,0,,93.86,MATCH,2
CPSE-A,M12 X 50 SS304 HEX BOLT,M12X50 SS304 HEX BOLT,CM0002,M12 X 50 SS304 HEX BOLT,FASTENER,86.36,100.0,100.0,0,,93.86,MATCH,1
CPSE-A,M12 X 80 SS316 HEX BOLT,M12X80 SS316 HEX BOLT,CM0007,M12 X 80 SS316 HEX BOLT,FASTENER,86.36,100.0,100.0,0,,93.86,MATCH,1
CPSE-C,M12X50 SS304 HEX BOLT,M12X50 SS304 HEX BOLT,CM0002,M12 X 50 SS304 HEX BOLT,FASTENER,86.36,100.0,100.0,0,,93.86,MATCH,1
CPSE-B,M12X50 SS304 HEX BOLT,M12X50 SS304 HEX BOLT,CM0002,M12 X 50 SS304 HEX BOLT,FASTENER,86.36,100.0,100.0,0,,93.86,MATCH,2
CPSE-B,M12X80 SS316 HEX BOLT,M12X80 SS316 HEX BOLT,CM0007,M12 X 80 SS316 HEX BOLT,FASTENER,86.36,100.0,100.0,0,,93.86,MATCH,1
CPSE-C,M12X80 SS316 HEX BOLT,M12X80 SS316 HEX BOLT,CM0007,M12 X 80 SS316 HEX BOLT,FASTENER,86.36,100.0,100.0,0,,93.86,MATCH,2
CPSE-A,M16 X 60 CS HEX BOLT,M16X60 CARBON STEEL HEX BOLT,CM0004,M16 X 60 CARBON STEEL HEX BOLT,FASTENER,89.66,100.0,100.0,0,,95.34,MATCH,1
CPSE-A,M16 X 75 SS304 HEX BOLT,M16X75 SS304 HEX BOLT,CM0008,M16 X 75 SS304 HEX BOLT,FASTENER,86.36,100.0,100.0,0,,93.86,MATCH,1
CPSE-B,M16X60 CS HEX BOLT,M16X60 CARBON STEEL HEX BOLT,CM0004,M16 X 60 CARBON STEEL HEX BOLT,FASTENER,89.66,100.0,100.0,0,,95.34,MATCH,1
CPSE-C,M16X60 CS HEX BOLT,M16X60 CARBON STEEL HEX BOLT,CM0004,M16 X 60 CARBON STEEL HEX BOLT,FASTENER,89.66,100.0,100.0,0,,95.34,MATCH,2
CPSE-B,M16X75 SS304 HEX BOLT,M16X75 SS304 HEX BOLT,CM0008,M16 X 75 SS304 HEX BOLT,FASTENER,86.36,100.0,100.0,0,,93.86,MATCH,1
CPSE-C,M16X75 SS304 HEX BOLT,M16X75 SS304 HEX BOLT,CM0008,M16 X 75 SS304 HEX BOLT,FASTENER,86.36,100.0,100.0,0,,93.86,MATCH,2
CPSE-A,M20 X 100 CS HEX BOLT,M20X100 CARBON STEEL HEX BOLT,CM0009,M20 X 100 CARBON STEEL HEX BOLT,FASTENER,86.67,100.0,100.0,0,,94.0,MATCH,1
CPSE-A,M20 X 80 GI HEX BOLT,M20X80 GALVANIZED STEEL HEX BOLT,CM0005,M20 X 80 GALVANIZED STEEL HEX BOLT,FASTENER,90.91,100.0,100.0,0,,95.91,MATCH,1
CPSE-B,M20X100 CS HEX BOLT,M20X100 CARBON STEEL HEX BOLT,CM0009,M20 X 100 CARBON STEEL HEX BOLT,FASTENER,86.67,100.0,100.0,0,,94.0,MATCH,1
CPSE-C,M20X100 CS HEX BOLT,M20X100 CARBON STEEL HEX BOLT,CM0009,M20 X 100 CARBON STEEL HEX BOLT,FASTENER,86.67,100.0,100.0,0,,94.0,MATCH,2
CPSE-B,M20X80 GALV HEX BOLT,M20X80 GALVANIZED HEX BOLT,CM0005,M20 X 80 GALVANIZED STEEL HEX BOLT,FASTENER,84.44,100.0,100.0,0,,93.0,MATCH,1
CPSE-C,M20X80 GI HEX BOLT,M20X80 GALVANIZED STEEL HEX BOLT,CM0005,M20 X 80 GALVANIZED STEEL HEX BOLT,FASTENER,90.91,100.0,100.0,0,,95.91,MATCH,1
CPSE-A,M8 X 40 CS HEX BOLT,M8X40 CARBON STEEL HEX BOLT,CM0006,M8 X 40 CARBON STEEL HEX BOLT,FASTENER,89.29,100.0,100.0,0,,95.18,MATCH,1
CPSE-C,M8X40 CS HEX BOLT,M8X40 CARBON STEEL HEX BOLT,CM0006,M8 X 40 CARBON STEEL HEX BOLT,FASTENER,89.29,100.0,100.0,0,,95.18,MATCH,1
CPSE-B,M8X40 CS HEX BOLT,M8X40 CARBON STEEL HEX BOLT,CM0006,M8 X 40 CARBON STEEL HEX BOLT,FASTENER,89.29,100.0,100.0,0,,95.18,MATCH,2
CPSE-B,SPHERICAL ROLLER BEARING 22205,SPHERICAL ROLLER BEARING 22205,CM0020,SPHERICAL ROLLER BEARING 22205,BEARING,100.0,100.0,100.0,0,,100.0,MATCH,1
CPSE-A,SPHERICAL ROLLER BRG 22205,SPHERICAL ROLLER BEARING 22205,CM0020,SPHERICAL ROLLER BEARING 22205,BEARING,100.0,100.0,100.0,0,,100.0,MATCH,1
CPSE-C,SR BRG 22205,SR BEARING 22205,CM0020,SPHERICAL ROLLER BEARING 22205,BEARING,89.66,100.0,100.0,0,,95.34,MATCH,1
CPSE-B,TAPERED ROLLER BEARING 30205,TAPERED ROLLER BEARING 30205,CM0017,TAPERED ROLLER BEARING 30205,BEARING,100.0,100.0,100.0,0,,100.0,MATCH,1
CPSE-B,TAPERED ROLLER BEARING 30206,TAPERED ROLLER BEARING 30206,CM0018,TAPERED ROLLER BEARING 30206,BEARING,100.0,100.0,100.0,0,,100.0,MATCH,1
CPSE-B,TAPERED ROLLER BEARING 30305,TAPERED ROLLER BEARING 30305,CM0019,TAPERED ROLLER BEARING 30305,BEARING,100.0,100.0,100.0,0,,100.0,MATCH,1
CPSE-A,TAPERED ROLLER BRG 30205,TAPERED ROLLER BEARING 30205,CM0017,TAPERED ROLLER BEARING 30205,BEARING,100.0,100.0,100.0,0,,100.0,MATCH,1
CPSE-A,TAPERED ROLLER BRG 30206,TAPERED ROLLER BEARING 30206,CM0018,TAPERED ROLLER BEARING 30206,BEARING,100.0,100.0,100.0,0,,100.0,MATCH,1
CPSE-A,TAPERED ROLLER BRG 30305,TAPERED ROLLER BEARING 30305,CM0019,TAPERED ROLLER BEARING 30305,BEARING,100.0,100.0,100.0,0,,100.0,MATCH,1
CPSE-B,TORQUE WRENCH 50-250NM,TORQUE WRENCH 50-250NM,CM0099,TORQUE WRENCH 50-250NM,INDUSTRIAL_TOOL,100.0,100.0,100.0,0,,100.0,MATCH,1
CPSE-C,TORQUE WRENCH 50-250NM,TORQUE WRENCH 50-250NM,CM0099,TORQUE WRENCH 50-250NM,INDUSTRIAL_TOOL,100.0,100.0,100.0,0,,100.0,MATCH,2
CPSE-A,TORQUE WRENCH 50-250NM,TORQUE WRENCH 50-250NM,CM0099,TORQUE WRENCH 50-250NM,INDUSTRIAL_TOOL,100.0,100.0,100.0,0,,100.0,MATCH,3
CPSE-C,TR BRG 30205,TR BEARING 30205,CM0017,TAPERED ROLLER BEARING 30205,BEARING,89.66,100.0,100.0,0,,95.34,MATCH,1
CPSE-C,TR BRG 30206,TR BEARING 30206,CM0018,TAPERED ROLLER BEARING 30206,BEARING,89.66,100.0,100.0,0,,95.34,MATCH,1
CPSE-C,TR BRG 30305,TR BEARING 30305,CM0019,TAPERED ROLLER BEARING 30305,BEARING,89.66,100.0,100.0,0,,95.34,MATCH,1
CPSE-B,WELDING MACHINE 200A,WELDING MACHINE 200A,CM0098,WELDING MACHINE 200A,INDUSTRIAL_TOOL,100.0,100.0,100.0,0,,100.0,MATCH,1
CPSE-C,WELDING MACHINE 200A,WELDING MACHINE 200A,CM0098,WELDING MACHINE 200A,INDUSTRIAL_TOOL,100.0,100.0,100.0,0,,100.0,MATCH,2
CPSE-A,WELDING MACHINE 200A,WELDING MACHINE 200A,CM0098,WELDING MACHINE 200A,INDUSTRIAL_TOOL,100.0,100.0,100.0,0,,100.0,MATCH,3
